OrderID,OrderDate,Category,SubCategory,Region,Segment,Quantity,Sales,Profit
ORD-2888,2024-01-01,Office Supplies,Pens,East,Consumer,1,37.33,7.25
ORD-5039,2024-01-01,Office Supplies,Pens,East,Consumer,5,166.13,42.93
ORD-6136,2024-01-01,Office Supplies,Paper,East,Home Office,2,73.62,12.23
ORD-4765,2024-01-01,Office Supplies,Paper,Central,Consumer,7,230.74,34.06
ORD-3062,2024-01-01,Furniture,Tables,West,Home Office,1,293.82,30.13
ORD-2511,2024-01-01,Office Supplies,Storage,East,Consumer,4,172.77,36.43
ORD-2419,2024-01-01,Office Supplies,Binders,West,Corporate,7,250.6,51.45
ORD-2927,2024-01-01,Technology,Laptops,Central,Consumer,3,1455.32,236.05
ORD-3982,2024-01-01,Furniture,Chairs,East,Consumer,4,1146.19,146.11
ORD-1187,2024-01-01,Furniture,Desks,South,Consumer,6,1602.39,137.02
ORD-1748,2024-01-01,Technology,Laptops,Central,Home Office,5,2396.98,512.3
ORD-6842,2024-01-02,Furniture,Tables,West,Consumer,1,293.3,41.08
ORD-4871,2024-01-02,Technology,Monitors,West,Corporate,2,783.39,162.78
ORD-4867,2024-01-02,Technology,Laptops,Central,Consumer,5,2044.98,264.1
ORD-5591,2024-01-02,Technology,Accessories,West,Home Office,7,3251.76,553.96
ORD-1348,2024-01-02,Office Supplies,Pens,Central,Consumer,7,321.62,75.41
ORD-6167,2024-01-02,Furniture,Tables,South,Home Office,5,1733.54,188.91
ORD-6652,2024-01-02,Office Supplies,Paper,East,Corporate,2,90.88,18.42
ORD-6165,2024-01-02,Office Supplies,Storage,Central,Consumer,2,87.8,14.36
ORD-2007,2024-01-03,Technology,Monitors,West,Corporate,1,503.73,71.36
ORD-6129,2024-01-03,Office Supplies,Pens,Central,Corporate,2,70.55,16.1
ORD-6121,2024-01-03,Office Supplies,Storage,Central,Consumer,3,124.52,32.81
ORD-3585,2024-01-03,Office Supplies,Pens,Central,Consumer,3,132.56,37.41
ORD-6234,2024-01-03,Technology,Monitors,East,Corporate,4,1531.14,198.02
ORD-4443,2024-01-03,Technology,Monitors,West,Consumer,3,1616.89,290.22
ORD-3361,2024-01-03,Technology,Printers,Central,Home Office,6,3224.67,536.87
ORD-6292,2024-01-03,Office Supplies,Storage,West,Corporate,3,100.32,27.67
ORD-4775,2024-01-04,Technology,Accessories,Central,Home Office,2,877.67,157.52
ORD-1173,2024-01-04,Office Supplies,Paper,West,Home Office,7,224.13,55.7
ORD-3710,2024-01-04,Furniture,Tables,Central,Consumer,2,562.1,84.42
ORD-6395,2024-01-04,Office Supplies,Pens,South,Home Office,5,184.56,33.33
ORD-6683,2024-01-04,Technology,Accessories,South,Corporate,1,463.46,106.45
ORD-3849,2024-01-04,Furniture,Tables,South,Corporate,3,997.65,147.21
ORD-2119,2024-01-04,Technology,Laptops,West,Corporate,4,1764.51,358.12
ORD-6532,2024-01-04,Office Supplies,Paper,South,Corporate,1,45.48,8.29
ORD-5836,2024-01-05,Furniture,Tables,East,Home Office,4,1155.14,101.77
ORD-5700,2024-01-05,Office Supplies,Paper,East,Corporate,5,217.26,32.42
ORD-3459,2024-01-05,Office Supplies,Binders,East,Corporate,3,126.57,34.79
ORD-6476,2024-01-05,Technology,Printers,Central,Home Office,5,2075.72,346.07
ORD-6403,2024-01-06,Office Supplies,Storage,Central,Home Office,6,216.19,49.38
ORD-1817,2024-01-06,Furniture,Chairs,West,Home Office,6,1724.7,223.73
ORD-6323,2024-01-06,Technology,Accessories,Central,Consumer,7,3245.3,713.6
ORD-5574,2024-01-06,Technology,Printers,Central,Home Office,5,1992.17,273.02
ORD-3084,2024-01-06,Office Supplies,Pens,South,Consumer,1,42.75,6.4
ORD-6080,2024-01-06,Furniture,Chairs,South,Consumer,3,962.2,82.7
ORD-1869,2024-01-06,Office Supplies,Paper,South,Home Office,6,257.17,37.27
ORD-5562,2024-01-06,Technology,Accessories,East,Home Office,2,1073.39,137.02
ORD-1475,2024-01-06,Office Supplies,Pens,South,Corporate,7,252.55,36.32
ORD-1019,2024-01-06,Furniture,Chairs,West,Consumer,1,254.38,25.53
ORD-3615,2024-01-06,Office Supplies,Binders,West,Corporate,1,37.75,10.6
ORD-3289,2024-01-07,Technology,Printers,Central,Consumer,3,1164.96,216.14
ORD-5000,2024-01-07,Technology,Accessories,West,Home Office,3,1274.26,288.06
ORD-3143,2024-01-07,Technology,Monitors,South,Home Office,5,2434.41,325.77
ORD-4157,2024-01-07,Technology,Accessories,South,Corporate,2,806.05,148.27
ORD-1527,2024-01-07,Technology,Printers,West,Consumer,6,2182.16,462.95
ORD-3800,2024-01-07,Furniture,Chairs,South,Home Office,3,989.92,127.02
ORD-1207,2024-01-07,Furniture,Tables,South,Consumer,7,2061.18,189.27
ORD-1879,2024-01-07,Technology,Monitors,Central,Corporate,3,1359.73,148.13
ORD-1981,2024-01-07,Technology,Printers,Central,Corporate,3,1559.67,258.83
ORD-5495,2024-01-07,Office Supplies,Storage,West,Consumer,1,47.77,8.49
ORD-1272,2024-01-08,Technology,Accessories,West,Consumer,1,532.77,89.64
ORD-4945,2024-01-08,Office Supplies,Binders,East,Corporate,4,187.75,39.06
ORD-3569,2024-01-08,Furniture,Chairs,East,Corporate,6,2052.09,208.77
ORD-4367,2024-01-08,Technology,Printers,East,Corporate,4,2056.67,272.24
ORD-4701,2024-01-08,Furniture,Bookcases,East,Corporate,3,753.52,73.43
ORD-2522,2024-01-08,Office Supplies,Storage,Central,Corporate,3,99.5,20.69
ORD-4330,2024-01-08,Office Supplies,Storage,East,Corporate,3,135.85,25.24
ORD-5724,2024-01-09,Office Supplies,Storage,South,Corporate,2,67.25,19.21
ORD-4196,2024-01-09,Furniture,Chairs,West,Home Office,5,1764.62,153.86
ORD-5402,2024-01-09,Furniture,Desks,Central,Corporate,5,1626.21,188.79
ORD-3214,2024-01-09,Furniture,Desks,West,Consumer,1,300.72,35.39
ORD-4736,2024-01-09,Office Supplies,Pens,Central,Corporate,7,332.54,-39.84
ORD-5544,2024-01-09,Office Supplies,Pens,East,Corporate,1,39.8,9.11
ORD-5246,2024-01-09,Furniture,Desks,West,Consumer,6,1576.66,196.95
ORD-5600,2024-01-09,Office Supplies,Pens,South,Corporate,6,249.54,56.09
ORD-5502,2024-01-10,Office Supplies,Binders,East,Home Office,2,76.56,21.02
ORD-6171,2024-01-10,Technology,Monitors,East,Home Office,2,792.94,174.32
ORD-1654,2024-01-10,Technology,Monitors,South,Consumer,7,3273.49,512.38
ORD-2064,2024-01-10,Technology,Monitors,Central,Consumer,2,1010.02,116.5
ORD-4893,2024-01-10,Office Supplies,Pens,West,Corporate,1,32.62,5.93
ORD-5100,2024-01-10,Technology,Accessories,West,Home Office,2,866.13,194.04
ORD-4218,2024-01-10,Furniture,Bookcases,West,Consumer,2,506.31,77.09
ORD-3676,2024-01-10,Furniture,Chairs,East,Home Office,1,282.05,43.87
ORD-2839,2024-01-10,Office Supplies,Binders,Central,Home Office,4,173.97,39.61
ORD-3610,2024-01-11,Office Supplies,Pens,West,Consumer,7,252.75,59.02
ORD-5546,2024-01-11,Furniture,Chairs,Central,Corporate,7,1861.31,185.21
ORD-4358,2024-01-11,Technology,Laptops,East,Corporate,1,450.25,63.93
ORD-1497,2024-01-11,Technology,Accessories,East,Home Office,7,3354.73,508.97
ORD-6952,2024-01-11,Technology,Printers,South,Corporate,5,2378.51,335.14
ORD-6777,2024-01-11,Furniture,Desks,West,Home Office,2,690.76,80.23
ORD-5643,2024-01-11,Technology,Printers,Central,Consumer,6,2530.15,315.31
ORD-4366,2024-01-11,Office Supplies,Pens,Central,Consumer,6,255.43,70.64
ORD-2479,2024-01-11,Office Supplies,Pens,East,Corporate,3,133.79,34.62
ORD-4143,2024-01-11,Technology,Accessories,South,Home Office,1,420.45,47.79
ORD-4506,2024-01-11,Office Supplies,Paper,Central,Corporate,5,182.4,28.82
ORD-2764,2024-01-12,Furniture,Desks,South,Home Office,1,272.25,34.51
ORD-2382,2024-01-12,Office Supplies,Storage,East,Corporate,6,200.96,56.23
ORD-1534,2024-01-12,Furniture,Chairs,South,Consumer,7,2150.05,278.89
ORD-3594,2024-01-12,Technology,Monitors,Central,Home Office,2,1063.23,125.41
ORD-5493,2024-01-12,Office Supplies,Paper,Central,Corporate,1,43.29,8.67
ORD-1404,2024-01-13,Office Supplies,Binders,East,Corporate,5,181.25,-19.69
ORD-6928,2024-01-13,Office Supplies,Paper,West,Consumer,3,107.0,23.21
ORD-6360,2024-01-13,Furniture,Chairs,West,Home Office,2,594.63,54.43
ORD-5321,2024-01-13,Furniture,Bookcases,Central,Home Office,7,2134.92,200.58
ORD-5894,2024-01-13,Furniture,Bookcases,West,Home Office,1,247.44,24.16
ORD-4100,2024-01-13,Technology,Accessories,West,Corporate,5,2127.78,364.03
ORD-5042,2024-01-13,Office Supplies,Pens,South,Consumer,4,156.91,28.01
ORD-3464,2024-01-13,Furniture,Chairs,Central,Corporate,6,1569.24,113.44
ORD-1310,2024-01-14,Technology,Printers,West,Corporate,3,1591.18,284.16
ORD-6980,2024-01-14,Furniture,Chairs,South,Home Office,5,1720.29,263.47
ORD-3960,2024-01-14,Office Supplies,Storage,South,Consumer,1,41.86,6.14
ORD-5901,2024-01-14,Technology,Accessories,South,Corporate,1,442.42,80.41
ORD-4524,2024-01-14,Office Supplies,Paper,East,Consumer,3,137.05,29.03
ORD-5931,2024-01-14,Furniture,Chairs,West,Corporate,5,1273.44,106.91
ORD-2714,2024-01-14,Office Supplies,Paper,South,Consumer,4,166.28,47.07
ORD-1191,2024-01-14,Furniture,Tables,South,Consumer,2,666.19,100.64
ORD-2277,2024-01-14,Office Supplies,Storage,South,Consumer,1,39.5,6.34
ORD-4214,2024-01-14,Office Supplies,Storage,Central,Corporate,2,92.4,26.4
ORD-2647,2024-01-15,Office Supplies,Binders,East,Home Office,7,259.84,61.52
ORD-5513,2024-01-15,Furniture,Bookcases,Central,Consumer,3,885.35,135.47
ORD-4339,2024-01-15,Furniture,Desks,West,Consumer,6,1744.28,191.7
ORD-6807,2024-01-15,Technology,Accessories,South,Corporate,6,2551.7,282.25
ORD-6229,2024-01-15,Technology,Monitors,South,Corporate,2,946.98,140.04
ORD-5883,2024-01-15,Technology,Accessories,West,Home Office,7,2559.32,462.85
ORD-4742,2024-01-15,Technology,Monitors,South,Corporate,1,498.44,116.39
ORD-1838,2024-01-16,Technology,Printers,West,Home Office,1,452.56,79.62
ORD-5409,2024-01-16,Furniture,Chairs,West,Corporate,7,1775.23,275.53
ORD-1199,2024-01-16,Office Supplies,Paper,South,Consumer,3,127.22,30.12
ORD-1633,2024-01-16,Technology,Laptops,East,Consumer,5,2431.9,364.18
ORD-1271,2024-01-16,Technology,Accessories,East,Home Office,1,535.68,102.9
ORD-5547,2024-01-16,Furniture,Chairs,East,Corporate,5,1526.09,237.96
ORD-3477,2024-01-16,Office Supplies,Pens,Central,Corporate,1,42.8,7.27
ORD-4619,2024-01-16,Technology,Monitors,West,Corporate,5,2380.47,552.27
ORD-3047,2024-01-16,Office Supplies,Paper,South,Home Office,3,107.38,21.15
ORD-6690,2024-01-16,Office Supplies,Binders,Central,Corporate,6,194.14,48.85
ORD-4848,2024-01-16,Technology,Monitors,East,Home Office,7,2628.95,384.63
ORD-2476,2024-01-17,Furniture,Desks,South,Home Office,5,1650.76,212.94
ORD-5765,2024-01-17,Office Supplies,Binders,West,Corporate,7,332.68,91.61
ORD-5475,2024-01-17,Office Supplies,Paper,Central,Consumer,1,38.38,6.41
ORD-3101,2024-01-17,Office Supplies,Binders,Central,Consumer,3,129.74,19.46
ORD-5102,2024-01-17,Office Supplies,Binders,East,Home Office,6,206.15,41.96
ORD-5049,2024-01-17,Furniture,Bookcases,South,Consumer,1,324.61,43.43
ORD-3163,2024-01-17,Technology,Laptops,Central,Consumer,4,2119.93,275.19
ORD-4876,2024-01-17,Office Supplies,Storage,East,Consumer,6,239.53,34.27
ORD-4761,2024-01-17,Technology,Accessories,South,Consumer,6,2471.32,371.05
ORD-6150,2024-01-18,Office Supplies,Storage,West,Corporate,2,68.2,10.37
ORD-4787,2024-01-18,Technology,Printers,West,Home Office,3,1347.13,225.7
ORD-2149,2024-01-18,Furniture,Tables,East,Corporate,7,1900.66,163.15
ORD-5106,2024-01-18,Technology,Laptops,West,Home Office,6,2684.57,401.04
ORD-2599,2024-01-18,Furniture,Chairs,South,Corporate,6,1480.02,167.32
ORD-2754,2024-01-18,Furniture,Desks,South,Consumer,4,1097.37,102.25
ORD-5162,2024-01-18,Technology,Accessories,East,Home Office,5,2065.37,392.87
ORD-3086,2024-01-19,Office Supplies,Paper,West,Consumer,3,103.03,22.86
ORD-4823,2024-01-19,Furniture,Chairs,East,Consumer,6,1641.32,148.17
ORD-1691,2024-01-19,Office Supplies,Storage,Central,Corporate,3,107.93,27.69
ORD-5874,2024-01-19,Technology,Laptops,South,Consumer,2,798.71,97.63
ORD-4989,2024-01-19,Technology,Laptops,Central,Consumer,3,1374.3,296.65
ORD-1358,2024-01-19,Office Supplies,Storage,Central,Home Office,7,232.03,41.75
ORD-1734,2024-01-19,Office Supplies,Paper,Central,Corporate,1,41.76,8.0
ORD-4666,2024-01-19,Technology,Accessories,East,Consumer,6,2318.26,513.75
ORD-1541,2024-01-19,Technology,Laptops,West,Home Office,7,2851.69,308.22
ORD-6148,2024-01-19,Technology,Monitors,West,Corporate,1,524.4,59.45
ORD-2811,2024-01-20,Furniture,Desks,Central,Corporate,7,2484.47,185.18
ORD-6627,2024-01-20,Technology,Monitors,West,Home Office,4,1883.21,284.58
ORD-6502,2024-01-20,Office Supplies,Storage,East,Corporate,3,125.02,35.49
ORD-6745,2024-01-20,Office Supplies,Paper,Central,Consumer,5,184.76,44.97
ORD-6094,2024-01-20,Technology,Printers,East,Consumer,7,3235.16,470.77
ORD-1330,2024-01-20,Office Supplies,Binders,South,Consumer,3,142.69,34.2
ORD-3279,2024-01-21,Technology,Monitors,West,Home Office,2,975.84,226.09
ORD-4191,2024-01-21,Furniture,Desks,South,Consumer,4,1408.05,143.02
ORD-3875,2024-01-22,Office Supplies,Storage,South,Home Office,7,266.98,50.87
ORD-2360,2024-01-22,Furniture,Desks,South,Corporate,2,702.61,68.75
ORD-2823,2024-01-22,Technology,Monitors,Central,Home Office,4,1648.28,354.48
ORD-2251,2024-01-22,Office Supplies,Binders,South,Home Office,3,137.61,36.34
ORD-5756,2024-01-22,Furniture,Chairs,South,Home Office,3,819.99,100.62
ORD-5401,2024-01-22,Office Supplies,Paper,East,Consumer,5,223.03,44.18
ORD-5708,2024-01-22,Technology,Laptops,East,Home Office,2,957.42,211.2
ORD-4103,2024-01-22,Office Supplies,Pens,Central,Home Office,4,188.4,44.73
ORD-3509,2024-01-23,Office Supplies,Binders,West,Home Office,6,263.88,59.96
ORD-6549,2024-01-23,Technology,Printers,East,Home Office,1,429.77,75.49
ORD-6451,2024-01-23,Office Supplies,Paper,South,Home Office,5,163.35,43.38
ORD-2315,2024-01-23,Office Supplies,Storage,Central,Consumer,3,140.72,34.78
ORD-1145,2024-01-23,Technology,Printers,South,Home Office,1,449.35,82.32
ORD-3310,2024-01-23,Technology,Monitors,West,Consumer,7,3017.75,540.45
ORD-4155,2024-01-23,Office Supplies,Storage,West,Corporate,4,137.05,29.98
ORD-6680,2024-01-23,Furniture,Tables,East,Home Office,5,1310.35,145.51
ORD-4921,2024-01-23,Office Supplies,Binders,West,Consumer,3,97.02,-22.16
ORD-5265,2024-01-24,Furniture,Bookcases,West,Home Office,6,1751.57,179.32
ORD-1808,2024-01-24,Technology,Printers,West,Home Office,3,1262.51,248.58
ORD-6412,2024-01-24,Office Supplies,Binders,East,Home Office,6,279.65,-68.67
ORD-2379,2024-01-24,Technology,Laptops,South,Home Office,5,2008.67,418.89
ORD-2256,2024-01-24,Furniture,Tables,East,Corporate,3,1020.29,115.43
ORD-3317,2024-01-24,Furniture,Chairs,East,Consumer,5,1374.78,192.36
ORD-3777,2024-01-24,Technology,Accessories,East,Home Office,6,2971.67,350.7
ORD-6157,2024-01-24,Technology,Monitors,East,Home Office,3,1110.14,217.98
ORD-4773,2024-01-24,Office Supplies,Paper,East,Home Office,6,247.92,33.1
ORD-2185,2024-01-24,Office Supplies,Pens,East,Corporate,7,284.88,54.58
ORD-3014,2024-01-24,Office Supplies,Storage,East,Corporate,2,90.0,23.7
ORD-1385,2024-01-25,Technology,Printers,East,Consumer,6,2362.87,469.49
ORD-4911,2024-01-25,Furniture,Desks,East,Corporate,4,1168.03,180.33
ORD-1316,2024-01-25,Furniture,Tables,South,Home Office,5,1464.19,181.1
ORD-5668,2024-01-25,Office Supplies,Storage,Central,Corporate,6,261.75,46.64
ORD-3240,2024-01-25,Office Supplies,Paper,East,Consumer,7,271.02,54.03
ORD-6983,2024-01-25,Office Supplies,Pens,East,Corporate,7,262.83,56.17
ORD-1918,2024-01-26,Technology,Laptops,West,Consumer,4,1766.57,199.26
ORD-5725,2024-01-26,Office Supplies,Paper,South,Home Office,3,137.96,19.75
ORD-2998,2024-01-26,Furniture,Bookcases,South,Corporate,1,274.54,25.5
ORD-5399,2024-01-26,Technology,Laptops,Central,Home Office,7,2554.96,506.44
ORD-4875,2024-01-26,Office Supplies,Binders,West,Consumer,4,151.83,25.99
ORD-3013,2024-01-26,Office Supplies,Storage,Central,Corporate,3,118.98,31.7
ORD-2305,2024-01-26,Technology,Printers,West,Home Office,4,1546.85,244.8
ORD-3574,2024-01-27,Office Supplies,Storage,East,Home Office,4,150.56,-30.2
ORD-3453,2024-01-27,Technology,Accessories,West,Corporate,7,3544.44,760.09
ORD-1093,2024-01-27,Technology,Printers,Central,Home Office,7,3164.71,553.97
ORD-2200,2024-01-27,Office Supplies,Paper,East,Consumer,5,161.47,41.32
ORD-4134,2024-01-27,Office Supplies,Pens,East,Corporate,7,300.97,54.66
ORD-4695,2024-01-27,Office Supplies,Pens,South,Home Office,5,223.18,54.67
ORD-2750,2024-01-28,Office Supplies,Pens,Central,Consumer,7,231.84,52.09
ORD-1951,2024-01-28,Office Supplies,Binders,South,Home Office,5,179.45,28.34
ORD-6024,2024-01-28,Technology,Printers,West,Home Office,2,844.92,135.51
ORD-6011,2024-01-28,Technology,Laptops,East,Corporate,3,1248.93,149.75
ORD-3169,2024-01-28,Furniture,Chairs,West,Corporate,4,1214.19,90.38
ORD-6350,2024-01-28,Office Supplies,Paper,Central,Home Office,5,235.04,65.1
ORD-5822,2024-01-28,Furniture,Desks,South,Home Office,4,1054.09,116.64
ORD-5713,2024-01-28,Office Supplies,Storage,East,Corporate,7,270.21,53.53
ORD-6624,2024-01-28,Technology,Laptops,East,Consumer,7,2986.51,576.77
ORD-5231,2024-01-29,Technology,Laptops,West,Home Office,2,729.94,167.4
ORD-2524,2024-01-29,Technology,Monitors,South,Corporate,7,3217.32,360.38
ORD-4212,2024-01-29,Furniture,Desks,West,Corporate,5,1648.91,202.12
ORD-3223,2024-01-29,Furniture,Desks,East,Home Office,7,2106.35,249.37
ORD-5368,2024-01-29,Technology,Monitors,West,Consumer,2,1035.31,215.98
ORD-6760,2024-01-29,Technology,Monitors,West,Corporate,6,2721.39,355.05
ORD-1592,2024-01-29,Furniture,Desks,Central,Consumer,3,929.97,67.84
ORD-1970,2024-01-30,Technology,Accessories,South,Corporate,1,530.68,89.86
ORD-4837,2024-01-30,Office Supplies,Storage,South,Consumer,1,46.17,8.91
ORD-3170,2024-01-30,Office Supplies,Storage,West,Home Office,7,313.58,52.25
ORD-1341,2024-01-30,Office Supplies,Pens,South,Home Office,4,158.06,32.38
ORD-6697,2024-01-30,Office Supplies,Paper,East,Consumer,5,203.66,54.36
ORD-6619,2024-01-30,Office Supplies,Paper,Central,Home Office,6,264.87,46.49
ORD-1776,2024-01-30,Technology,Accessories,East,Consumer,1,537.24,72.18
ORD-1646,2024-01-30,Furniture,Chairs,West,Home Office,6,2113.87,271.57
ORD-6392,2024-01-30,Office Supplies,Storage,West,Home Office,3,101.14,22.37
ORD-1268,2024-01-31,Technology,Printers,East,Consumer,3,1118.48,122.5
ORD-4024,2024-01-31,Office Supplies,Binders,East,Home Office,1,45.83,-9.46
ORD-5163,2024-01-31,Technology,Monitors,South,Consumer,2,788.66,146.58
ORD-3498,2024-02-01,Furniture,Bookcases,South,Consumer,4,1273.5,138.41
ORD-6773,2024-02-01,Office Supplies,Paper,Central,Consumer,4,168.68,26.87
ORD-6522,2024-02-01,Office Supplies,Pens,East,Consumer,6,260.83,55.04
ORD-5745,2024-02-01,Technology,Monitors,Central,Consumer,7,2699.07,456.15
ORD-6059,2024-02-01,Office Supplies,Pens,West,Home Office,5,183.62,36.16
ORD-3238,2024-02-01,Office Supplies,Pens,West,Home Office,7,271.03,53.12
ORD-5805,2024-02-01,Furniture,Tables,Central,Consumer,7,1916.93,156.06
ORD-2654,2024-02-01,Office Supplies,Paper,West,Consumer,3,125.5,25.85
ORD-2978,2024-02-01,Technology,Laptops,Central,Consumer,6,2184.13,283.09
ORD-1493,2024-02-01,Furniture,Bookcases,West,Corporate,3,974.39,100.81
ORD-3389,2024-02-02,Technology,Printers,West,Corporate,6,2655.07,341.35
ORD-3411,2024-02-02,Technology,Monitors,Central,Consumer,6,2384.52,421.21
ORD-1424,2024-02-02,Office Supplies,Paper,Central,Consumer,6,280.17,61.88
ORD-4534,2024-02-02,Furniture,Chairs,Central,Consumer,4,1323.83,139.89
ORD-2420,2024-02-02,Office Supplies,Binders,West,Consumer,6,222.59,50.85
ORD-6009,2024-02-02,Office Supplies,Storage,West,Home Office,2,64.27,17.28
ORD-4870,2024-02-03,Office Supplies,Binders,South,Home Office,4,135.22,23.04
ORD-4093,2024-02-03,Furniture,Desks,Central,Home Office,4,1235.98,159.65
ORD-2801,2024-02-03,Technology,Printers,Central,Consumer,4,2086.64,433.87
ORD-5326,2024-02-03,Office Supplies,Storage,South,Home Office,2,67.5,17.62
ORD-3019,2024-02-03,Technology,Printers,Central,Home Office,4,1703.09,284.88
ORD-1564,2024-02-03,Technology,Printers,South,Home Office,2,758.11,165.27
ORD-3519,2024-02-04,Office Supplies,Binders,East,Consumer,4,144.34,38.15
ORD-5663,2024-02-04,Office Supplies,Pens,West,Corporate,4,168.99,-17.49
ORD-5154,2024-02-04,Technology,Printers,Central,Home Office,4,1708.52,265.22
ORD-1935,2024-02-04,Technology,Monitors,South,Corporate,2,847.78,145.31
ORD-1163,2024-02-04,Furniture,Chairs,East,Corporate,3,1017.43,141.69
ORD-2705,2024-02-04,Office Supplies,Binders,Central,Home Office,3,101.5,13.83
ORD-6370,2024-02-05,Technology,Accessories,South,Consumer,2,947.67,170.7
ORD-5712,2024-02-05,Technology,Printers,Central,Corporate,2,896.83,168.38
ORD-2240,2024-02-05,Technology,Monitors,West,Corporate,5,2207.94,428.84
ORD-3212,2024-02-05,Office Supplies,Storage,West,Home Office,3,103.57,27.14
ORD-4628,2024-02-05,Office Supplies,Binders,East,Home Office,6,248.99,50.2
ORD-3313,2024-02-05,Technology,Monitors,East,Home Office,6,2445.87,487.82
ORD-2800,2024-02-05,Office Supplies,Binders,Central,Corporate,5,167.04,31.31
ORD-6736,2024-02-05,Technology,Laptops,Central,Home Office,2,866.52,147.53
ORD-1343,2024-02-06,Office Supplies,Storage,South,Consumer,2,78.81,13.05
ORD-5508,2024-02-06,Technology,Laptops,West,Corporate,6,2393.87,386.55
ORD-5928,2024-02-06,Furniture,Tables,East,Home Office,4,1106.45,121.36
ORD-5590,2024-02-06,Furniture,Bookcases,East,Home Office,3,1060.74,89.15
ORD-2611,2024-02-06,Technology,Monitors,South,Corporate,5,2549.5,380.17
ORD-3792,2024-02-06,Office Supplies,Paper,West,Home Office,6,239.06,68.16
ORD-4771,2024-02-06,Office Supplies,Pens,East,Corporate,3,140.26,29.25
ORD-1297,2024-02-06,Office Supplies,Pens,East,Consumer,4,176.99,40.0
ORD-4758,2024-02-07,Technology,Accessories,East,Corporate,2,735.7,163.34
ORD-1442,2024-02-07,Technology,Monitors,West,Consumer,3,1144.19,233.82
ORD-1435,2024-02-07,Technology,Accessories,West,Home Office,7,3327.2,533.71
ORD-4574,2024-02-07,Office Supplies,Binders,South,Corporate,3,123.62,18.29
ORD-3078,2024-02-07,Office Supplies,Paper,South,Consumer,2,68.01,11.07
ORD-1814,2024-02-07,Technology,Accessories,East,Consumer,7,2917.7,495.63
ORD-6784,2024-02-07,Technology,Printers,West,Consumer,5,2360.95,404.99
ORD-5687,2024-02-07,Technology,Printers,South,Corporate,7,2813.78,533.15
ORD-4265,2024-02-07,Office Supplies,Storage,East,Consumer,5,217.99,29.88
ORD-3368,2024-02-07,Furniture,Chairs,Central,Home Office,6,1596.41,216.73
ORD-4080,2024-02-07,Furniture,Desks,East,Home Office,3,822.82,113.9
ORD-5740,2024-02-07,Furniture,Tables,East,Corporate,4,1368.76,164.75
ORD-4731,2024-02-08,Office Supplies,Paper,Central,Consumer,3,121.98,30.61
ORD-5576,2024-02-08,Technology,Laptops,Central,Consumer,7,3203.57,623.15
ORD-2415,2024-02-08,Technology,Printers,East,Consumer,5,2338.36,330.45
ORD-2229,2024-02-08,Office Supplies,Pens,East,Home Office,1,45.06,9.32
ORD-4670,2024-02-08,Technology,Laptops,South,Corporate,2,937.95,130.14
ORD-6622,2024-02-08,Office Supplies,Binders,South,Home Office,7,275.74,37.1
ORD-1985,2024-02-08,Office Supplies,Paper,West,Consumer,1,37.18,8.21
ORD-5354,2024-02-09,Office Supplies,Pens,South,Consumer,1,32.4,8.15
ORD-2923,2024-02-09,Office Supplies,Paper,East,Corporate,2,85.36,16.04
ORD-2024,2024-02-09,Office Supplies,Storage,East,Corporate,5,164.38,45.39
ORD-1708,2024-02-09,Technology,Laptops,West,Consumer,2,720.08,160.79
ORD-6504,2024-02-10,Furniture,Chairs,West,Home Office,1,343.23,26.09
ORD-3974,2024-02-10,Office Supplies,Pens,South,Corporate,7,316.66,83.26
ORD-3770,2024-02-10,Technology,Printers,East,Home Office,4,1499.3,323.82
ORD-5316,2024-02-10,Technology,Monitors,South,Home Office,7,3570.57,735.26
ORD-2595,2024-02-11,Furniture,Desks,West,Consumer,6,1681.59,167.01
ORD-5583,2024-02-11,Office Supplies,Pens,South,Corporate,6,223.33,46.07
ORD-5177,2024-02-11,Furniture,Desks,South,Consumer,2,592.19,45.54
ORD-2950,2024-02-11,Technology,Laptops,West,Consumer,7,3524.32,683.33
ORD-6493,2024-02-12,Furniture,Bookcases,Central,Home Office,2,598.31,75.85
ORD-2648,2024-02-12,Office Supplies,Pens,Central,Home Office,7,243.21,40.47
ORD-4178,2024-02-12,Furniture,Bookcases,East,Corporate,6,1637.26,141.99
ORD-3291,2024-02-12,Furniture,Tables,South,Corporate,7,1841.68,173.48
ORD-1290,2024-02-12,Technology,Monitors,West,Corporate,5,2509.75,434.63
ORD-1047,2024-02-12,Office Supplies,Pens,West,Corporate,6,260.6,45.63
ORD-1806,2024-02-12,Office Supplies,Paper,East,Home Office,6,220.36,51.76
ORD-5242,2024-02-12,Furniture,Bookcases,South,Consumer,2,494.88,52.21
ORD-1063,2024-02-12,Furniture,Chairs,Central,Home Office,5,1410.55,115.43
ORD-3605,2024-02-13,Technology,Accessories,West,Home Office,6,2465.0,447.62
ORD-6800,2024-02-13,Furniture,Tables,East,Consumer,7,2282.93,256.09
ORD-1988,2024-02-13,Furniture,Tables,South,Home Office,1,319.45,47.49
ORD-6109,2024-02-13,Technology,Printers,East,Home Office,6,2716.82,339.32
ORD-5408,2024-02-13,Furniture,Tables,East,Corporate,4,1137.55,132.8
ORD-4656,2024-02-13,Office Supplies,Binders,West,Consumer,5,222.06,50.23
ORD-4572,2024-02-13,Technology,Monitors,Central,Corporate,6,2414.39,333.52
ORD-5434,2024-02-13,Technology,Accessories,Central,Home Office,5,1847.75,213.53
ORD-4872,2024-02-13,Office Supplies,Binders,East,Home Office,6,210.28,47.29
ORD-5157,2024-02-13,Furniture,Chairs,West,Home Office,3,823.44,108.04
ORD-2026,2024-02-13,Furniture,Tables,South,Consumer,5,1373.95,197.36
ORD-1611,2024-02-13,Technology,Monitors,East,Corporate,3,1141.26,266.61
ORD-2049,2024-02-14,Furniture,Desks,South,Home Office,5,1649.2,233.44
ORD-1412,2024-02-14,Office Supplies,Binders,East,Corporate,5,199.78,27.74
ORD-6345,2024-02-14,Technology,Laptops,South,Consumer,3,1518.98,284.16
ORD-3868,2024-02-14,Technology,Printers,Central,Consumer,6,3207.23,611.5
ORD-4588,2024-02-14,Office Supplies,Paper,South,Home Office,3,117.86,16.79
ORD-6879,2024-02-15,Furniture,Bookcases,Central,Consumer,3,933.17,70.58
ORD-3532,2024-02-15,Furniture,Desks,East,Corporate,5,1673.23,216.73
ORD-3991,2024-02-15,Office Supplies,Pens,West,Corporate,7,243.36,51.98
ORD-1744,2024-02-15,Furniture,Tables,East,Home Office,4,1257.22,141.24
ORD-6759,2024-02-15,Office Supplies,Binders,East,Home Office,7,309.41,75.43
ORD-4570,2024-02-16,Office Supplies,Binders,East,Corporate,7,318.13,86.17
ORD-5720,2024-02-16,Furniture,Tables,South,Home Office,1,276.9,40.83
ORD-1336,2024-02-16,Office Supplies,Pens,South,Consumer,5,167.51,39.37
ORD-2784,2024-02-16,Office Supplies,Pens,West,Corporate,1,47.58,12.8
ORD-6543,2024-02-16,Technology,Laptops,East,Corporate,2,810.69,106.54
ORD-4916,2024-02-16,Technology,Printers,South,Corporate,1,524.23,115.24
ORD-5523,2024-02-16,Office Supplies,Storage,West,Home Office,4,147.82,36.71
ORD-5736,2024-02-16,Office Supplies,Paper,West,Home Office,2,68.9,12.62
ORD-4273,2024-02-16,Furniture,Bookcases,Central,Corporate,1,303.15,30.87
ORD-6290,2024-02-17,Furniture,Bookcases,East,Home Office,7,2426.76,200.31
ORD-4692,2024-02-17,Furniture,Desks,South,Home Office,4,1340.28,168.77
ORD-5283,2024-02-17,Office Supplies,Storage,South,Consumer,7,309.98,49.58
ORD-4728,2024-02-17,Furniture,Bookcases,West,Home Office,7,2149.54,314.68
ORD-5033,2024-02-17,Technology,Printers,West,Consumer,3,1177.3,260.17
ORD-4523,2024-02-17,Furniture,Tables,West,Consumer,1,297.04,39.79
ORD-2530,2024-02-17,Office Supplies,Binders,Central,Corporate,2,85.74,16.44
ORD-3737,2024-02-17,Office Supplies,Storage,South,Home Office,5,189.44,31.58
ORD-1128,2024-02-17,Office Supplies,Pens,West,Corporate,6,234.31,51.12
ORD-5103,2024-02-17,Furniture,Tables,South,Home Office,5,1712.56,135.87
ORD-3265,2024-02-18,Furniture,Bookcases,South,Home Office,7,2061.21,257.54
ORD-2626,2024-02-18,Office Supplies,Pens,Central,Corporate,7,256.62,64.56
ORD-5618,2024-02-18,Office Supplies,Binders,Central,Consumer,4,129.22,36.52
ORD-1107,2024-02-18,Office Supplies,Binders,South,Consumer,3,134.17,21.09
ORD-3406,2024-02-18,Office Supplies,Paper,West,Consumer,5,179.22,44.22
ORD-2265,2024-02-18,Technology,Printers,East,Home Office,4,1692.2,279.17
ORD-4255,2024-02-18,Technology,Printers,West,Corporate,6,2882.8,644.05
ORD-3296,2024-02-18,Office Supplies,Storage,East,Home Office,7,241.01,53.44
ORD-6795,2024-02-19,Furniture,Tables,East,Consumer,5,1688.02,260.1
ORD-3479,2024-02-19,Furniture,Tables,Central,Home Office,7,2309.44,243.94
ORD-4947,2024-02-19,Technology,Monitors,West,Consumer,6,3164.87,531.03
ORD-1140,2024-02-19,Furniture,Desks,West,Home Office,5,1206.6,100.75
ORD-1240,2024-02-19,Office Supplies,Pens,South,Consumer,6,248.91,41.7
ORD-2581,2024-02-19,Technology,Laptops,West,Consumer,7,3400.09,701.48
ORD-1567,2024-02-19,Furniture,Chairs,South,Home Office,6,2061.7,187.07
ORD-4229,2024-02-19,Office Supplies,Paper,Central,Consumer,2,79.92,13.59
ORD-2818,2024-02-19,Furniture,Bookcases,Central,Consumer,3,1051.37,139.64
ORD-3979,2024-02-19,Office Supplies,Paper,Central,Corporate,1,40.9,10.67
ORD-5357,2024-02-20,Technology,Accessories,East,Corporate,5,2220.84,258.89
ORD-4866,2024-02-20,Office Supplies,Binders,South,Corporate,6,263.51,69.64
ORD-4950,2024-02-20,Technology,Accessories,East,Home Office,2,891.25,141.14
ORD-1379,2024-02-20,Technology,Accessories,East,Consumer,7,3634.37,713.08
ORD-3942,2024-02-20,Office Supplies,Pens,West,Home Office,1,33.9,5.44
ORD-1819,2024-02-20,Furniture,Chairs,Central,Consumer,2,510.15,49.15
ORD-3544,2024-02-20,Furniture,Desks,East,Consumer,5,1420.38,172.18
ORD-2318,2024-02-21,Technology,Laptops,West,Consumer,1,523.37,112.34
ORD-1656,2024-02-21,Furniture,Chairs,Central,Consumer,4,1083.89,88.38
ORD-6901,2024-02-21,Office Supplies,Binders,West,Consumer,5,217.14,48.29
ORD-3831,2024-02-21,Furniture,Chairs,South,Home Office,6,1530.7,139.03
ORD-6330,2024-02-21,Technology,Printers,Central,Home Office,6,2949.99,447.68
ORD-6628,2024-02-21,Technology,Accessories,East,Corporate,4,1866.42,426.59
ORD-3947,2024-02-21,Technology,Laptops,South,Home Office,1,437.58,87.3
ORD-4285,2024-02-21,Office Supplies,Pens,South,Home Office,1,35.56,9.04
ORD-4006,2024-02-21,Technology,Laptops,West,Consumer,4,1979.99,287.57
ORD-3883,2024-02-21,Furniture,Chairs,West,Home Office,7,1788.89,166.17
ORD-6307,2024-02-21,Technology,Printers,South,Corporate,1,473.94,105.69
ORD-6400,2024-02-22,Technology,Monitors,West,Corporate,2,741.92,140.08
ORD-4744,2024-02-22,Office Supplies,Paper,South,Corporate,5,230.34,46.78
ORD-6523,2024-02-22,Technology,Monitors,East,Corporate,1,377.16,50.57
ORD-1192,2024-02-22,Furniture,Chairs,East,Corporate,1,338.94,34.59
ORD-2610,2024-02-22,Technology,Printers,South,Corporate,1,383.94,42.55
ORD-2099,2024-02-22,Technology,Printers,East,Corporate,4,1729.72,219.82
ORD-3394,2024-02-22,Technology,Monitors,West,Corporate,4,1580.99,196.77
ORD-6844,2024-02-22,Office Supplies,Pens,East,Corporate,1,45.13,8.75
ORD-6083,2024-02-22,Furniture,Tables,West,Consumer,5,1537.5,185.58
ORD-1200,2024-02-22,Technology,Laptops,Central,Consumer,6,3197.64,512.92
ORD-4599,2024-02-22,Technology,Printers,Central,Corporate,4,2086.56,391.9
ORD-2438,2024-02-22,Office Supplies,Paper,West,Corporate,3,112.33,30.24
ORD-3408,2024-02-23,Furniture,Desks,West,Corporate,2,481.82,57.87
ORD-4160,2024-02-23,Technology,Accessories,Central,Consumer,5,1867.28,211.8
ORD-1208,2024-02-23,Technology,Monitors,East,Corporate,4,2036.8,330.56
ORD-4748,2024-02-23,Technology,Laptops,East,Corporate,1,534.76,81.82
ORD-5269,2024-02-23,Office Supplies,Binders,West,Home Office,6,267.41,74.63
ORD-5148,2024-02-23,Office Supplies,Binders,South,Corporate,3,106.79,-10.41
ORD-2461,2024-02-23,Office Supplies,Storage,West,Consumer,5,201.49,34.68
ORD-4030,2024-02-24,Technology,Laptops,East,Home Office,7,2925.32,612.54
ORD-6850,2024-02-24,Office Supplies,Pens,South,Corporate,4,150.3,27.45
ORD-6623,2024-02-24,Technology,Laptops,East,Consumer,6,2901.41,330.53
ORD-4567,2024-02-24,Furniture,Bookcases,Central,Home Office,7,1952.54,202.78
ORD-3636,2024-02-24,Furniture,Desks,East,Corporate,2,657.44,77.22
ORD-1526,2024-02-24,Furniture,Tables,Central,Consumer,6,1559.54,127.28
ORD-2035,2024-02-24,Furniture,Desks,West,Home Office,3,1057.2,85.56
ORD-4984,2024-02-25,Furniture,Desks,East,Home Office,1,255.33,35.89
ORD-4317,2024-02-25,Office Supplies,Paper,Central,Corporate,4,186.62,30.67
ORD-3241,2024-02-25,Office Supplies,Pens,South,Consumer,6,236.92,60.12
ORD-3242,2024-02-25,Technology,Monitors,West,Corporate,5,1806.96,291.48
ORD-5589,2024-02-25,Technology,Printers,West,Corporate,4,1760.89,237.19
ORD-6074,2024-02-25,Furniture,Desks,East,Home Office,7,2297.26,224.82
ORD-6853,2024-02-26,Office Supplies,Pens,South,Corporate,1,42.77,9.92
ORD-4598,2024-02-26,Furniture,Desks,South,Consumer,4,1082.48,107.61
ORD-2032,2024-02-26,Furniture,Bookcases,Central,Consumer,1,261.56,31.53
ORD-6127,2024-02-26,Office Supplies,Pens,Central,Home Office,4,164.16,39.57
ORD-1119,2024-02-26,Technology,Laptops,West,Home Office,7,2674.74,368.38
ORD-3473,2024-02-26,Office Supplies,Binders,Central,Consumer,3,121.79,23.7
ORD-6038,2024-02-26,Office Supplies,Binders,West,Corporate,1,44.32,8.79
ORD-3270,2024-02-26,Furniture,Bookcases,East,Corporate,4,1017.2,94.17
ORD-3022,2024-02-26,Office Supplies,Binders,East,Home Office,5,234.68,61.2
ORD-5465,2024-02-26,Office Supplies,Paper,Central,Consumer,2,86.09,13.09
ORD-5338,2024-02-27,Office Supplies,Pens,West,Consumer,1,38.37,9.26
ORD-6818,2024-02-27,Office Supplies,Pens,South,Consumer,1,42.93,11.42
ORD-4492,2024-02-27,Furniture,Desks,West,Consumer,3,853.22,119.05
ORD-2406,2024-02-27,Office Supplies,Storage,Central,Corporate,2,85.98,22.34
ORD-2472,2024-02-27,Office Supplies,Storage,West,Consumer,1,40.22,11.04
ORD-1796,2024-02-27,Technology,Monitors,East,Corporate,7,3042.15,687.26
ORD-2193,2024-02-28,Office Supplies,Storage,Central,Consumer,2,91.63,14.48
ORD-3403,2024-02-28,Office Supplies,Paper,West,Consumer,7,271.71,45.13
ORD-5101,2024-02-28,Office Supplies,Binders,East,Consumer,1,45.83,-2.9
ORD-3860,2024-02-28,Office Supplies,Storage,South,Consumer,5,170.83,42.42
ORD-2467,2024-02-28,Technology,Laptops,East,Consumer,1,360.35,71.87
ORD-6310,2024-02-28,Office Supplies,Storage,South,Home Office,7,324.98,61.94
ORD-1735,2024-02-28,Technology,Accessories,East,Consumer,5,2564.03,405.26
ORD-2902,2024-02-29,Technology,Printers,South,Consumer,4,1969.5,426.03
ORD-4463,2024-02-29,Technology,Laptops,South,Consumer,7,2633.03,579.66
ORD-3658,2024-02-29,Office Supplies,Pens,Central,Corporate,7,319.97,84.7
ORD-4677,2024-02-29,Office Supplies,Paper,West,Consumer,1,46.01,7.31
ORD-1950,2024-02-29,Technology,Laptops,East,Home Office,3,1332.01,152.7
ORD-2787,2024-02-29,Technology,Monitors,East,Corporate,2,1075.29,170.06
ORD-2649,2024-02-29,Office Supplies,Storage,East,Home Office,5,216.19,56.93
ORD-2126,2024-02-29,Office Supplies,Paper,East,Corporate,1,45.01,12.07
ORD-3689,2024-02-29,Technology,Printers,West,Consumer,4,1472.27,336.63
ORD-4054,2024-02-29,Office Supplies,Paper,West,Consumer,4,130.57,31.66
ORD-3480,2024-03-01,Office Supplies,Binders,West,Home Office,4,181.97,49.01
ORD-1317,2024-03-01,Office Supplies,Storage,Central,Corporate,7,332.32,94.23
ORD-4447,2024-03-01,Technology,Printers,South,Home Office,5,2246.59,430.37
ORD-5467,2024-03-02,Office Supplies,Paper,East,Home Office,6,241.52,68.66
ORD-1572,2024-03-02,Furniture,Desks,East,Corporate,3,799.65,83.17
ORD-3775,2024-03-02,Furniture,Desks,Central,Corporate,7,1834.08,235.85
ORD-3388,2024-03-02,Office Supplies,Binders,South,Consumer,4,139.67,29.32
ORD-5014,2024-03-02,Office Supplies,Storage,West,Home Office,6,250.31,61.94
ORD-6778,2024-03-02,Technology,Printers,East,Home Office,1,510.92,111.98
ORD-5627,2024-03-02,Office Supplies,Binders,South,Home Office,1,32.5,8.98
ORD-3420,2024-03-02,Office Supplies,Pens,South,Consumer,3,122.53,24.0
ORD-4737,2024-03-02,Office Supplies,Storage,West,Consumer,6,200.61,28.26
ORD-2326,2024-03-02,Office Supplies,Storage,South,Home Office,6,205.13,39.25
ORD-4808,2024-03-02,Furniture,Tables,East,Home Office,5,1467.8,201.92
ORD-1939,2024-03-03,Furniture,Bookcases,Central,Home Office,2,576.08,68.09
ORD-1983,2024-03-03,Furniture,Bookcases,West,Corporate,2,586.1,58.65
ORD-4098,2024-03-03,Technology,Printers,East,Consumer,7,3736.82,860.6
ORD-1760,2024-03-03,Furniture,Desks,South,Corporate,2,546.42,64.96
ORD-4795,2024-03-03,Furniture,Tables,East,Corporate,7,1917.67,238.49
ORD-2243,2024-03-03,Technology,Monitors,South,Home Office,4,1670.31,305.97
ORD-3996,2024-03-03,Technology,Laptops,West,Consumer,3,1173.99,152.65
ORD-5221,2024-03-04,Office Supplies,Storage,West,Consumer,3,122.45,33.44
ORD-1247,2024-03-04,Office Supplies,Paper,East,Home Office,3,115.06,25.83
ORD-3227,2024-03-04,Office Supplies,Pens,East,Consumer,4,168.29,27.67
ORD-5731,2024-03-04,Office Supplies,Storage,West,Home Office,1,44.23,5.94
ORD-6070,2024-03-04,Furniture,Chairs,East,Home Office,7,2379.17,357.94
ORD-2307,2024-03-04,Technology,Monitors,East,Corporate,1,407.49,44.63
ORD-3847,2024-03-04,Technology,Monitors,South,Home Office,3,1481.06,267.05
ORD-1680,2024-03-05,Technology,Monitors,East,Corporate,4,1450.52,222.52
ORD-6078,2024-03-05,Furniture,Tables,Central,Home Office,6,1471.13,152.13
ORD-3695,2024-03-05,Technology,Laptops,West,Consumer,6,3192.49,393.21
ORD-6047,2024-03-05,Technology,Accessories,East,Home Office,2,897.65,133.95
ORD-2665,2024-03-05,Office Supplies,Binders,Central,Consumer,7,234.2,-27.39
ORD-4200,2024-03-05,Office Supplies,Paper,South,Corporate,4,159.9,36.71
ORD-5769,2024-03-05,Technology,Printers,Central,Home Office,3,1613.64,181.25
ORD-1099,2024-03-05,Office Supplies,Storage,Central,Consumer,7,229.78,-43.52
ORD-5830,2024-03-06,Furniture,Bookcases,South,Home Office,6,2016.36,184.19
ORD-3198,2024-03-06,Office Supplies,Paper,South,Corporate,7,286.24,74.59
ORD-6775,2024-03-06,Furniture,Tables,West,Corporate,3,884.04,94.24
ORD-6436,2024-03-07,Technology,Printers,Central,Home Office,4,2151.55,253.61
ORD-4076,2024-03-07,Technology,Printers,West,Consumer,2,1068.75,203.02
ORD-4807,2024-03-07,Technology,Printers,East,Home Office,2,749.97,170.22
ORD-1846,2024-03-07,Office Supplies,Paper,West,Consumer,6,230.51,44.51
ORD-5839,2024-03-07,Office Supplies,Binders,South,Home Office,7,261.2,37.91
ORD-3043,2024-03-07,Furniture,Tables,East,Consumer,6,1872.78,222.32
ORD-1904,2024-03-07,Technology,Printers,South,Consumer,2,725.73,134.72
ORD-4477,2024-03-07,Technology,Printers,East,Home Office,4,1474.82,280.65
ORD-3162,2024-03-08,Technology,Accessories,East,Home Office,5,2323.77,380.88
ORD-1463,2024-03-08,Office Supplies,Pens,East,Home Office,7,315.53,62.95
ORD-3870,2024-03-08,Office Supplies,Pens,West,Home Office,2,67.45,17.76
ORD-6119,2024-03-08,Furniture,Chairs,South,Home Office,4,1297.91,172.96
ORD-5176,2024-03-08,Office Supplies,Binders,Central,Home Office,3,140.11,34.28
ORD-4105,2024-03-09,Technology,Printers,East,Consumer,6,2288.62,302.87
ORD-1543,2024-03-09,Furniture,Desks,Central,Consumer,7,1924.83,172.14
ORD-4503,2024-03-09,Technology,Accessories,Central,Home Office,4,1921.39,310.64
ORD-2661,2024-03-09,Technology,Monitors,South,Home Office,6,2780.38,543.98
ORD-3136,2024-03-09,Technology,Monitors,East,Corporate,2,922.28,149.97
ORD-2660,2024-03-09,Office Supplies,Storage,Central,Consumer,7,225.76,32.78
ORD-3034,2024-03-09,Furniture,Tables,Central,Corporate,7,2104.76,157.26
ORD-4962,2024-03-09,Office Supplies,Pens,Central,Corporate,4,179.29,35.61
ORD-2450,2024-03-09,Furniture,Desks,East,Home Office,3,911.07,110.74
ORD-3339,2024-03-09,Technology,Monitors,South,Consumer,7,3193.87,584.92
ORD-1033,2024-03-09,Furniture,Bookcases,West,Corporate,6,2140.57,224.8
ORD-1923,2024-03-10,Technology,Monitors,Central,Consumer,3,1174.44,226.38
ORD-2814,2024-03-10,Furniture,Tables,Central,Consumer,2,518.39,49.42
ORD-5012,2024-03-10,Furniture,Tables,East,Corporate,7,2272.21,353.03
ORD-4511,2024-03-10,Office Supplies,Storage,East,Home Office,6,206.07,44.91
ORD-1596,2024-03-10,Furniture,Chairs,Central,Consumer,6,1641.42,163.96
ORD-3561,2024-03-11,Office Supplies,Pens,South,Corporate,2,85.47,21.12
ORD-4853,2024-03-11,Furniture,Bookcases,South,Corporate,3,1073.55,150.6
ORD-3505,2024-03-11,Furniture,Tables,West,Consumer,1,249.13,25.23
ORD-2414,2024-03-11,Technology,Accessories,East,Home Office,6,2253.81,442.68
ORD-1441,2024-03-12,Office Supplies,Pens,Central,Corporate,7,319.25,43.66
ORD-5353,2024-03-12,Office Supplies,Paper,Central,Corporate,2,78.85,17.51
ORD-1865,2024-03-12,Furniture,Bookcases,East,Consumer,5,1343.6,167.18
ORD-2022,2024-03-12,Furniture,Chairs,West,Home Office,4,1065.31,118.26
ORD-3993,2024-03-12,Technology,Laptops,Central,Consumer,6,3150.8,465.93
ORD-3899,2024-03-13,Technology,Printers,Central,Consumer,4,1646.31,225.71
ORD-1356,2024-03-13,Office Supplies,Storage,West,Home Office,1,32.44,6.91
ORD-5896,2024-03-13,Technology,Accessories,West,Home Office,3,1192.21,233.28
ORD-5462,2024-03-13,Technology,Monitors,South,Home Office,4,2001.48,448.5
ORD-5704,2024-03-13,Furniture,Bookcases,Central,Consumer,4,1058.94,150.8
ORD-2943,2024-03-13,Furniture,Desks,Central,Corporate,4,1164.16,125.43
ORD-4505,2024-03-13,Technology,Accessories,East,Corporate,3,1380.93,160.76
ORD-2984,2024-03-13,Technology,Laptops,Central,Corporate,2,787.9,140.85
ORD-3627,2024-03-13,Technology,Monitors,East,Consumer,1,430.42,50.01
ORD-2209,2024-03-13,Technology,Printers,West,Corporate,3,1605.44,371.57
ORD-1886,2024-03-13,Office Supplies,Paper,West,Consumer,7,248.69,48.39
ORD-3271,2024-03-14,Office Supplies,Binders,Central,Corporate,7,262.39,60.48
ORD-2086,2024-03-14,Technology,Printers,East,Home Office,6,2633.78,463.9
ORD-5941,2024-03-14,Office Supplies,Storage,South,Home Office,6,202.61,37.66
ORD-5446,2024-03-14,Office Supplies,Binders,South,Consumer,2,94.11,14.29
ORD-2934,2024-03-14,Office Supplies,Pens,West,Consumer,7,271.48,44.75
ORD-3268,2024-03-14,Office Supplies,Paper,East,Corporate,1,34.25,9.44
ORD-5459,2024-03-14,Office Supplies,Storage,East,Corporate,2,79.16,10.52
ORD-5359,2024-03-14,Furniture,Chairs,South,Home Office,5,1708.76,202.27
ORD-5970,2024-03-14,Furniture,Tables,East,Home Office,1,300.52,41.21
ORD-6922,2024-03-14,Technology,Printers,East,Home Office,7,3676.44,649.29
ORD-5304,2024-03-14,Office Supplies,Paper,West,Corporate,1,35.59,7.07
ORD-3842,2024-03-14,Technology,Monitors,West,Corporate,7,3618.35,624.97
ORD-5142,2024-03-15,Office Supplies,Pens,South,Corporate,6,258.3,-24.46
ORD-1391,2024-03-15,Furniture,Bookcases,East,Home Office,2,555.2,76.77
ORD-1845,2024-03-15,Office Supplies,Pens,East,Corporate,6,234.05,50.59
ORD-2297,2024-03-15,Office Supplies,Storage,East,Home Office,3,126.55,32.29
ORD-5008,2024-03-15,Office Supplies,Paper,Central,Home Office,6,276.46,54.1
ORD-4964,2024-03-15,Office Supplies,Pens,East,Home Office,5,190.85,42.43
ORD-6114,2024-03-15,Technology,Accessories,East,Home Office,6,2797.89,346.0
ORD-1265,2024-03-15,Office Supplies,Paper,East,Corporate,4,132.89,36.58
ORD-6405,2024-03-15,Technology,Accessories,East,Corporate,3,1184.92,178.88
ORD-3067,2024-03-15,Technology,Laptops,South,Consumer,6,2342.81,403.77
ORD-1772,2024-03-15,Office Supplies,Binders,Central,Corporate,5,228.85,30.58
ORD-1892,2024-03-16,Office Supplies,Pens,West,Home Office,2,85.77,13.26
ORD-6911,2024-03-16,Technology,Accessories,West,Home Office,6,2616.07,299.2
ORD-2767,2024-03-16,Office Supplies,Storage,Central,Consumer,5,198.02,47.75
ORD-3558,2024-03-16,Technology,Laptops,South,Corporate,7,2943.73,396.81
ORD-2076,2024-03-16,Office Supplies,Binders,West,Home Office,6,240.82,58.9
ORD-4730,2024-03-16,Furniture,Tables,West,Corporate,1,278.3,30.12
ORD-5259,2024-03-16,Technology,Laptops,Central,Consumer,4,2073.85,354.97
ORD-2356,2024-03-16,Office Supplies,Binders,Central,Home Office,2,72.72,15.03
ORD-3085,2024-03-16,Office Supplies,Storage,East,Home Office,4,190.7,36.28
ORD-1380,2024-03-17,Furniture,Desks,West,Corporate,4,1155.41,89.6
ORD-4557,2024-03-17,Office Supplies,Pens,South,Consumer,1,43.31,9.58
ORD-4978,2024-03-17,Office Supplies,Storage,East,Consumer,7,261.94,58.96
ORD-4270,2024-03-17,Technology,Printers,East,Corporate,6,2756.24,399.34
ORD-5233,2024-03-17,Office Supplies,Storage,Central,Consumer,6,227.48,-45.8
ORD-2187,2024-03-17,Office Supplies,Storage,Central,Home Office,2,74.13,11.5
ORD-5722,2024-03-18,Office Supplies,Binders,East,Corporate,3,102.57,28.7
ORD-5501,2024-03-18,Technology,Monitors,South,Home Office,2,806.12,153.73
ORD-2425,2024-03-18,Technology,Accessories,South,Corporate,1,504.78,111.71
ORD-6188,2024-03-18,Technology,Printers,South,Corporate,2,873.42,181.16
ORD-5052,2024-03-18,Technology,Monitors,Central,Home Office,4,1965.82,402.04
ORD-3496,2024-03-18,Office Supplies,Binders,East,Consumer,7,229.39,54.96
ORD-3832,2024-03-18,Office Supplies,Storage,East,Home Office,4,171.35,41.24
ORD-4630,2024-03-18,Furniture,Chairs,Central,Corporate,5,1555.66,211.49
ORD-1281,2024-03-18,Technology,Monitors,Central,Home Office,1,497.0,63.7
ORD-6988,2024-03-19,Furniture,Tables,East,Consumer,2,666.24,56.98
ORD-1094,2024-03-19,Furniture,Bookcases,Central,Home Office,1,328.49,28.68
ORD-4347,2024-03-19,Technology,Accessories,West,Consumer,7,2654.96,541.87
ORD-4790,2024-03-19,Office Supplies,Storage,East,Home Office,2,79.67,22.12
ORD-4014,2024-03-19,Office Supplies,Storage,West,Corporate,5,190.85,-40.56
ORD-4362,2024-03-19,Furniture,Desks,East,Home Office,2,559.93,67.85
ORD-3024,2024-03-19,Office Supplies,Paper,South,Consumer,5,191.31,35.12
ORD-5029,2024-03-20,Office Supplies,Storage,East,Home Office,7,316.94,62.76
ORD-4217,2024-03-20,Office Supplies,Storage,West,Home Office,5,217.43,47.94
ORD-5291,2024-03-20,Technology,Monitors,Central,Consumer,4,1514.55,239.02
ORD-4658,2024-03-20,Technology,Accessories,South,Consumer,7,3525.39,712.57
ORD-3563,2024-03-20,Office Supplies,Paper,South,Consumer,5,174.38,45.44
ORD-5238,2024-03-20,Office Supplies,Paper,Central,Corporate,1,44.07,8.15
ORD-5126,2024-03-20,Technology,Printers,East,Consumer,4,1561.67,323.88
ORD-5104,2024-03-20,Office Supplies,Pens,West,Corporate,5,236.85,64.2
ORD-6112,2024-03-20,Office Supplies,Paper,East,Corporate,2,93.01,14.32
ORD-5671,2024-03-21,Furniture,Desks,East,Home Office,3,959.51,148.98
ORD-5658,2024-03-21,Office Supplies,Binders,West,Corporate,4,172.47,38.26
ORD-6352,2024-03-21,Office Supplies,Pens,Central,Corporate,7,281.1,44.74
ORD-1159,2024-03-21,Furniture,Desks,West,Corporate,6,1864.16,177.64
ORD-2895,2024-03-21,Technology,Printers,East,Consumer,3,1098.85,193.67
ORD-4607,2024-03-21,Office Supplies,Binders,East,Corporate,7,237.31,55.27
ORD-5755,2024-03-21,Office Supplies,Binders,East,Corporate,6,193.95,32.3
ORD-3276,2024-03-21,Technology,Laptops,East,Corporate,6,2280.57,373.03
ORD-5416,2024-03-21,Technology,Printers,East,Home Office,5,1887.44,380.93
ORD-1516,2024-03-21,Office Supplies,Storage,East,Home Office,1,42.31,6.04
ORD-3803,2024-03-21,Technology,Monitors,West,Home Office,2,1049.42,153.52
ORD-2276,2024-03-21,Furniture,Tables,East,Home Office,4,1025.63,139.67
ORD-5703,2024-03-21,Office Supplies,Pens,West,Corporate,4,160.46,27.3
ORD-2987,2024-03-22,Technology,Laptops,East,Consumer,6,2414.49,545.27
ORD-3793,2024-03-22,Furniture,Bookcases,Central,Consumer,3,762.05,78.79
ORD-3197,2024-03-22,Office Supplies,Paper,West,Consumer,3,143.16,31.93
ORD-2361,2024-03-22,Office Supplies,Storage,Central,Home Office,1,37.72,9.11
ORD-5047,2024-03-22,Office Supplies,Binders,West,Home Office,3,109.04,22.93
ORD-3148,2024-03-22,Office Supplies,Binders,South,Consumer,3,106.05,14.99
ORD-5285,2024-03-22,Furniture,Tables,East,Corporate,4,1338.2,147.1
ORD-4278,2024-03-23,Office Supplies,Binders,East,Home Office,7,284.37,-66.94
ORD-6274,2024-03-23,Technology,Laptops,West,Home Office,3,1132.13,253.29
ORD-6700,2024-03-23,Technology,Printers,West,Corporate,5,2451.03,424.6
ORD-5222,2024-03-23,Furniture,Tables,South,Home Office,6,1737.26,138.08
ORD-5223,2024-03-23,Office Supplies,Paper,South,Corporate,2,72.77,16.06
ORD-3764,2024-03-23,Office Supplies,Pens,West,Corporate,1,32.94,7.57
ORD-3456,2024-03-23,Office Supplies,Binders,East,Consumer,7,320.48,57.75
ORD-3376,2024-03-23,Office Supplies,Pens,East,Home Office,7,304.81,77.28
ORD-3106,2024-03-23,Office Supplies,Storage,South,Home Office,2,86.11,22.53
ORD-1137,2024-03-24,Furniture,Bookcases,West,Home Office,1,298.17,34.3
ORD-3989,2024-03-24,Technology,Printers,South,Corporate,7,3088.72,663.52
ORD-1122,2024-03-24,Furniture,Desks,Central,Corporate,2,591.77,66.51
ORD-5252,2024-03-24,Office Supplies,Binders,East,Home Office,2,75.31,11.0
ORD-5541,2024-03-24,Office Supplies,Pens,Central,Consumer,1,37.69,8.55
ORD-4412,2024-03-25,Furniture,Chairs,South,Corporate,7,1717.52,182.92
ORD-5529,2024-03-25,Technology,Accessories,West,Home Office,2,1070.3,154.88
ORD-5335,2024-03-25,Technology,Laptops,South,Consumer,7,3486.4,432.26
ORD-1249,2024-03-25,Office Supplies,Pens,West,Corporate,6,261.26,43.02
ORD-5763,2024-03-26,Furniture,Tables,Central,Corporate,7,2412.05,252.61
ORD-3319,2024-03-26,Furniture,Desks,West,Home Office,7,1875.01,203.78
ORD-1907,2024-03-26,Furniture,Chairs,West,Home Office,1,249.47,21.98
ORD-3988,2024-03-26,Office Supplies,Storage,Central,Corporate,5,232.96,55.98
ORD-5608,2024-03-26,Office Supplies,Binders,East,Home Office,1,44.76,10.4
ORD-5168,2024-03-26,Furniture,Desks,South,Consumer,3,831.3,79.52
ORD-4027,2024-03-26,Furniture,Tables,Central,Home Office,3,899.64,95.72
ORD-4555,2024-03-27,Furniture,Chairs,West,Consumer,6,1941.99,290.91
ORD-1721,2024-03-27,Technology,Laptops,Central,Consumer,5,1925.1,314.66
ORD-1068,2024-03-27,Technology,Laptops,Central,Consumer,3,1395.02,319.79
ORD-3538,2024-03-27,Office Supplies,Pens,West,Corporate,7,267.31,75.65
ORD-3696,2024-03-27,Office Supplies,Paper,East,Home Office,5,168.51,31.85
ORD-5791,2024-03-27,Technology,Laptops,West,Consumer,5,2610.73,600.84
ORD-3673,2024-03-28,Technology,Monitors,East,Consumer,3,1268.72,232.19
ORD-1694,2024-03-28,Technology,Printers,Central,Corporate,5,1923.57,438.58
ORD-2789,2024-03-28,Office Supplies,Storage,East,Home Office,6,260.95,44.24
ORD-1751,2024-03-28,Technology,Printers,West,Corporate,5,2154.27,361.17
ORD-4627,2024-03-28,Office Supplies,Storage,West,Corporate,7,231.45,35.04
ORD-2225,2024-03-28,Office Supplies,Pens,West,Corporate,6,283.29,-31.37
ORD-3999,2024-03-28,Technology,Monitors,Central,Corporate,2,1012.36,155.07
ORD-2718,2024-03-28,Furniture,Tables,West,Consumer,1,289.91,28.31
ORD-6638,2024-03-28,Furniture,Chairs,East,Consumer,1,340.34,38.59
ORD-5381,2024-03-28,Office Supplies,Paper,West,Home Office,3,133.84,23.97
ORD-6022,2024-03-29,Office Supplies,Pens,Central,Corporate,7,313.9,72.57
ORD-5907,2024-03-29,Office Supplies,Binders,South,Home Office,4,138.12,37.61
ORD-3021,2024-03-29,Technology,Laptops,East,Consumer,5,2625.57,435.55
ORD-4124,2024-03-29,Office Supplies,Pens,East,Home Office,4,136.75,20.22
ORD-2919,2024-03-29,Technology,Monitors,West,Home Office,3,1382.19,268.56
ORD-1276,2024-03-29,Technology,Monitors,East,Consumer,3,1442.59,213.41
ORD-2192,2024-03-29,Technology,Accessories,West,Consumer,7,3417.21,445.89
ORD-6896,2024-03-29,Office Supplies,Pens,South,Consumer,4,137.01,34.86
ORD-1601,2024-03-30,Technology,Monitors,West,Home Office,7,3560.84,686.56
ORD-3082,2024-03-30,Technology,Monitors,Central,Corporate,4,1617.97,373.25
ORD-3066,2024-03-30,Technology,Monitors,South,Home Office,3,1569.17,347.22
ORD-2917,2024-03-30,Technology,Printers,East,Consumer,4,1952.56,225.25
ORD-5974,2024-03-30,Furniture,Bookcases,Central,Home Office,6,1748.98,223.34
ORD-2213,2024-03-30,Furniture,Bookcases,Central,Consumer,5,1291.88,94.08
ORD-6040,2024-03-30,Office Supplies,Binders,Central,Home Office,7,306.5,65.67
ORD-3094,2024-03-30,Technology,Printers,West,Consumer,5,2431.72,400.79
ORD-4058,2024-03-30,Office Supplies,Binders,East,Consumer,7,248.47,62.09
ORD-2816,2024-03-31,Furniture,Desks,West,Consumer,3,928.33,117.28
ORD-5885,2024-03-31,Technology,Monitors,South,Corporate,4,2041.46,341.25
ORD-4199,2024-03-31,Furniture,Desks,East,Corporate,3,861.94,112.67
ORD-4868,2024-03-31,Office Supplies,Binders,South,Home Office,1,44.29,8.22
ORD-4892,2024-03-31,Furniture,Bookcases,East,Home Office,4,1215.09,163.35
ORD-3922,2024-04-01,Furniture,Desks,Central,Consumer,1,293.19,30.2
ORD-6110,2024-04-01,Technology,Laptops,West,Consumer,6,2390.17,285.2
ORD-5965,2024-04-01,Office Supplies,Storage,West,Corporate,5,184.5,30.84
ORD-1536,2024-04-01,Technology,Laptops,East,Consumer,6,2773.15,501.92
ORD-1286,2024-04-01,Furniture,Tables,South,Corporate,6,1866.99,195.83
ORD-4927,2024-04-01,Furniture,Bookcases,East,Home Office,5,1588.73,162.23
ORD-1847,2024-04-01,Furniture,Tables,West,Home Office,6,2158.79,253.6
ORD-1370,2024-04-01,Office Supplies,Storage,East,Corporate,2,94.21,19.15
ORD-2389,2024-04-02,Furniture,Desks,East,Corporate,3,904.86,75.73
ORD-2710,2024-04-02,Office Supplies,Pens,Central,Corporate,2,88.61,22.05
ORD-2588,2024-04-02,Office Supplies,Storage,South,Home Office,3,130.08,-21.33
ORD-5184,2024-04-02,Technology,Printers,Central,Home Office,6,3202.18,550.45
ORD-3907,2024-04-03,Furniture,Chairs,West,Home Office,1,273.89,39.65
ORD-3763,2024-04-03,Technology,Laptops,Central,Consumer,1,469.56,53.06
ORD-3476,2024-04-03,Technology,Accessories,West,Home Office,3,1537.22,196.63
ORD-3604,2024-04-03,Furniture,Chairs,East,Home Office,2,501.57,71.06
ORD-4946,2024-04-03,Office Supplies,Storage,Central,Consumer,1,39.65,-3.99
ORD-1087,2024-04-03,Technology,Monitors,South,Consumer,3,1552.13,268.39
ORD-3298,2024-04-03,Furniture,Tables,South,Consumer,2,704.75,69.53
ORD-2247,2024-04-03,Office Supplies,Binders,East,Home Office,5,237.56,33.95
ORD-2285,2024-04-03,Office Supplies,Storage,Central,Corporate,4,179.36,26.87
ORD-1058,2024-04-03,Technology,Accessories,South,Home Office,6,2766.82,382.0
ORD-1097,2024-04-03,Technology,Monitors,South,Corporate,2,807.97,137.98
ORD-1669,2024-04-03,Furniture,Desks,Central,Home Office,7,2086.39,223.55
ORD-6706,2024-04-04,Office Supplies,Binders,Central,Home Office,6,224.52,53.1
ORD-5891,2024-04-04,Office Supplies,Paper,Central,Consumer,3,100.28,-14.94
ORD-1329,2024-04-04,Furniture,Bookcases,West,Home Office,4,968.64,104.03
ORD-6222,2024-04-04,Furniture,Desks,East,Consumer,5,1573.83,171.39
ORD-4739,2024-04-04,Technology,Accessories,Central,Home Office,1,507.94,82.91
ORD-1179,2024-04-04,Office Supplies,Pens,East,Home Office,1,37.18,9.32
ORD-3039,2024-04-05,Office Supplies,Paper,Central,Corporate,5,229.18,43.71
ORD-1777,2024-04-05,Technology,Laptops,Central,Home Office,5,2086.11,227.61
ORD-1673,2024-04-05,Furniture,Tables,East,Corporate,5,1236.56,161.12
ORD-3322,2024-04-05,Technology,Monitors,Central,Consumer,2,880.34,105.26
ORD-6902,2024-04-05,Furniture,Bookcases,Central,Consumer,3,881.04,113.74
ORD-4449,2024-04-05,Office Supplies,Paper,South,Corporate,4,153.43,25.6
ORD-5044,2024-04-05,Office Supplies,Storage,East,Consumer,3,117.46,19.84
ORD-6741,2024-04-05,Furniture,Tables,South,Home Office,7,2202.22,319.89
ORD-2009,2024-04-05,Technology,Monitors,Central,Corporate,7,2810.73,406.69
ORD-6579,2024-04-06,Technology,Accessories,South,Home Office,4,1864.26,221.29
ORD-1586,2024-04-06,Furniture,Bookcases,Central,Consumer,3,1000.87,155.94
ORD-4329,2024-04-06,Furniture,Desks,South,Home Office,2,578.41,47.67
ORD-4784,2024-04-06,Technology,Accessories,West,Corporate,7,3106.29,642.74
ORD-6133,2024-04-06,Furniture,Chairs,South,Corporate,2,577.74,46.31
ORD-6143,2024-04-06,Office Supplies,Paper,Central,Home Office,2,73.42,13.04
ORD-6712,2024-04-06,Furniture,Tables,South,Corporate,7,1861.2,208.13
ORD-3107,2024-04-06,Office Supplies,Paper,Central,Consumer,4,140.89,20.17
ORD-6042,2024-04-07,Office Supplies,Binders,East,Corporate,4,174.94,37.84
ORD-6894,2024-04-07,Technology,Printers,Central,Corporate,1,434.15,52.89
ORD-5315,2024-04-07,Technology,Printers,South,Corporate,7,2548.23,542.84
ORD-2266,2024-04-07,Technology,Accessories,South,Home Office,1,386.98,69.68
ORD-5197,2024-04-07,Technology,Printers,East,Corporate,2,867.33,200.76
ORD-6225,2024-04-07,Furniture,Tables,Central,Home Office,6,1679.39,196.69
ORD-1835,2024-04-07,Furniture,Tables,West,Consumer,7,2061.3,236.2
ORD-3699,2024-04-07,Office Supplies,Paper,West,Corporate,3,97.41,-18.02
ORD-1807,2024-04-07,Office Supplies,Pens,Central,Home Office,1,46.33,-4.54
ORD-5048,2024-04-07,Furniture,Chairs,Central,Corporate,5,1623.83,233.51
ORD-1829,2024-04-07,Office Supplies,Pens,West,Consumer,7,235.9,60.49
ORD-1078,2024-04-07,Technology,Printers,West,Consumer,5,2699.75,630.6
ORD-4497,2024-04-07,Furniture,Bookcases,Central,Home Office,3,826.64,98.45
ORD-3765,2024-04-08,Furniture,Bookcases,Central,Corporate,7,2174.74,277.58
ORD-2765,2024-04-08,Furniture,Chairs,South,Corporate,2,687.52,78.0
ORD-5119,2024-04-08,Technology,Laptops,East,Consumer,4,2043.05,411.46
ORD-6311,2024-04-08,Office Supplies,Storage,West,Consumer,1,35.33,10.05
ORD-1668,2024-04-08,Office Supplies,Storage,East,Corporate,4,174.73,34.74
ORD-6991,2024-04-08,Technology,Accessories,South,Home Office,4,1719.8,220.13
ORD-1298,2024-04-08,Office Supplies,Storage,East,Consumer,6,219.14,-12.55
ORD-2512,2024-04-09,Technology,Monitors,South,Corporate,2,1049.31,184.31
ORD-3468,2024-04-09,Office Supplies,Binders,East,Consumer,5,169.83,29.78
ORD-3795,2024-04-09,Office Supplies,Binders,South,Consumer,1,43.08,6.58
ORD-5750,2024-04-09,Office Supplies,Binders,South,Home Office,7,275.37,70.48
ORD-2183,2024-04-09,Technology,Monitors,Central,Corporate,5,2317.36,367.73
ORD-3401,2024-04-09,Technology,Monitors,South,Consumer,6,2214.45,287.45
ORD-6242,2024-04-09,Office Supplies,Paper,Central,Home Office,5,204.52,38.37
ORD-4668,2024-04-09,Office Supplies,Pens,East,Consumer,6,254.51,41.25
ORD-3780,2024-04-09,Office Supplies,Storage,Central,Consumer,6,252.91,39.35
ORD-3243,2024-04-10,Technology,Accessories,East,Home Office,7,3421.51,718.26
ORD-6036,2024-04-10,Technology,Printers,Central,Corporate,7,3105.24,507.41
ORD-1045,2024-04-10,Technology,Monitors,South,Corporate,6,2204.35,348.84
ORD-3726,2024-04-10,Office Supplies,Binders,West,Corporate,4,179.63,47.45
ORD-5706,2024-04-10,Office Supplies,Pens,East,Corporate,3,121.24,30.33
ORD-4822,2024-04-10,Technology,Accessories,East,Home Office,3,1415.23,224.58
ORD-3640,2024-04-11,Office Supplies,Paper,Central,Consumer,5,201.49,44.04
ORD-6118,2024-04-11,Furniture,Chairs,West,Consumer,3,822.43,85.44
ORD-1105,2024-04-11,Technology,Laptops,Central,Home Office,6,2604.79,395.82
ORD-3402,2024-04-11,Technology,Accessories,East,Home Office,2,750.3,101.04
ORD-3550,2024-04-11,Office Supplies,Binders,West,Home Office,4,136.62,31.03
ORD-3794,2024-04-11,Office Supplies,Paper,South,Consumer,2,80.23,14.66
ORD-6001,2024-04-11,Technology,Printers,East,Home Office,5,2137.14,268.49
ORD-1843,2024-04-11,Office Supplies,Paper,South,Home Office,3,99.69,25.77
ORD-6372,2024-04-11,Technology,Laptops,South,Home Office,5,1831.09,290.57
ORD-6449,2024-04-11,Technology,Monitors,West,Corporate,6,2416.4,435.03
ORD-4096,2024-04-11,Office Supplies,Paper,Central,Corporate,3,138.48,26.27
ORD-1667,2024-04-12,Furniture,Tables,West,Consumer,6,1814.12,282.47
ORD-2455,2024-04-12,Furniture,Bookcases,Central,Corporate,7,2106.98,155.95
ORD-2196,2024-04-12,Office Supplies,Binders,West,Home Office,3,109.39,15.51
ORD-5640,2024-04-12,Office Supplies,Pens,Central,Home Office,1,41.72,6.48
ORD-1010,2024-04-12,Office Supplies,Paper,East,Home Office,1,44.36,5.89
ORD-2125,2024-04-12,Furniture,Chairs,Central,Home Office,2,493.01,65.54
ORD-5426,2024-04-13,Furniture,Desks,South,Consumer,7,1860.47,280.08
ORD-3127,2024-04-13,Technology,Printers,East,Home Office,7,2688.06,622.03
ORD-5153,2024-04-13,Technology,Accessories,South,Home Office,4,1819.5,364.74
ORD-3812,2024-04-13,Furniture,Bookcases,South,Home Office,7,1680.01,157.12
ORD-6063,2024-04-13,Technology,Accessories,South,Corporate,6,2530.84,465.62
ORD-4554,2024-04-13,Furniture,Bookcases,East,Home Office,5,1602.06,217.6
ORD-2578,2024-04-13,Technology,Laptops,South,Consumer,3,1410.57,181.94
ORD-2089,2024-04-14,Office Supplies,Binders,West,Consumer,7,332.43,45.03
ORD-5226,2024-04-14,Office Supplies,Storage,East,Consumer,7,329.11,79.0
ORD-3196,2024-04-14,Technology,Laptops,East,Home Office,2,784.65,104.78
ORD-1486,2024-04-14,Office Supplies,Pens,East,Consumer,2,92.66,19.48
ORD-2608,2024-04-14,Office Supplies,Storage,West,Corporate,6,213.71,38.37
ORD-1616,2024-04-14,Office Supplies,Storage,West,Corporate,7,302.16,76.75
ORD-6805,2024-04-14,Office Supplies,Paper,West,Home Office,3,116.93,29.46
ORD-1064,2024-04-14,Office Supplies,Storage,East,Consumer,6,200.07,28.65
ORD-3001,2024-04-14,Office Supplies,Binders,Central,Consumer,5,190.04,48.21
ORD-2441,2024-04-15,Technology,Monitors,West,Corporate,4,1570.07,250.0
ORD-6107,2024-04-15,Office Supplies,Binders,Central,Consumer,5,173.13,42.23
ORD-1859,2024-04-15,Technology,Monitors,Central,Consumer,5,1927.25,239.79
ORD-6465,2024-04-16,Technology,Monitors,West,Corporate,1,385.6,65.29
ORD-2421,2024-04-16,Technology,Accessories,East,Corporate,1,508.53,74.46
ORD-2994,2024-04-16,Office Supplies,Pens,West,Corporate,1,36.35,8.91
ORD-2616,2024-04-16,Office Supplies,Paper,Central,Consumer,3,102.97,19.84
ORD-4292,2024-04-16,Furniture,Chairs,East,Home Office,3,1030.71,89.84
ORD-6480,2024-04-16,Furniture,Desks,East,Corporate,7,1684.61,136.34
ORD-5505,2024-04-16,Technology,Printers,Central,Consumer,3,1297.06,303.43
ORD-6732,2024-04-16,Furniture,Bookcases,West,Corporate,3,830.54,122.92
ORD-1930,2024-04-16,Office Supplies,Storage,West,Corporate,7,224.24,34.48
ORD-1833,2024-04-16,Office Supplies,Binders,East,Consumer,3,139.71,21.22
ORD-4579,2024-04-16,Technology,Printers,West,Home Office,4,1969.33,296.92
ORD-3631,2024-04-16,Furniture,Chairs,Central,Corporate,2,559.48,87.1
ORD-6932,2024-04-17,Furniture,Chairs,South,Corporate,3,964.52,98.3
ORD-3578,2024-04-17,Technology,Accessories,South,Home Office,7,3006.6,347.89
ORD-2151,2024-04-17,Technology,Laptops,South,Home Office,1,495.6,98.26
ORD-6714,2024-04-17,Office Supplies,Pens,East,Consumer,5,225.52,52.04
ORD-4665,2024-04-17,Technology,Monitors,Central,Consumer,2,1037.05,186.29
ORD-2945,2024-04-17,Office Supplies,Pens,East,Consumer,2,90.02,24.22
ORD-3623,2024-04-17,Technology,Accessories,East,Corporate,3,1578.71,368.6
ORD-4988,2024-04-17,Technology,Monitors,East,Home Office,1,409.51,74.78
ORD-6863,2024-04-17,Technology,Accessories,West,Corporate,6,2500.16,522.26
ORD-3092,2024-04-17,Furniture,Chairs,West,Corporate,6,1990.37,283.72
ORD-3897,2024-04-17,Furniture,Chairs,East,Home Office,1,258.11,21.3
ORD-3588,2024-04-18,Furniture,Desks,West,Corporate,4,1007.01,139.37
ORD-5868,2024-04-18,Furniture,Bookcases,South,Consumer,3,960.54,69.6
ORD-3515,2024-04-18,Furniture,Desks,Central,Consumer,2,700.98,107.8
ORD-5139,2024-04-18,Office Supplies,Paper,East,Corporate,2,78.81,19.14
ORD-1427,2024-04-18,Office Supplies,Paper,East,Consumer,3,123.04,22.42
ORD-4829,2024-04-18,Furniture,Chairs,West,Consumer,3,830.28,121.78
ORD-3112,2024-04-18,Office Supplies,Paper,East,Consumer,3,106.4,19.75
ORD-6132,2024-04-18,Office Supplies,Paper,West,Home Office,2,83.72,23.62
ORD-4939,2024-04-18,Office Supplies,Binders,East,Consumer,3,140.22,23.68
ORD-6135,2024-04-18,Technology,Printers,Central,Corporate,6,2833.81,530.6
ORD-3705,2024-04-18,Technology,Printers,Central,Corporate,1,492.09,86.57
ORD-4344,2024-04-18,Office Supplies,Storage,East,Consumer,1,44.69,11.52
ORD-3050,2024-04-18,Furniture,Bookcases,West,Corporate,3,872.29,103.64
ORD-6975,2024-04-18,Technology,Monitors,East,Corporate,5,2491.14,316.9
ORD-1900,2024-04-19,Office Supplies,Pens,East,Consumer,3,125.43,35.15
ORD-2651,2024-04-19,Furniture,Bookcases,South,Corporate,6,1721.32,260.8
ORD-6667,2024-04-19,Technology,Accessories,West,Consumer,2,1060.16,188.12
ORD-1280,2024-04-19,Technology,Monitors,Central,Consumer,5,2469.08,457.04
ORD-6067,2024-04-19,Office Supplies,Paper,Central,Home Office,7,246.19,59.84
ORD-5370,2024-04-19,Furniture,Chairs,West,Corporate,4,1130.19,144.52
ORD-5954,2024-04-20,Furniture,Tables,West,Corporate,2,616.48,94.19
ORD-1025,2024-04-20,Furniture,Tables,East,Home Office,4,1116.46,101.04
ORD-3903,2024-04-20,Furniture,Bookcases,Central,Corporate,1,340.73,46.35
ORD-2747,2024-04-20,Office Supplies,Binders,Central,Consumer,7,317.68,81.35
ORD-6544,2024-04-20,Technology,Monitors,South,Consumer,5,2627.07,441.26
ORD-1687,2024-04-20,Technology,Accessories,South,Home Office,1,392.84,90.2
ORD-6338,2024-04-20,Office Supplies,Pens,South,Corporate,2,85.42,17.32
ORD-3424,2024-04-21,Furniture,Bookcases,South,Consumer,7,1777.9,213.13
ORD-5701,2024-04-21,Technology,Accessories,West,Corporate,1,444.79,101.47
ORD-3218,2024-04-21,Technology,Printers,West,Corporate,5,1895.99,435.1
ORD-3665,2024-04-21,Furniture,Chairs,East,Consumer,6,1581.54,245.33
ORD-4253,2024-04-21,Office Supplies,Paper,South,Consumer,1,35.0,9.3
ORD-3664,2024-04-21,Furniture,Tables,West,Corporate,7,2471.82,248.98
ORD-3877,2024-04-21,Technology,Monitors,East,Consumer,2,1018.35,186.44
ORD-2571,2024-04-22,Technology,Printers,Central,Consumer,6,2674.06,623.63
ORD-6176,2024-04-22,Office Supplies,Pens,Central,Corporate,1,38.73,8.44
ORD-2619,2024-04-22,Office Supplies,Paper,East,Corporate,3,112.28,15.65
ORD-6900,2024-04-22,Furniture,Bookcases,East,Consumer,4,1404.81,167.26
ORD-5538,2024-04-22,Furniture,Desks,West,Corporate,3,1026.14,144.72
ORD-5005,2024-04-22,Technology,Printers,West,Home Office,1,417.44,54.39
ORD-2108,2024-04-22,Office Supplies,Pens,East,Home Office,2,80.61,15.89
ORD-5930,2024-04-22,Technology,Laptops,South,Consumer,4,1803.06,388.16
ORD-1986,2024-04-23,Furniture,Tables,East,Consumer,6,1718.25,184.37
ORD-2806,2024-04-23,Office Supplies,Paper,West,Home Office,6,275.87,76.29
ORD-2959,2024-04-23,Technology,Accessories,East,Corporate,1,535.38,58.98
ORD-1129,2024-04-23,Technology,Laptops,Central,Home Office,3,1281.59,182.13
ORD-3612,2024-04-23,Technology,Accessories,West,Corporate,5,2005.03,420.0
ORD-3299,2024-04-23,Technology,Printers,South,Corporate,3,1301.06,205.42
ORD-4861,2024-04-24,Technology,Printers,West,Home Office,3,1616.15,329.43
ORD-1171,2024-04-24,Technology,Laptops,Central,Consumer,1,527.42,63.99
ORD-3541,2024-04-24,Furniture,Chairs,Central,Home Office,4,1434.1,195.19
ORD-4161,2024-04-24,Office Supplies,Storage,East,Corporate,6,207.33,42.74
ORD-3662,2024-04-24,Office Supplies,Paper,South,Consumer,2,65.91,-14.87
ORD-2338,2024-04-25,Technology,Accessories,South,Corporate,3,1367.0,297.81
ORD-3846,2024-04-25,Office Supplies,Binders,East,Home Office,2,82.11,16.35
ORD-6343,2024-04-25,Furniture,Chairs,East,Consumer,3,773.53,77.02
ORD-2906,2024-04-25,Technology,Laptops,Central,Consumer,2,793.47,155.02
ORD-6091,2024-04-26,Technology,Accessories,West,Consumer,1,484.62,88.68
ORD-4431,2024-04-26,Office Supplies,Storage,South,Home Office,1,34.41,7.83
ORD-1185,2024-04-26,Technology,Laptops,East,Home Office,3,1536.18,313.21
ORD-3492,2024-04-26,Furniture,Chairs,West,Consumer,7,2475.3,248.11
ORD-2774,2024-04-26,Furniture,Bookcases,West,Consumer,1,357.04,46.83
ORD-1893,2024-04-26,Office Supplies,Paper,South,Consumer,5,209.8,39.61
ORD-4256,2024-04-26,Office Supplies,Paper,West,Consumer,2,68.92,15.43
ORD-5481,2024-04-27,Office Supplies,Storage,Central,Corporate,6,283.25,61.6
ORD-1548,2024-04-27,Technology,Monitors,South,Consumer,7,3106.76,638.27
ORD-2925,2024-04-27,Office Supplies,Paper,Central,Home Office,5,225.64,36.51
ORD-5935,2024-04-27,Furniture,Tables,East,Consumer,2,569.11,44.71
ORD-3434,2024-04-27,Technology,Printers,East,Home Office,2,802.56,128.99
ORD-2956,2024-04-27,Office Supplies,Storage,Central,Consumer,6,280.43,39.84
ORD-5624,2024-04-27,Office Supplies,Paper,Central,Consumer,2,64.16,15.99
ORD-4280,2024-04-27,Technology,Monitors,West,Home Office,7,3544.96,539.36
ORD-2961,2024-04-27,Technology,Printers,South,Consumer,3,1479.29,193.51
ORD-4322,2024-04-28,Technology,Laptops,East,Home Office,1,445.26,99.79
ORD-3925,2024-04-28,Technology,Monitors,South,Home Office,7,3531.37,778.95
ORD-2462,2024-04-28,Technology,Accessories,East,Corporate,6,2301.35,381.23
ORD-3254,2024-04-28,Technology,Monitors,West,Consumer,4,1587.77,310.59
ORD-5322,2024-04-28,Furniture,Desks,Central,Corporate,6,1979.13,151.97
ORD-5947,2024-04-28,Technology,Laptops,East,Home Office,2,960.13,207.97
ORD-6678,2024-04-28,Technology,Monitors,East,Corporate,4,1746.74,347.71
ORD-4485,2024-04-28,Technology,Monitors,Central,Home Office,1,480.03,80.85
ORD-1108,2024-04-29,Office Supplies,Pens,West,Corporate,6,226.45,43.58
ORD-4004,2024-04-29,Technology,Monitors,Central,Consumer,5,2628.17,403.84
ORD-3692,2024-04-29,Technology,Accessories,South,Home Office,2,836.68,99.6
ORD-1411,2024-04-29,Office Supplies,Paper,East,Home Office,4,149.59,32.16
ORD-1181,2024-04-29,Office Supplies,Paper,Central,Corporate,7,300.22,52.26
ORD-5267,2024-04-30,Office Supplies,Pens,East,Home Office,4,157.11,25.18
ORD-4966,2024-04-30,Office Supplies,Pens,East,Home Office,7,280.62,41.86
ORD-5571,2024-04-30,Office Supplies,Pens,Central,Corporate,4,146.7,37.98
ORD-3668,2024-04-30,Technology,Laptops,Central,Consumer,4,1785.72,327.63
ORD-1652,2024-04-30,Furniture,Bookcases,Central,Consumer,1,242.52,34.16
ORD-1120,2024-04-30,Technology,Printers,East,Consumer,7,2912.42,397.99
ORD-6002,2024-04-30,Technology,Monitors,East,Consumer,6,3014.64,525.2
ORD-1124,2024-04-30,Technology,Laptops,East,Consumer,7,2869.76,389.52
ORD-4796,2024-04-30,Furniture,Chairs,South,Corporate,4,1247.28,145.08
ORD-2663,2024-05-01,Technology,Laptops,South,Consumer,5,2522.06,586.41
ORD-3345,2024-05-01,Furniture,Tables,Central,Consumer,4,1341.42,181.24
ORD-4635,2024-05-01,Office Supplies,Storage,Central,Home Office,1,45.39,6.61
ORD-2055,2024-05-01,Office Supplies,Pens,Central,Home Office,5,162.91,23.34
ORD-4226,2024-05-01,Furniture,Chairs,West,Consumer,5,1777.53,162.52
ORD-1315,2024-05-01,Office Supplies,Paper,Central,Home Office,2,69.4,15.55
ORD-4794,2024-05-02,Furniture,Desks,West,Consumer,2,495.36,52.26
ORD-4779,2024-05-02,Technology,Accessories,East,Consumer,3,1595.62,176.47
ORD-4000,2024-05-02,Technology,Accessories,West,Home Office,3,1524.39,248.35
ORD-3425,2024-05-02,Office Supplies,Binders,South,Corporate,2,65.49,12.66
ORD-5872,2024-05-02,Office Supplies,Paper,South,Corporate,2,87.45,24.19
ORD-3033,2024-05-02,Technology,Laptops,Central,Consumer,4,1710.64,384.71
ORD-2756,2024-05-03,Furniture,Chairs,Central,Home Office,5,1735.08,258.11
ORD-4215,2024-05-03,Technology,Laptops,East,Consumer,3,1305.06,282.79
ORD-3308,2024-05-03,Office Supplies,Pens,Central,Corporate,1,47.0,11.26
ORD-4299,2024-05-03,Furniture,Chairs,Central,Home Office,7,2453.29,245.54
ORD-2972,2024-05-03,Furniture,Bookcases,West,Consumer,3,848.97,68.19
ORD-5437,2024-05-03,Office Supplies,Binders,East,Home Office,4,175.74,32.97
ORD-5909,2024-05-03,Technology,Printers,East,Consumer,6,2511.86,453.39
ORD-5910,2024-05-04,Technology,Printers,West,Corporate,4,1936.55,367.71
ORD-1928,2024-05-04,Technology,Monitors,Central,Home Office,5,1989.11,243.98
ORD-3210,2024-05-04,Technology,Monitors,Central,Corporate,4,1731.69,377.4
ORD-4798,2024-05-04,Technology,Laptops,East,Home Office,3,1318.08,202.14
ORD-4110,2024-05-04,Office Supplies,Storage,South,Consumer,2,72.54,12.31
ORD-3772,2024-05-04,Technology,Laptops,East,Corporate,6,2825.38,620.15
ORD-3609,2024-05-04,Office Supplies,Storage,Central,Corporate,6,192.7,31.37
ORD-2444,2024-05-04,Technology,Laptops,East,Consumer,7,3545.42,603.37
ORD-3962,2024-05-04,Office Supplies,Pens,West,Corporate,7,334.08,-60.85
ORD-5939,2024-05-04,Technology,Printers,South,Corporate,3,1533.08,289.15
ORD-6089,2024-05-04,Furniture,Bookcases,South,Corporate,7,2005.43,256.13
ORD-1243,2024-05-04,Furniture,Desks,East,Home Office,4,1126.83,144.07
ORD-3674,2024-05-04,Technology,Monitors,South,Corporate,7,3025.27,637.82
ORD-5496,2024-05-04,Furniture,Chairs,Central,Home Office,6,1832.28,203.56
ORD-2073,2024-05-05,Office Supplies,Binders,West,Corporate,6,207.57,51.01
ORD-3260,2024-05-05,Office Supplies,Storage,Central,Consumer,3,135.85,36.87
ORD-5773,2024-05-05,Office Supplies,Paper,South,Consumer,5,205.54,57.25
ORD-3165,2024-05-05,Office Supplies,Binders,South,Consumer,2,89.12,18.52
ORD-1322,2024-05-06,Office Supplies,Storage,West,Corporate,1,35.84,6.65
ORD-5852,2024-05-06,Office Supplies,Pens,West,Corporate,3,112.85,26.86
ORD-4031,2024-05-06,Furniture,Tables,Central,Corporate,2,701.96,64.02
ORD-4444,2024-05-06,Technology,Laptops,East,Corporate,4,1835.12,305.89
ORD-1924,2024-05-06,Office Supplies,Storage,South,Home Office,7,246.72,70.4
ORD-2783,2024-05-06,Technology,Accessories,East,Corporate,7,3365.04,779.8
ORD-2905,2024-05-06,Office Supplies,Storage,Central,Consumer,1,41.09,7.15
ORD-5833,2024-05-06,Technology,Accessories,West,Corporate,7,3654.38,444.3
ORD-6295,2024-05-06,Office Supplies,Paper,South,Corporate,6,204.3,57.12
ORD-2799,2024-05-06,Technology,Monitors,South,Consumer,6,3232.84,402.74
ORD-4917,2024-05-06,Technology,Monitors,East,Corporate,2,973.86,160.16
ORD-6721,2024-05-07,Furniture,Desks,South,Corporate,7,1891.58,170.3
ORD-1325,2024-05-07,Office Supplies,Storage,East,Home Office,7,232.63,61.75
ORD-2618,2024-05-07,Furniture,Tables,West,Corporate,2,613.86,77.78
ORD-6212,2024-05-07,Technology,Accessories,Central,Consumer,7,3606.59,760.68
ORD-4139,2024-05-07,Technology,Printers,Central,Consumer,3,1550.74,267.32
ORD-1028,2024-05-07,Office Supplies,Storage,South,Consumer,2,95.88,20.9
ORD-4230,2024-05-07,Office Supplies,Binders,South,Corporate,4,129.59,-23.29
ORD-1954,2024-05-07,Technology,Printers,Central,Home Office,2,880.84,144.8
ORD-2313,2024-05-08,Office Supplies,Storage,South,Consumer,7,277.84,41.84
ORD-5297,2024-05-08,Office Supplies,Storage,Central,Home Office,7,270.31,45.35
ORD-2284,2024-05-08,Technology,Laptops,South,Corporate,4,1916.42,404.24
ORD-5021,2024-05-08,Furniture,Tables,South,Consumer,1,307.92,30.62
ORD-6506,2024-05-08,Furniture,Chairs,Central,Corporate,1,270.06,41.34
ORD-1824,2024-05-08,Office Supplies,Binders,Central,Home Office,7,320.57,90.89
ORD-2843,2024-05-08,Technology,Laptops,East,Home Office,4,1875.7,348.9
ORD-3811,2024-05-08,Office Supplies,Pens,Central,Home Office,6,202.86,49.41
ORD-1032,2024-05-08,Technology,Monitors,East,Home Office,3,1435.11,257.76
ORD-3286,2024-05-08,Office Supplies,Storage,West,Consumer,1,42.78,9.01
ORD-5499,2024-05-08,Furniture,Bookcases,West,Corporate,7,2140.74,312.35
ORD-5362,2024-05-08,Technology,Monitors,East,Home Office,7,3618.56,737.81
ORD-3807,2024-05-09,Furniture,Bookcases,South,Consumer,5,1559.26,238.15
ORD-3888,2024-05-09,Technology,Monitors,West,Home Office,7,3466.35,404.24
ORD-1216,2024-05-09,Office Supplies,Pens,Central,Corporate,3,128.8,29.26
ORD-5470,2024-05-09,Furniture,Tables,Central,Consumer,7,2155.84,158.74
ORD-4690,2024-05-09,Office Supplies,Binders,East,Home Office,6,238.05,63.45
ORD-4699,2024-05-09,Technology,Printers,West,Home Office,5,1855.62,390.95
ORD-1422,2024-05-09,Furniture,Tables,Central,Corporate,5,1347.48,142.61
ORD-2304,2024-05-09,Technology,Monitors,Central,Corporate,2,904.48,159.9
ORD-2410,2024-05-10,Office Supplies,Pens,East,Home Office,2,65.51,16.85
ORD-2250,2024-05-10,Technology,Printers,Central,Home Office,7,3120.71,443.47
ORD-4776,2024-05-10,Furniture,Bookcases,South,Corporate,7,1748.2,252.46
ORD-5685,2024-05-10,Office Supplies,Paper,Central,Corporate,2,95.45,14.17
ORD-2246,2024-05-10,Technology,Printers,South,Home Office,7,3541.06,737.97
ORD-4433,2024-05-10,Office Supplies,Pens,Central,Consumer,5,175.62,28.75
ORD-1293,2024-05-10,Office Supplies,Pens,West,Home Office,7,288.05,46.21
ORD-6793,2024-05-10,Furniture,Desks,West,Home Office,2,588.08,90.43
ORD-5632,2024-05-10,Office Supplies,Paper,Central,Corporate,1,34.62,-7.17
ORD-5859,2024-05-10,Technology,Accessories,East,Home Office,4,2100.2,408.38
ORD-2393,2024-05-10,Office Supplies,Pens,Central,Consumer,5,171.68,30.85
ORD-5568,2024-05-10,Technology,Monitors,South,Corporate,4,2083.03,371.74
ORD-2932,2024-05-10,Office Supplies,Storage,East,Corporate,3,115.88,19.11
ORD-6269,2024-05-10,Office Supplies,Paper,Central,Corporate,7,246.81,57.05
ORD-3839,2024-05-10,Furniture,Bookcases,West,Home Office,1,332.72,37.62
ORD-4566,2024-05-11,Technology,Printers,East,Consumer,7,3233.97,511.27
ORD-2163,2024-05-11,Office Supplies,Paper,West,Corporate,7,294.99,48.42
ORD-6557,2024-05-11,Technology,Laptops,East,Home Office,5,2619.02,580.76
ORD-5610,2024-05-11,Technology,Monitors,West,Corporate,2,861.59,103.28
ORD-3669,2024-05-11,Furniture,Desks,East,Home Office,4,1286.13,141.35
ORD-2983,2024-05-11,Technology,Accessories,Central,Consumer,6,2800.55,494.24
ORD-1212,2024-05-11,Technology,Laptops,East,Home Office,6,2903.26,458.92
ORD-3332,2024-05-12,Technology,Monitors,Central,Home Office,3,1349.24,178.13
ORD-3566,2024-05-12,Technology,Monitors,East,Corporate,1,388.96,87.6
ORD-1753,2024-05-12,Furniture,Desks,East,Home Office,5,1521.21,190.71
ORD-6262,2024-05-12,Technology,Accessories,West,Consumer,5,1976.18,347.11
ORD-4681,2024-05-12,Office Supplies,Storage,South,Corporate,1,44.94,6.42
ORD-4309,2024-05-12,Office Supplies,Paper,South,Home Office,6,235.64,34.27
ORD-5676,2024-05-12,Office Supplies,Pens,East,Consumer,3,116.88,20.56
ORD-1002,2024-05-12,Technology,Accessories,West,Corporate,5,2188.75,316.7
ORD-6977,2024-05-12,Furniture,Desks,East,Home Office,7,2194.16,322.33
ORD-5369,2024-05-12,Furniture,Chairs,South,Consumer,3,1010.15,111.48
ORD-2728,2024-05-13,Office Supplies,Pens,South,Corporate,5,226.31,43.43
ORD-5484,2024-05-13,Furniture,Bookcases,East,Corporate,6,1979.57,201.32
ORD-5533,2024-05-13,Technology,Laptops,South,Consumer,5,2077.21,464.51
ORD-3009,2024-05-13,Technology,Accessories,West,Consumer,1,435.0,87.75
ORD-1674,2024-05-13,Technology,Laptops,West,Home Office,1,403.66,48.24
ORD-4276,2024-05-13,Technology,Printers,South,Consumer,2,1078.76,245.0
ORD-1612,2024-05-13,Furniture,Tables,South,Consumer,4,973.37,121.0
ORD-1394,2024-05-13,Technology,Printers,East,Home Office,1,413.65,50.17
ORD-1823,2024-05-13,Technology,Laptops,East,Corporate,1,499.99,68.23
ORD-3344,2024-05-14,Office Supplies,Binders,East,Corporate,7,287.9,46.69
ORD-5239,2024-05-14,Technology,Printers,East,Consumer,2,905.89,99.08
ORD-3073,2024-05-14,Furniture,Chairs,East,Home Office,5,1233.5,190.12
ORD-6115,2024-05-14,Furniture,Bookcases,West,Consumer,4,1356.72,155.4
ORD-6631,2024-05-14,Office Supplies,Storage,Central,Corporate,7,249.4,-40.38
ORD-5507,2024-05-14,Furniture,Tables,Central,Consumer,3,923.73,115.34
ORD-6160,2024-05-15,Office Supplies,Paper,West,Consumer,4,133.5,18.18
ORD-6533,2024-05-15,Office Supplies,Storage,Central,Corporate,5,219.36,52.08
ORD-3155,2024-05-15,Technology,Laptops,Central,Consumer,5,2307.4,401.9
ORD-2130,2024-05-15,Technology,Laptops,Central,Home Office,2,939.41,198.58
ORD-1270,2024-05-15,Technology,Laptops,East,Corporate,6,2985.52,422.14
ORD-3638,2024-05-15,Furniture,Chairs,Central,Corporate,3,1038.21,119.12
ORD-4197,2024-05-15,Technology,Monitors,South,Corporate,3,1148.68,201.92
ORD-5940,2024-05-15,Office Supplies,Storage,East,Corporate,6,269.29,64.5
ORD-6893,2024-05-15,Furniture,Chairs,South,Home Office,6,1614.46,152.68
ORD-5068,2024-05-15,Furniture,Tables,West,Consumer,1,248.43,28.42
ORD-5659,2024-05-16,Office Supplies,Binders,East,Home Office,2,66.77,18.05
ORD-3166,2024-05-16,Office Supplies,Storage,Central,Consumer,7,262.12,71.93
ORD-1320,2024-05-16,Office Supplies,Storage,West,Corporate,6,260.18,53.22
ORD-2869,2024-05-16,Furniture,Bookcases,Central,Home Office,5,1273.67,152.19
ORD-4328,2024-05-16,Furniture,Bookcases,South,Consumer,7,1790.81,271.09
ORD-6626,2024-05-16,Technology,Monitors,Central,Consumer,5,2114.57,446.6
ORD-2822,2024-05-16,Technology,Monitors,East,Corporate,7,2961.24,364.09
ORD-3797,2024-05-16,Office Supplies,Pens,South,Home Office,5,172.61,32.51
ORD-1809,2024-05-16,Office Supplies,Binders,Central,Home Office,3,104.9,22.13
ORD-5210,2024-05-16,Furniture,Desks,East,Home Office,3,786.0,80.73
ORD-5260,2024-05-16,Technology,Laptops,West,Corporate,7,3395.43,497.28
ORD-4586,2024-05-16,Technology,Monitors,Central,Consumer,7,3744.99,489.2
ORD-5199,2024-05-16,Furniture,Chairs,South,Consumer,5,1683.66,129.67
ORD-2873,2024-05-17,Technology,Laptops,West,Consumer,7,2921.05,450.92
ORD-2460,2024-05-17,Office Supplies,Binders,South,Corporate,5,198.32,-39.03
ORD-5110,2024-05-17,Furniture,Chairs,West,Consumer,3,1057.24,82.15
ORD-1073,2024-05-17,Furniture,Desks,South,Corporate,4,997.31,153.44
ORD-6289,2024-05-17,Office Supplies,Pens,West,Corporate,5,222.62,53.34
ORD-4204,2024-05-18,Office Supplies,Binders,South,Corporate,3,115.89,22.64
ORD-4491,2024-05-18,Technology,Accessories,East,Consumer,7,2573.0,322.89
ORD-1712,2024-05-18,Technology,Laptops,South,Corporate,6,2528.54,414.6
ORD-3116,2024-05-18,Technology,Laptops,West,Consumer,7,3367.23,652.11
ORD-1952,2024-05-18,Furniture,Desks,South,Home Office,5,1603.21,201.0
ORD-2248,2024-05-18,Office Supplies,Storage,West,Home Office,5,211.55,-45.63
ORD-1649,2024-05-18,Furniture,Desks,East,Corporate,1,340.24,30.12
ORD-6341,2024-05-18,Technology,Accessories,Central,Consumer,6,2274.46,401.36
ORD-4733,2024-05-18,Furniture,Tables,East,Consumer,1,318.03,31.87
ORD-4671,2024-05-18,Office Supplies,Pens,East,Consumer,3,99.63,20.02
ORD-4633,2024-05-18,Office Supplies,Storage,East,Consumer,1,44.94,7.67
ORD-4181,2024-05-19,Furniture,Chairs,East,Home Office,3,899.17,89.85
ORD-1587,2024-05-19,Furniture,Desks,East,Home Office,1,263.77,20.45
ORD-6785,2024-05-19,Furniture,Tables,West,Corporate,1,359.65,40.97
ORD-4224,2024-05-19,Office Supplies,Pens,Central,Corporate,7,291.14,77.32
ORD-1450,2024-05-19,Furniture,Desks,East,Consumer,1,345.36,42.43
ORD-4957,2024-05-19,Furniture,Tables,Central,Corporate,4,1320.12,128.6
ORD-3808,2024-05-19,Office Supplies,Storage,West,Corporate,1,33.96,7.68
ORD-6054,2024-05-20,Technology,Laptops,East,Home Office,7,2698.67,496.07
ORD-6061,2024-05-20,Office Supplies,Storage,West,Corporate,2,86.34,21.72
ORD-5606,2024-05-20,Furniture,Desks,East,Consumer,2,525.15,60.84
ORD-5329,2024-05-20,Office Supplies,Paper,East,Corporate,6,282.81,52.47
ORD-3940,2024-05-20,Office Supplies,Paper,West,Home Office,7,271.05,67.3
ORD-3150,2024-05-20,Technology,Printers,Central,Home Office,2,924.83,203.97
ORD-2591,2024-05-20,Technology,Accessories,West,Home Office,4,2089.32,259.18
ORD-1152,2024-05-20,Technology,Printers,Central,Consumer,2,988.22,113.56
ORD-5264,2024-05-20,Technology,Printers,Central,Home Office,4,1938.55,398.89
ORD-5195,2024-05-20,Technology,Accessories,Central,Consumer,1,502.81,78.41
ORD-1239,2024-05-20,Technology,Printers,West,Consumer,7,2607.47,452.14
ORD-3848,2024-05-21,Furniture,Chairs,Central,Corporate,7,2366.2,280.76
ORD-4977,2024-05-21,Technology,Laptops,East,Consumer,5,1975.33,445.77
ORD-5218,2024-05-21,Office Supplies,Paper,South,Corporate,4,144.44,19.5
ORD-6971,2024-05-21,Technology,Monitors,South,Consumer,2,947.6,155.98
ORD-4642,2024-05-21,Furniture,Chairs,East,Corporate,2,556.74,84.59
ORD-5767,2024-05-21,Office Supplies,Paper,South,Corporate,7,257.38,37.98
ORD-6321,2024-05-21,Furniture,Desks,Central,Home Office,7,1862.16,278.86
ORD-2929,2024-05-21,Office Supplies,Paper,Central,Home Office,7,265.98,52.75
ORD-4115,2024-05-22,Technology,Printers,West,Consumer,5,2067.77,364.47
ORD-6730,2024-05-22,Office Supplies,Pens,Central,Home Office,4,188.08,46.41
ORD-4585,2024-05-22,Furniture,Desks,Central,Corporate,2,496.49,52.4
ORD-5015,2024-05-23,Technology,Laptops,East,Home Office,2,928.04,185.3
ORD-5397,2024-05-23,Furniture,Tables,South,Corporate,7,2178.88,171.25
ORD-2625,2024-05-23,Office Supplies,Binders,Central,Corporate,5,167.76,43.77
ORD-5085,2024-05-23,Technology,Monitors,Central,Consumer,5,2137.19,253.82
ORD-1754,2024-05-23,Technology,Laptops,South,Consumer,1,460.75,99.57
ORD-4662,2024-05-23,Office Supplies,Pens,South,Corporate,5,183.85,47.7
ORD-5200,2024-05-23,Office Supplies,Paper,Central,Corporate,6,259.74,35.85
ORD-5531,2024-05-23,Furniture,Bookcases,Central,Consumer,1,315.01,45.04
ORD-2316,2024-05-23,Office Supplies,Storage,Central,Corporate,2,70.83,17.42
ORD-2926,2024-05-24,Office Supplies,Binders,Central,Home Office,5,171.61,39.24
ORD-3360,2024-05-24,Office Supplies,Paper,East,Home Office,3,110.5,29.3
ORD-3706,2024-05-24,Furniture,Chairs,Central,Consumer,2,490.8,38.67
ORD-6441,2024-05-24,Furniture,Chairs,West,Home Office,5,1211.87,113.8
ORD-2477,2024-05-24,Furniture,Tables,Central,Corporate,2,608.79,83.27
ORD-3096,2024-05-24,Technology,Laptops,Central,Consumer,5,2482.57,372.8
ORD-3257,2024-05-24,Furniture,Chairs,Central,Corporate,3,735.98,102.23
ORD-5936,2024-05-24,Technology,Accessories,East,Consumer,6,2534.37,294.44
ORD-3036,2024-05-25,Office Supplies,Pens,East,Consumer,7,229.19,46.74
ORD-1262,2024-05-25,Technology,Accessories,South,Consumer,3,1223.56,231.75
ORD-5172,2024-05-25,Technology,Printers,East,Corporate,1,448.47,84.7
ORD-2449,2024-05-25,Office Supplies,Paper,West,Home Office,2,89.33,20.98
ORD-1533,2024-05-25,Technology,Printers,Central,Consumer,1,497.73,112.73
ORD-2992,2024-05-25,Office Supplies,Pens,East,Consumer,2,89.09,17.78
ORD-2954,2024-05-25,Technology,Printers,Central,Corporate,7,3440.51,642.23
ORD-2630,2024-05-25,Technology,Laptops,East,Corporate,6,3020.39,342.86
ORD-1994,2024-05-25,Furniture,Desks,South,Home Office,6,1732.58,195.34
ORD-6711,2024-05-25,Office Supplies,Storage,Central,Consumer,1,45.45,6.47
ORD-4830,2024-05-25,Office Supplies,Storage,East,Corporate,5,167.16,39.9
ORD-5803,2024-05-25,Furniture,Desks,Central,Consumer,2,495.35,72.45
ORD-4407,2024-05-25,Technology,Accessories,Central,Home Office,4,1494.76,269.26
ORD-3357,2024-05-25,Technology,Laptops,East,Home Office,4,2021.17,310.15
ORD-5598,2024-05-26,Furniture,Desks,Central,Corporate,3,932.95,125.43
ORD-6914,2024-05-26,Technology,Printers,West,Consumer,2,1049.0,227.56
ORD-1368,2024-05-26,Furniture,Tables,East,Consumer,5,1525.81,139.05
ORD-2487,2024-05-26,Office Supplies,Pens,South,Corporate,4,134.42,31.82
ORD-1472,2024-05-26,Furniture,Bookcases,East,Home Office,6,1460.38,130.91
ORD-1378,2024-05-26,Office Supplies,Storage,Central,Corporate,7,228.95,52.54
ORD-2451,2024-05-26,Technology,Accessories,South,Corporate,2,971.68,217.8
ORD-4720,2024-05-26,Technology,Laptops,Central,Home Office,1,401.95,60.84
ORD-2557,2024-05-26,Technology,Monitors,South,Consumer,4,1668.49,311.09
ORD-3535,2024-05-27,Technology,Printers,West,Consumer,4,2090.24,244.39
ORD-1215,2024-05-27,Office Supplies,Binders,East,Consumer,7,299.33,79.53
ORD-6058,2024-05-27,Technology,Printers,East,Consumer,5,2608.82,295.13
ORD-1285,2024-05-27,Office Supplies,Paper,South,Home Office,3,136.41,28.55
ORD-6494,2024-05-27,Office Supplies,Binders,West,Home Office,7,255.86,38.78
ORD-1500,2024-05-27,Technology,Accessories,East,Home Office,2,872.95,194.13
ORD-6886,2024-05-27,Office Supplies,Pens,West,Home Office,7,255.91,-36.45
ORD-4427,2024-05-27,Office Supplies,Storage,South,Corporate,7,245.41,55.86
ORD-1015,2024-05-27,Office Supplies,Paper,South,Consumer,4,186.08,36.32
ORD-3987,2024-05-28,Technology,Laptops,Central,Consumer,2,936.85,170.56
ORD-1491,2024-05-28,Technology,Monitors,West,Home Office,1,493.75,106.08
ORD-1372,2024-05-28,Office Supplies,Pens,Central,Home Office,1,37.8,10.2
ORD-6500,2024-05-28,Furniture,Bookcases,South,Home Office,5,1516.63,149.26
ORD-6347,2024-05-28,Office Supplies,Pens,East,Consumer,5,237.33,65.23
ORD-4021,2024-05-28,Technology,Laptops,Central,Consumer,6,2807.56,644.71
ORD-1791,2024-05-28,Office Supplies,Paper,South,Home Office,7,332.85,58.85
ORD-1782,2024-05-28,Office Supplies,Pens,West,Consumer,7,266.25,52.96
ORD-2674,2024-05-29,Furniture,Tables,Central,Consumer,3,980.09,139.35
ORD-1452,2024-05-29,Furniture,Chairs,East,Corporate,7,2211.12,196.16
ORD-5427,2024-05-29,Office Supplies,Pens,West,Corporate,7,289.17,55.23
ORD-5031,2024-05-29,Office Supplies,Paper,Central,Consumer,4,129.71,18.7
ORD-5666,2024-05-29,Office Supplies,Paper,East,Corporate,6,252.61,67.11
ORD-2445,2024-05-29,Office Supplies,Paper,East,Consumer,4,156.77,41.22
ORD-2242,2024-05-29,Technology,Accessories,West,Consumer,7,3293.27,684.95
ORD-6933,2024-05-29,Technology,Printers,South,Home Office,3,1294.47,174.52
ORD-4085,2024-05-30,Technology,Laptops,East,Corporate,5,2694.99,512.49
ORD-6416,2024-05-30,Office Supplies,Paper,Central,Home Office,4,142.94,39.04
ORD-1236,2024-05-30,Office Supplies,Paper,West,Consumer,5,164.68,28.7
ORD-4770,2024-05-30,Office Supplies,Pens,West,Corporate,1,45.93,10.24
ORD-2951,2024-05-30,Technology,Printers,East,Corporate,4,1854.04,244.45
ORD-5849,2024-05-30,Technology,Accessories,East,Home Office,7,3284.9,657.81
ORD-1407,2024-05-31,Technology,Accessories,Central,Consumer,1,528.73,97.29
ORD-4239,2024-05-31,Office Supplies,Paper,Central,Corporate,5,230.07,47.74
ORD-3347,2024-05-31,Furniture,Chairs,West,Home Office,4,1275.26,157.19
ORD-3712,2024-05-31,Office Supplies,Binders,Central,Consumer,4,149.11,-21.65
ORD-6563,2024-05-31,Furniture,Desks,West,Home Office,2,617.64,61.35
ORD-1685,2024-06-01,Furniture,Chairs,West,Consumer,4,1205.86,155.75
ORD-5460,2024-06-01,Office Supplies,Pens,East,Corporate,3,101.44,16.13
ORD-5572,2024-06-01,Office Supplies,Pens,West,Corporate,5,215.25,55.97
ORD-6447,2024-06-01,Office Supplies,Pens,Central,Consumer,6,221.03,39.69
ORD-5358,2024-06-01,Technology,Laptops,South,Corporate,3,1270.64,208.65
ORD-5642,2024-06-01,Office Supplies,Paper,West,Home Office,6,214.86,-13.59
ORD-5159,2024-06-01,Technology,Printers,Central,Corporate,1,483.38,73.1
ORD-4035,2024-06-01,Office Supplies,Binders,Central,Consumer,1,47.64,-8.0
ORD-2813,2024-06-01,Technology,Accessories,East,Home Office,3,1324.78,264.34
ORD-5934,2024-06-01,Technology,Monitors,East,Consumer,4,1772.45,368.38
ORD-4252,2024-06-01,Technology,Accessories,Central,Corporate,4,1484.22,257.88
ORD-6018,2024-06-02,Furniture,Bookcases,West,Home Office,5,1533.27,230.59
ORD-4387,2024-06-02,Technology,Monitors,South,Consumer,5,2305.87,421.45
ORD-1881,2024-06-02,Technology,Accessories,East,Consumer,1,434.81,61.11
ORD-5998,2024-06-02,Technology,Printers,East,Corporate,6,2581.11,513.75
ORD-1853,2024-06-02,Office Supplies,Pens,Central,Corporate,4,131.08,17.6
ORD-2598,2024-06-03,Office Supplies,Binders,East,Home Office,4,128.42,28.28
ORD-1891,2024-06-03,Technology,Monitors,Central,Home Office,2,1053.02,162.3
ORD-1482,2024-06-03,Technology,Printers,Central,Home Office,6,2449.01,368.07
ORD-4458,2024-06-03,Office Supplies,Binders,South,Corporate,3,131.28,23.33
ORD-2491,2024-06-03,Technology,Monitors,South,Consumer,5,1818.43,315.96
ORD-3451,2024-06-03,Furniture,Tables,West,Consumer,6,1649.99,228.51
ORD-4686,2024-06-03,Technology,Accessories,East,Corporate,4,1772.71,382.42
ORD-3972,2024-06-03,Furniture,Bookcases,West,Consumer,5,1628.86,250.7
ORD-3181,2024-06-04,Technology,Monitors,South,Corporate,7,3038.99,356.31
ORD-5969,2024-06-04,Technology,Laptops,South,Corporate,1,450.56,102.88
ORD-4587,2024-06-04,Technology,Printers,East,Consumer,3,1386.33,288.36
ORD-5334,2024-06-04,Office Supplies,Storage,South,Home Office,4,171.32,25.82
ORD-1125,2024-06-04,Furniture,Chairs,South,Consumer,1,306.88,44.28
ORD-5540,2024-06-04,Office Supplies,Paper,Central,Corporate,4,134.13,21.32
ORD-1871,2024-06-04,Office Supplies,Binders,East,Consumer,6,200.88,39.48
ORD-1184,2024-06-04,Technology,Laptops,South,Corporate,7,3114.13,549.48
ORD-2880,2024-06-04,Furniture,Tables,South,Home Office,7,2377.32,341.53
ORD-2622,2024-06-05,Technology,Printers,East,Consumer,4,1585.78,362.89
ORD-4912,2024-06-05,Office Supplies,Storage,East,Consumer,5,233.21,55.27
ORD-3287,2024-06-05,Furniture,Bookcases,East,Corporate,4,1096.28,101.31
ORD-4831,2024-06-05,Office Supplies,Storage,East,Consumer,3,101.92,20.44
ORD-4850,2024-06-05,Technology,Laptops,South,Home Office,5,2338.54,334.83
ORD-4756,2024-06-05,Office Supplies,Storage,West,Home Office,4,174.53,40.17
ORD-6213,2024-06-05,Technology,Monitors,South,Corporate,1,450.64,61.24
ORD-3486,2024-06-05,Furniture,Tables,Central,Home Office,6,1626.92,196.64
ORD-3314,2024-06-05,Office Supplies,Storage,East,Home Office,2,89.3,23.3
ORD-5248,2024-06-05,Technology,Monitors,West,Corporate,2,883.8,113.99
ORD-2602,2024-06-05,Technology,Laptops,South,Home Office,1,538.67,104.29
ORD-6708,2024-06-05,Technology,Accessories,Central,Consumer,7,3646.27,710.41
ORD-5711,2024-06-05,Technology,Printers,East,Consumer,3,1483.38,198.09
ORD-6527,2024-06-06,Furniture,Bookcases,West,Consumer,4,1273.95,193.12
ORD-1326,2024-06-06,Furniture,Chairs,Central,Consumer,5,1444.98,196.19
ORD-5904,2024-06-06,Technology,Accessories,East,Corporate,5,2427.87,299.23
ORD-4801,2024-06-06,Office Supplies,Paper,South,Corporate,4,142.57,-35.03
ORD-2757,2024-06-06,Technology,Monitors,Central,Consumer,3,1121.6,125.16
ORD-4833,2024-06-06,Technology,Monitors,East,Corporate,5,2665.72,379.99
ORD-2040,2024-06-06,Technology,Printers,South,Home Office,4,1883.05,301.11
ORD-4416,2024-06-06,Furniture,Desks,Central,Consumer,6,2145.56,180.85
ORD-3810,2024-06-06,Furniture,Chairs,Central,Corporate,3,966.14,134.31
ORD-1598,2024-06-06,Technology,Laptops,Central,Home Office,4,1834.14,367.69
ORD-4338,2024-06-06,Furniture,Tables,East,Consumer,6,2065.51,254.77
ORD-5198,2024-06-06,Furniture,Chairs,Central,Home Office,4,1096.98,122.36
ORD-2897,2024-06-07,Technology,Accessories,West,Home Office,5,2445.15,535.65
ORD-5743,2024-06-07,Technology,Printers,South,Consumer,2,915.48,168.3
ORD-6108,2024-06-07,Technology,Monitors,Central,Corporate,2,739.42,120.79
ORD-2486,2024-06-07,Office Supplies,Paper,West,Home Office,4,139.54,23.05
ORD-2114,2024-06-07,Office Supplies,Binders,South,Home Office,1,41.55,8.34
ORD-5792,2024-06-07,Office Supplies,Pens,East,Corporate,1,33.12,-3.53
ORD-4624,2024-06-07,Office Supplies,Pens,West,Consumer,4,144.86,26.94
ORD-5325,2024-06-07,Office Supplies,Pens,South,Home Office,7,255.31,55.6
ORD-3822,2024-06-07,Technology,Printers,East,Home Office,1,478.74,52.77
ORD-3994,2024-06-07,Technology,Monitors,Central,Consumer,4,1503.1,244.15
ORD-6390,2024-06-08,Technology,Printers,South,Consumer,3,1456.91,332.81
ORD-4167,2024-06-08,Furniture,Bookcases,Central,Corporate,5,1530.58,233.64
ORD-2324,2024-06-08,Furniture,Desks,South,Consumer,7,2017.64,288.61
ORD-6718,2024-06-08,Furniture,Tables,South,Consumer,3,772.71,86.54
ORD-5514,2024-06-08,Furniture,Chairs,East,Consumer,1,288.84,37.46
ORD-6966,2024-06-08,Technology,Printers,East,Consumer,4,1696.45,281.16
ORD-5145,2024-06-09,Office Supplies,Paper,Central,Consumer,4,184.63,29.93
ORD-4660,2024-06-09,Furniture,Chairs,Central,Corporate,2,670.92,73.57
ORD-3802,2024-06-09,Office Supplies,Paper,South,Corporate,3,119.36,29.22
ORD-3259,2024-06-09,Technology,Printers,West,Consumer,1,396.57,46.21
ORD-2881,2024-06-09,Technology,Accessories,Central,Corporate,7,3158.55,675.43
ORD-1198,2024-06-09,Office Supplies,Storage,East,Consumer,7,272.57,-22.44
ORD-6806,2024-06-09,Furniture,Bookcases,South,Consumer,1,275.25,24.25
ORD-5647,2024-06-10,Office Supplies,Binders,East,Home Office,5,203.4,27.99
ORD-1976,2024-06-10,Office Supplies,Binders,Central,Consumer,7,277.14,-18.56
ORD-3914,2024-06-10,Technology,Printers,South,Consumer,3,1462.13,256.43
ORD-3577,2024-06-10,Furniture,Desks,South,Consumer,4,1192.5,143.34
ORD-3652,2024-06-10,Office Supplies,Binders,South,Consumer,2,93.83,15.28
ORD-5400,2024-06-10,Office Supplies,Pens,East,Consumer,1,35.82,-2.1
ORD-6820,2024-06-11,Office Supplies,Binders,Central,Consumer,5,202.52,33.62
ORD-6224,2024-06-11,Furniture,Bookcases,South,Home Office,5,1454.43,105.55
ORD-1131,2024-06-11,Technology,Printers,Central,Consumer,6,2526.41,454.12
ORD-4223,2024-06-11,Furniture,Chairs,Central,Corporate,2,515.94,78.38
ORD-5855,2024-06-11,Technology,Printers,Central,Home Office,3,1376.48,167.95
ORD-3554,2024-06-12,Office Supplies,Pens,Central,Home Office,5,164.86,34.61
ORD-4610,2024-06-12,Office Supplies,Storage,East,Home Office,4,141.04,25.62
ORD-6245,2024-06-12,Office Supplies,Pens,Central,Home Office,5,231.01,61.18
ORD-4769,2024-06-12,Technology,Printers,Central,Home Office,7,2796.28,422.42
ORD-4500,2024-06-12,Office Supplies,Pens,South,Home Office,6,278.56,42.06
ORD-4725,2024-06-12,Office Supplies,Pens,East,Corporate,2,78.5,13.66
ORD-4472,2024-06-12,Technology,Printers,East,Corporate,3,1325.41,219.96
ORD-3865,2024-06-12,Office Supplies,Paper,East,Home Office,3,108.3,24.43
ORD-4241,2024-06-12,Furniture,Chairs,South,Home Office,4,1344.12,197.06
ORD-6889,2024-06-12,Technology,Monitors,South,Corporate,7,3285.95,610.88
ORD-6620,2024-06-12,Office Supplies,Paper,South,Home Office,6,283.46,56.77
ORD-5777,2024-06-12,Office Supplies,Storage,South,Consumer,3,121.04,25.52
ORD-4147,2024-06-12,Office Supplies,Storage,West,Consumer,4,128.78,24.8
ORD-6704,2024-06-13,Office Supplies,Paper,West,Corporate,5,182.43,46.47
ORD-6713,2024-06-13,Furniture,Bookcases,Central,Consumer,3,903.63,122.0
ORD-4629,2024-06-13,Technology,Printers,East,Consumer,1,367.66,45.69
ORD-4487,2024-06-13,Furniture,Chairs,West,Consumer,4,998.97,125.44
ORD-6325,2024-06-13,Technology,Printers,West,Consumer,5,2624.94,297.53
ORD-6057,2024-06-13,Office Supplies,Paper,West,Consumer,3,106.49,18.24
ORD-6501,2024-06-13,Office Supplies,Storage,East,Home Office,7,290.78,71.2
ORD-1305,2024-06-13,Technology,Printers,West,Home Office,1,454.21,55.62
ORD-3945,2024-06-13,Office Supplies,Paper,Central,Corporate,6,241.47,59.22
ORD-3269,2024-06-13,Office Supplies,Storage,West,Home Office,2,80.74,-9.57
ORD-4446,2024-06-14,Technology,Accessories,West,Corporate,4,1642.19,304.6
ORD-4300,2024-06-14,Furniture,Desks,South,Consumer,7,1970.67,177.98
ORD-3680,2024-06-14,Office Supplies,Storage,West,Corporate,2,69.16,17.74
ORD-3026,2024-06-14,Office Supplies,Paper,West,Corporate,7,317.12,80.17
ORD-3428,2024-06-14,Office Supplies,Storage,South,Consumer,6,260.92,40.83
ORD-1740,2024-06-14,Office Supplies,Storage,West,Consumer,2,74.95,15.03
ORD-1360,2024-06-15,Office Supplies,Pens,Central,Consumer,4,134.36,36.89
ORD-6752,2024-06-15,Office Supplies,Binders,West,Home Office,1,43.13,7.92
ORD-5418,2024-06-15,Office Supplies,Pens,East,Corporate,7,298.46,82.39
ORD-5169,2024-06-15,Office Supplies,Paper,East,Corporate,6,234.67,63.76
ORD-6510,2024-06-15,Furniture,Tables,South,Corporate,3,1004.69,111.88
ORD-3311,2024-06-15,Office Supplies,Paper,West,Corporate,6,253.84,48.41
ORD-2045,2024-06-15,Office Supplies,Storage,South,Corporate,1,39.58,5.27
ORD-5075,2024-06-15,Office Supplies,Binders,West,Corporate,5,168.88,43.39
ORD-4018,2024-06-16,Technology,Accessories,South,Home Office,5,2438.83,286.48
ORD-2176,2024-06-16,Furniture,Tables,West,Consumer,7,2440.99,291.97
ORD-6483,2024-06-16,Office Supplies,Binders,West,Corporate,4,182.27,25.51
ORD-4634,2024-06-16,Technology,Printers,West,Home Office,3,1600.84,340.46
ORD-3426,2024-06-16,Technology,Accessories,South,Consumer,4,2076.41,469.41
ORD-3862,2024-06-16,Furniture,Desks,Central,Consumer,4,1241.03,186.77
ORD-2038,2024-06-16,Technology,Accessories,South,Home Office,3,1221.76,140.01
ORD-6888,2024-06-16,Office Supplies,Pens,South,Home Office,4,133.9,33.62
ORD-4886,2024-06-16,Office Supplies,Binders,East,Corporate,2,76.58,16.42
ORD-6586,2024-06-17,Technology,Monitors,East,Consumer,2,755.08,112.32
ORD-4011,2024-06-17,Furniture,Bookcases,South,Corporate,3,835.12,84.12
ORD-2458,2024-06-17,Office Supplies,Pens,East,Home Office,1,35.19,8.29
ORD-2039,2024-06-17,Office Supplies,Pens,East,Corporate,6,231.94,37.78
ORD-6802,2024-06-17,Technology,Laptops,South,Consumer,5,2115.87,319.52
ORD-1768,2024-06-17,Furniture,Chairs,Central,Corporate,2,615.51,71.03
ORD-4889,2024-06-17,Furniture,Desks,Central,Consumer,5,1637.17,143.86
ORD-1521,2024-06-17,Office Supplies,Storage,South,Home Office,6,255.27,67.62
ORD-2233,2024-06-17,Furniture,Tables,South,Consumer,5,1613.4,193.01
ORD-4860,2024-06-17,Technology,Laptops,Central,Consumer,1,440.4,61.97
ORD-5209,2024-06-18,Office Supplies,Pens,West,Home Office,2,74.56,11.54
ORD-1258,2024-06-18,Technology,Laptops,South,Corporate,7,3432.64,713.32
ORD-1628,2024-06-18,Technology,Accessories,West,Corporate,3,1338.39,243.29
ORD-5881,2024-06-18,Office Supplies,Binders,South,Home Office,7,291.31,41.39
ORD-4608,2024-06-18,Office Supplies,Paper,South,Corporate,7,320.22,68.7
ORD-5848,2024-06-18,Office Supplies,Binders,West,Corporate,1,37.9,5.53
ORD-2137,2024-06-19,Furniture,Tables,South,Corporate,3,947.11,96.0
ORD-5537,2024-06-19,Technology,Accessories,East,Corporate,7,3189.5,727.37
ORD-4559,2024-06-19,Furniture,Tables,East,Corporate,4,1378.98,104.2
ORD-2993,2024-06-19,Furniture,Bookcases,West,Corporate,7,2394.03,293.67
ORD-4865,2024-06-19,Office Supplies,Paper,West,Corporate,2,93.44,18.51
ORD-1630,2024-06-19,Office Supplies,Pens,Central,Corporate,2,79.94,13.66
ORD-5078,2024-06-19,Furniture,Bookcases,Central,Corporate,6,2113.72,269.64
ORD-1917,2024-06-20,Technology,Accessories,East,Home Office,6,2953.54,438.64
ORD-1235,2024-06-20,Office Supplies,Paper,Central,Consumer,1,34.86,5.84
ORD-6233,2024-06-20,Office Supplies,Binders,Central,Home Office,5,215.1,-35.95
ORD-1552,2024-06-20,Technology,Laptops,East,Home Office,2,960.43,216.66
ORD-6776,2024-06-20,Technology,Monitors,East,Corporate,6,2169.65,313.15
ORD-1716,2024-06-20,Office Supplies,Storage,South,Home Office,6,287.22,43.97
ORD-2639,2024-06-20,Office Supplies,Binders,East,Consumer,6,258.3,53.25
ORD-1014,2024-06-21,Technology,Printers,East,Home Office,7,2659.72,434.48
ORD-2825,2024-06-21,Technology,Accessories,Central,Corporate,6,3064.31,669.8
ORD-6659,2024-06-21,Technology,Printers,Central,Corporate,3,1395.84,271.13
ORD-2390,2024-06-21,Furniture,Chairs,West,Consumer,5,1520.63,215.84
ORD-5097,2024-06-21,Technology,Printers,Central,Consumer,6,2203.67,401.16
ORD-5992,2024-06-21,Technology,Printers,Central,Corporate,2,864.26,131.65
ORD-6477,2024-06-21,Technology,Monitors,West,Home Office,7,3163.51,613.1
ORD-5230,2024-06-21,Technology,Laptops,Central,Home Office,1,448.24,85.33
ORD-5281,2024-06-21,Technology,Accessories,South,Consumer,1,485.71,99.02
ORD-4522,2024-06-21,Technology,Laptops,East,Corporate,2,898.84,182.98
ORD-4404,2024-06-21,Office Supplies,Pens,East,Consumer,1,40.17,9.74
ORD-5471,2024-06-21,Office Supplies,Storage,South,Corporate,7,244.68,55.97
ORD-1204,2024-06-21,Office Supplies,Storage,South,Corporate,7,294.84,62.19
ORD-3267,2024-06-21,Furniture,Chairs,West,Home Office,7,1757.35,161.92
ORD-6691,2024-06-22,Office Supplies,Paper,South,Consumer,3,113.48,25.96
ORD-5985,2024-06-22,Office Supplies,Storage,West,Consumer,7,305.98,75.06
ORD-2684,2024-06-22,Furniture,Desks,West,Home Office,1,329.33,46.79
ORD-2214,2024-06-22,Office Supplies,Storage,West,Home Office,2,68.16,9.72
ORD-1544,2024-06-22,Office Supplies,Pens,East,Consumer,4,176.68,36.58
ORD-6647,2024-06-22,Office Supplies,Binders,West,Consumer,2,92.9,17.37
ORD-4044,2024-06-22,Office Supplies,Binders,Central,Corporate,3,110.75,29.6
ORD-2309,2024-06-22,Technology,Laptops,East,Home Office,7,3369.31,455.01
ORD-2955,2024-06-22,Furniture,Desks,East,Corporate,4,1263.81,167.44
ORD-1820,2024-06-23,Technology,Laptops,South,Corporate,1,399.14,61.55
ORD-4632,2024-06-23,Office Supplies,Paper,East,Home Office,6,197.67,49.74
ORD-6904,2024-06-23,Furniture,Chairs,East,Corporate,7,1945.27,161.59
ORD-6062,2024-06-23,Furniture,Desks,Central,Home Office,1,315.84,42.9
ORD-2749,2024-06-23,Technology,Laptops,South,Home Office,6,3008.64,446.76
ORD-4684,2024-06-23,Furniture,Chairs,Central,Corporate,7,2483.55,354.01
ORD-2052,2024-06-24,Technology,Monitors,South,Corporate,7,3360.47,748.91
ORD-1623,2024-06-24,Technology,Accessories,South,Home Office,3,1528.05,353.1
ORD-4973,2024-06-24,Technology,Printers,East,Corporate,5,2183.82,300.59
ORD-1737,2024-06-24,Furniture,Chairs,South,Corporate,5,1725.97,229.94
ORD-3738,2024-06-24,Furniture,Desks,East,Consumer,7,2316.56,297.3
ORD-4879,2024-06-24,Technology,Accessories,East,Corporate,4,1546.3,282.48
ORD-3487,2024-06-24,Furniture,Chairs,Central,Consumer,5,1701.51,200.43
ORD-3823,2024-06-25,Furniture,Desks,Central,Consumer,6,2007.15,250.04
ORD-6766,2024-06-25,Office Supplies,Binders,East,Home Office,7,236.25,-57.57
ORD-3616,2024-06-25,Office Supplies,Binders,South,Corporate,1,40.02,10.04
ORD-1024,2024-06-25,Office Supplies,Paper,South,Corporate,6,230.29,58.71
ORD-3249,2024-06-25,Technology,Accessories,East,Home Office,6,3114.5,697.0
ORD-3975,2024-06-25,Furniture,Bookcases,East,Home Office,2,625.83,68.89
ORD-4368,2024-06-25,Technology,Monitors,Central,Consumer,6,2379.7,342.82
ORD-5625,2024-06-25,Office Supplies,Storage,West,Consumer,5,194.02,28.29
ORD-6117,2024-06-26,Office Supplies,Binders,West,Corporate,2,92.13,24.58
ORD-5691,2024-06-26,Furniture,Tables,West,Corporate,5,1698.89,153.12
ORD-4296,2024-06-26,Furniture,Bookcases,South,Consumer,3,903.83,74.64
ORD-4046,2024-06-26,Furniture,Bookcases,Central,Corporate,5,1432.18,203.41
ORD-3666,2024-06-26,Office Supplies,Binders,West,Home Office,5,186.13,42.02
ORD-4111,2024-06-26,Furniture,Chairs,South,Corporate,7,1910.99,221.55
ORD-1506,2024-06-26,Furniture,Tables,West,Corporate,6,1748.87,155.46
ORD-3909,2024-06-26,Furniture,Desks,East,Consumer,2,618.31,69.67
ORD-1227,2024-06-26,Office Supplies,Pens,South,Consumer,5,188.13,38.91
ORD-4778,2024-06-27,Office Supplies,Storage,East,Corporate,7,266.77,61.98
ORD-6632,2024-06-27,Office Supplies,Pens,East,Home Office,4,160.32,32.34
ORD-1844,2024-06-27,Furniture,Desks,East,Home Office,1,306.07,26.99
ORD-2008,2024-06-27,Technology,Laptops,South,Consumer,1,438.96,59.48
ORD-5962,2024-06-27,Office Supplies,Binders,Central,Home Office,2,77.94,-17.65
ORD-3650,2024-06-27,Office Supplies,Paper,Central,Home Office,4,165.11,31.16
ORD-5702,2024-06-27,Technology,Printers,Central,Corporate,2,985.38,198.11
ORD-6740,2024-06-27,Office Supplies,Storage,East,Consumer,3,120.02,19.34
ORD-6594,2024-06-27,Office Supplies,Binders,West,Home Office,3,137.45,32.6
ORD-1812,2024-06-27,Office Supplies,Pens,West,Consumer,6,225.41,63.31
ORD-2198,2024-06-27,Office Supplies,Storage,East,Home Office,4,185.47,25.23
ORD-4888,2024-06-27,Technology,Printers,East,Home Office,6,2785.86,636.48
ORD-1736,2024-06-28,Office Supplies,Storage,East,Consumer,5,205.63,49.78
ORD-3471,2024-06-28,Technology,Monitors,Central,Consumer,1,451.04,85.68
ORD-6576,2024-06-28,Office Supplies,Paper,South,Consumer,1,47.52,8.08
ORD-4804,2024-06-28,Technology,Accessories,East,Home Office,5,2064.62,264.11
ORD-2699,2024-06-28,Office Supplies,Binders,East,Corporate,2,94.31,18.84
ORD-1889,2024-06-28,Office Supplies,Paper,East,Home Office,4,167.33,24.11
ORD-5980,2024-06-28,Technology,Monitors,East,Corporate,2,1069.78,190.76
ORD-3600,2024-06-29,Furniture,Bookcases,South,Home Office,7,1781.68,161.45
ORD-4198,2024-06-29,Technology,Printers,East,Corporate,1,452.0,104.59
ORD-3857,2024-06-29,Furniture,Chairs,East,Home Office,2,711.71,58.69
ORD-6610,2024-06-29,Technology,Accessories,East,Home Office,7,2582.51,560.47
ORD-2652,2024-06-29,Office Supplies,Storage,West,Corporate,6,276.85,66.57
ORD-3773,2024-06-29,Office Supplies,Pens,East,Consumer,2,67.02,12.32
ORD-4451,2024-06-29,Office Supplies,Storage,Central,Corporate,3,109.64,-12.15
ORD-1451,2024-06-29,Furniture,Desks,South,Consumer,3,963.91,75.24
ORD-3015,2024-06-29,Technology,Monitors,East,Corporate,7,3535.54,461.72
ORD-2219,2024-06-29,Office Supplies,Storage,West,Consumer,3,134.46,21.86
ORD-5749,2024-06-30,Office Supplies,Storage,Central,Corporate,2,91.37,25.52
ORD-3288,2024-06-30,Furniture,Desks,South,Consumer,4,1250.91,99.43
ORD-1113,2024-06-30,Office Supplies,Binders,South,Corporate,2,88.4,16.33
ORD-3072,2024-06-30,Technology,Monitors,West,Home Office,2,838.12,177.15
ORD-1209,2024-06-30,Office Supplies,Paper,East,Corporate,4,152.28,28.47
ORD-6369,2024-07-01,Office Supplies,Paper,West,Corporate,2,42.26,7.59
ORD-2113,2024-07-01,Technology,Printers,South,Home Office,6,2596.88,399.44
ORD-4527,2024-07-01,Technology,Laptops,Central,Consumer,7,3434.77,535.4
ORD-1990,2024-07-01,Furniture,Desks,South,Home Office,7,2197.64,247.37
ORD-1043,2024-07-01,Technology,Printers,West,Home Office,4,1675.19,355.66
ORD-6687,2024-07-02,Furniture,Bookcases,West,Consumer,1,326.43,29.44
ORD-5032,2024-07-02,Office Supplies,Paper,Central,Consumer,2,51.31,-10.89
ORD-4955,2024-07-02,Technology,Accessories,Central,Corporate,2,1075.85,152.82
ORD-1635,2024-07-02,Technology,Accessories,Central,Home Office,1,428.01,49.57
ORD-5613,2024-07-02,Furniture,Chairs,East,Corporate,7,1692.97,251.41
ORD-3643,2024-07-02,Furniture,Desks,South,Corporate,3,910.01,119.38
ORD-3400,2024-07-03,Office Supplies,Storage,Central,Consumer,5,92.92,15.27
ORD-5857,2024-07-03,Technology,Printers,East,Consumer,7,3030.12,553.77
ORD-2373,2024-07-03,Furniture,Bookcases,West,Home Office,2,670.39,68.53
ORD-2861,2024-07-03,Technology,Printers,Central,Corporate,3,1340.95,278.34
ORD-4063,2024-07-03,Office Supplies,Pens,East,Corporate,1,26.31,6.55
ORD-1266,2024-07-03,Office Supplies,Storage,Central,Home Office,2,42.0,7.01
ORD-2736,2024-07-03,Furniture,Tables,East,Consumer,4,1005.72,82.5
ORD-2653,2024-07-03,Office Supplies,Paper,South,Consumer,2,40.48,5.58
ORD-5771,2024-07-03,Furniture,Desks,South,Home Office,1,251.23,20.5
ORD-4170,2024-07-03,Technology,Accessories,South,Corporate,2,947.13,113.88
ORD-2658,2024-07-04,Office Supplies,Pens,West,Consumer,2,35.75,5.0
ORD-4743,2024-07-04,Furniture,Bookcases,West,Home Office,7,1776.95,146.93
ORD-5549,2024-07-04,Technology,Accessories,West,Home Office,4,2129.25,322.81
ORD-4421,2024-07-04,Office Supplies,Pens,Central,Home Office,4,100.31,28.48
ORD-2092,2024-07-04,Office Supplies,Binders,South,Consumer,5,122.57,31.6
ORD-2115,2024-07-04,Office Supplies,Paper,South,Corporate,3,60.85,8.84
ORD-2267,2024-07-04,Technology,Printers,West,Home Office,2,831.34,102.03
ORD-4824,2024-07-05,Technology,Laptops,West,Corporate,2,854.75,132.26
ORD-1839,2024-07-05,Office Supplies,Pens,West,Home Office,7,145.52,34.93
ORD-4902,2024-07-05,Office Supplies,Storage,South,Home Office,1,23.15,3.23
ORD-6428,2024-07-05,Technology,Printers,East,Consumer,4,1760.9,257.17
ORD-5672,2024-07-05,Furniture,Tables,Central,Consumer,4,1421.56,154.03
ORD-4406,2024-07-05,Technology,Printers,South,Home Office,2,774.96,119.48
ORD-6660,2024-07-05,Office Supplies,Pens,Central,Consumer,6,149.72,-21.89
ORD-3830,2024-07-06,Technology,Laptops,West,Corporate,4,2130.98,297.87
ORD-2175,2024-07-06,Technology,Laptops,Central,Consumer,3,1135.83,184.42
ORD-1228,2024-07-06,Technology,Printers,East,Home Office,4,1828.2,269.16
ORD-2837,2024-07-06,Technology,Laptops,South,Corporate,5,1945.45,281.89
ORD-6857,2024-07-06,Office Supplies,Paper,East,Consumer,1,22.1,3.82
ORD-3502,2024-07-06,Furniture,Tables,East,Consumer,2,641.69,59.94
ORD-4228,2024-07-06,Technology,Accessories,East,Corporate,3,1198.94,206.13
ORD-4079,2024-07-07,Office Supplies,Binders,East,Consumer,4,83.92,13.66
ORD-2915,2024-07-07,Office Supplies,Binders,West,Corporate,3,75.95,19.35
ORD-3164,2024-07-07,Office Supplies,Pens,South,Consumer,7,181.78,24.34
ORD-1898,2024-07-07,Office Supplies,Pens,Central,Corporate,7,160.12,44.64
ORD-5778,2024-07-07,Technology,Monitors,East,Corporate,4,1919.54,355.98
ORD-1174,2024-07-07,Technology,Laptops,West,Home Office,1,460.77,56.49
ORD-1347,2024-07-07,Office Supplies,Paper,East,Corporate,7,181.97,48.2
ORD-3454,2024-07-07,Technology,Monitors,East,Home Office,3,1443.81,212.93
ORD-2189,2024-07-07,Office Supplies,Binders,East,Home Office,3,59.9,8.31
ORD-5073,2024-07-07,Office Supplies,Binders,Central,Consumer,4,100.83,15.18
ORD-3383,2024-07-07,Technology,Laptops,South,Corporate,4,1765.71,219.1
ORD-3128,2024-07-07,Furniture,Bookcases,East,Consumer,4,1322.89,153.15
ORD-3130,2024-07-07,Technology,Printers,West,Corporate,6,2740.35,457.98
ORD-6837,2024-07-08,Furniture,Chairs,Central,Home Office,2,550.46,76.04
ORD-2133,2024-07-08,Technology,Printers,East,Home Office,6,2700.21,577.56
ORD-1168,2024-07-08,Office Supplies,Binders,West,Corporate,5,97.69,14.04
ORD-1756,2024-07-08,Technology,Monitors,East,Consumer,3,1243.5,217.73
ORD-5968,2024-07-08,Furniture,Chairs,South,Corporate,4,1127.2,141.3
ORD-4172,2024-07-08,Office Supplies,Paper,South,Consumer,7,179.14,25.57
ORD-4810,2024-07-08,Technology,Monitors,South,Corporate,7,2808.73,411.38
ORD-2203,2024-07-08,Technology,Monitors,South,Consumer,6,2487.78,376.93
ORD-2058,2024-07-08,Office Supplies,Paper,South,Home Office,4,102.68,15.98
ORD-4840,2024-07-08,Office Supplies,Pens,West,Corporate,5,99.09,26.79
ORD-2537,2024-07-09,Technology,Laptops,West,Consumer,1,502.27,66.51
ORD-1556,2024-07-09,Technology,Accessories,East,Home Office,4,1573.73,243.83
ORD-5424,2024-07-09,Furniture,Tables,South,Home Office,7,1819.79,180.79
ORD-5483,2024-07-09,Technology,Printers,Central,Consumer,7,2651.9,603.78
ORD-6093,2024-07-09,Technology,Monitors,Central,Corporate,7,2557.01,408.43
ORD-5463,2024-07-09,Office Supplies,Pens,Central,Consumer,6,116.1,30.4
ORD-6847,2024-07-09,Technology,Monitors,East,Corporate,1,438.24,78.58
ORD-1056,2024-07-09,Furniture,Desks,East,Corporate,5,1761.99,132.66
ORD-6643,2024-07-09,Office Supplies,Paper,Central,Corporate,6,123.75,31.85
ORD-4479,2024-07-09,Furniture,Tables,West,Home Office,2,617.85,56.0
ORD-6285,2024-07-10,Office Supplies,Storage,South,Home Office,4,99.48,17.76
ORD-2538,2024-07-10,Furniture,Chairs,South,Home Office,7,2077.96,289.18
ORD-1932,2024-07-10,Office Supplies,Binders,South,Home Office,2,40.75,9.66
ORD-3005,2024-07-10,Office Supplies,Binders,West,Consumer,3,53.33,12.61
ORD-3040,2024-07-10,Technology,Monitors,West,Corporate,3,1560.14,211.58
ORD-3079,2024-07-10,Office Supplies,Binders,West,Corporate,3,75.26,-4.31
ORD-5491,2024-07-10,Technology,Monitors,Central,Corporate,1,486.62,76.23
ORD-2742,2024-07-11,Technology,Accessories,Central,Home Office,7,3470.51,495.54
ORD-4995,2024-07-11,Furniture,Desks,West,Home Office,3,1001.87,107.02
ORD-5476,2024-07-11,Technology,Monitors,Central,Corporate,5,2555.05,460.97
ORD-3653,2024-07-11,Office Supplies,Storage,West,Home Office,4,86.06,17.47
ORD-3698,2024-07-11,Technology,Laptops,Central,Corporate,7,2597.13,440.64
ORD-6104,2024-07-11,Office Supplies,Paper,West,Home Office,6,121.32,33.16
ORD-4067,2024-07-12,Technology,Printers,South,Home Office,1,416.26,75.26
ORD-5413,2024-07-12,Office Supplies,Storage,South,Consumer,6,140.52,32.56
ORD-3117,2024-07-12,Technology,Laptops,East,Home Office,7,2545.59,455.23
ORD-5186,2024-07-12,Office Supplies,Binders,Central,Corporate,2,45.6,11.51
ORD-2075,2024-07-12,Office Supplies,Pens,Central,Corporate,6,128.99,32.32
ORD-5083,2024-07-12,Office Supplies,Binders,West,Consumer,4,83.44,19.64
ORD-1553,2024-07-12,Office Supplies,Pens,South,Corporate,4,100.25,26.89
ORD-1504,2024-07-12,Office Supplies,Pens,Central,Home Office,7,134.76,32.29
ORD-4128,2024-07-12,Technology,Accessories,Central,Home Office,1,500.83,113.02
ORD-6685,2024-07-12,Technology,Laptops,Central,Home Office,1,428.78,77.66
ORD-1770,2024-07-12,Technology,Accessories,South,Corporate,5,1901.97,246.61
ORD-6313,2024-07-13,Office Supplies,Binders,West,Corporate,3,53.19,-4.99
ORD-2345,2024-07-13,Technology,Laptops,Central,Consumer,4,1840.95,263.32
ORD-5748,2024-07-13,Technology,Printers,South,Home Office,1,524.05,66.65
ORD-4549,2024-07-13,Technology,Accessories,Central,Home Office,7,3316.22,404.29
ORD-1384,2024-07-13,Technology,Printers,East,Home Office,1,458.82,62.23
ORD-1822,2024-07-13,Furniture,Tables,East,Corporate,6,1449.07,182.78
ORD-3020,2024-07-13,Technology,Printers,East,Home Office,6,2358.86,504.53
ORD-3963,2024-07-13,Technology,Accessories,Central,Corporate,2,960.06,169.01
ORD-6328,2024-07-13,Office Supplies,Storage,South,Consumer,6,138.52,35.91
ORD-5340,2024-07-14,Technology,Accessories,East,Consumer,7,3018.58,685.34
ORD-1300,2024-07-14,Technology,Accessories,South,Home Office,4,1886.18,337.27
ORD-4564,2024-07-14,Technology,Laptops,Central,Consumer,7,3745.49,740.61
ORD-2463,2024-07-14,Office Supplies,Storage,West,Consumer,6,128.23,27.0
ORD-5943,2024-07-14,Furniture,Bookcases,East,Home Office,5,1406.39,146.47
ORD-2210,2024-07-14,Technology,Printers,Central,Consumer,6,3030.26,430.89
ORD-2290,2024-07-14,Technology,Accessories,East,Consumer,4,1595.38,204.19
ORD-4332,2024-07-14,Technology,Laptops,Central,Consumer,7,2600.42,596.68
ORD-3713,2024-07-15,Office Supplies,Paper,East,Home Office,7,177.84,44.61
ORD-4998,2024-07-15,Technology,Printers,West,Corporate,3,1455.02,307.52
ORD-3540,2024-07-15,Furniture,Bookcases,Central,Corporate,3,1057.03,148.06
ORD-3463,2024-07-15,Technology,Monitors,Central,Consumer,6,3086.16,478.99
ORD-6792,2024-07-15,Office Supplies,Binders,Central,Home Office,3,68.99,18.63
ORD-1974,2024-07-15,Furniture,Bookcases,Central,Consumer,1,312.46,30.34
ORD-3882,2024-07-15,Office Supplies,Storage,Central,Home Office,7,126.41,29.82
ORD-4767,2024-07-15,Furniture,Tables,East,Consumer,2,697.55,100.37
ORD-2270,2024-07-16,Technology,Laptops,South,Consumer,2,784.68,152.88
ORD-5645,2024-07-16,Technology,Accessories,Central,Home Office,1,402.97,85.75
ORD-1603,2024-07-16,Technology,Monitors,East,Corporate,7,3765.41,870.33
ORD-2870,2024-07-16,Furniture,Tables,West,Consumer,3,720.47,103.51
ORD-4981,2024-07-16,Office Supplies,Binders,East,Home Office,7,140.46,21.71
ORD-4062,2024-07-16,Office Supplies,Storage,West,Corporate,1,21.65,4.27
ORD-2901,2024-07-16,Technology,Accessories,West,Consumer,4,2094.74,397.59
ORD-6935,2024-07-16,Technology,Monitors,West,Consumer,7,3672.5,431.41
ORD-1044,2024-07-17,Office Supplies,Pens,South,Corporate,5,96.55,23.15
ORD-2671,2024-07-17,Office Supplies,Binders,Central,Consumer,7,168.42,42.7
ORD-5669,2024-07-17,Furniture,Desks,East,Home Office,1,281.39,42.08
ORD-1389,2024-07-17,Furniture,Chairs,Central,Consumer,2,667.92,88.21
ORD-6145,2024-07-18,Technology,Laptops,East,Consumer,6,2399.65,374.54
ORD-1666,2024-07-18,Office Supplies,Paper,Central,Home Office,4,100.9,-19.01
ORD-4266,2024-07-18,Furniture,Chairs,Central,Home Office,3,897.56,98.53
ORD-4777,2024-07-18,Office Supplies,Pens,Central,Corporate,4,71.66,16.59
ORD-5534,2024-07-18,Office Supplies,Storage,Central,Consumer,7,145.38,29.12
ORD-4232,2024-07-18,Furniture,Chairs,South,Consumer,6,1956.76,287.93
ORD-3081,2024-07-18,Office Supplies,Binders,South,Home Office,6,150.47,38.8
ORD-6581,2024-07-18,Office Supplies,Paper,Central,Corporate,1,25.1,5.07
ORD-3352,2024-07-18,Office Supplies,Pens,East,Home Office,5,108.91,20.03
ORD-3120,2024-07-19,Office Supplies,Pens,East,Corporate,1,23.17,3.49
ORD-5423,2024-07-19,Furniture,Tables,Central,Consumer,3,1020.73,134.47
ORD-1414,2024-07-19,Office Supplies,Binders,West,Corporate,6,128.45,-10.68
ORD-6342,2024-07-19,Office Supplies,Binders,Central,Consumer,6,141.46,35.64
ORD-6537,2024-07-19,Office Supplies,Pens,West,Corporate,2,42.17,5.82
ORD-4301,2024-07-19,Office Supplies,Storage,South,Consumer,4,75.26,20.65
ORD-1013,2024-07-19,Furniture,Bookcases,East,Home Office,6,2051.22,272.04
ORD-4703,2024-07-19,Furniture,Desks,West,Consumer,1,326.0,26.22
ORD-1594,2024-07-19,Office Supplies,Pens,South,Home Office,7,146.28,20.45
ORD-1299,2024-07-20,Technology,Monitors,South,Corporate,6,2623.2,562.53
ORD-4345,2024-07-20,Office Supplies,Binders,East,Corporate,5,91.74,23.71
ORD-2969,2024-07-20,Office Supplies,Pens,East,Consumer,2,39.3,5.72
ORD-1610,2024-07-20,Office Supplies,Paper,West,Corporate,1,23.1,3.83
ORD-6284,2024-07-20,Technology,Printers,South,Consumer,3,1175.85,142.44
ORD-5518,2024-07-20,Office Supplies,Pens,South,Home Office,6,112.82,-25.12
ORD-4202,2024-07-20,Office Supplies,Paper,West,Consumer,3,60.61,14.94
ORD-4708,2024-07-20,Furniture,Chairs,West,Corporate,1,332.83,44.59
ORD-6015,2024-07-20,Technology,Monitors,Central,Home Office,1,491.9,72.02
ORD-6052,2024-07-21,Furniture,Tables,Central,Corporate,3,905.67,112.2
ORD-5111,2024-07-21,Technology,Accessories,Central,Home Office,1,430.05,98.04
ORD-3801,2024-07-21,Technology,Monitors,East,Consumer,4,2097.35,326.17
ORD-1203,2024-07-21,Furniture,Desks,East,Home Office,5,1479.49,210.42
ORD-1913,2024-07-22,Technology,Monitors,South,Home Office,4,1966.33,231.35
ORD-3386,2024-07-22,Furniture,Chairs,West,Consumer,2,578.37,53.9
ORD-4288,2024-07-22,Technology,Laptops,Central,Corporate,6,3136.55,391.48
ORD-4123,2024-07-22,Technology,Accessories,South,Corporate,4,1762.0,274.82
ORD-6128,2024-07-22,Technology,Monitors,West,Home Office,7,2771.54,597.95
ORD-1606,2024-07-22,Technology,Laptops,South,Home Office,2,908.5,127.15
ORD-3191,2024-07-22,Furniture,Bookcases,West,Corporate,3,908.96,111.23
ORD-2320,2024-07-22,Office Supplies,Pens,West,Corporate,4,81.65,16.26
ORD-5486,2024-07-22,Technology,Printers,East,Consumer,7,3363.1,711.63
ORD-3306,2024-07-22,Technology,Accessories,Central,Consumer,1,428.57,68.29
ORD-2279,2024-07-23,Office Supplies,Paper,Central,Home Office,6,105.62,28.84
ORD-1648,2024-07-23,Technology,Printers,West,Home Office,5,1904.81,236.22
ORD-5072,2024-07-23,Furniture,Desks,Central,Consumer,5,1664.91,137.12
ORD-6359,2024-07-23,Technology,Monitors,South,Home Office,6,2396.38,537.33
ORD-4721,2024-07-23,Furniture,Desks,West,Consumer,7,1833.38,237.71
ORD-2761,2024-07-23,Furniture,Tables,South,Corporate,4,1085.34,108.67
ORD-1036,2024-07-23,Office Supplies,Storage,East,Consumer,5,106.84,29.96
ORD-5447,2024-07-23,Office Supplies,Storage,East,Home Office,7,150.62,42.81
ORD-6695,2024-07-24,Furniture,Tables,South,Home Office,2,679.35,56.4
ORD-2752,2024-07-24,Technology,Accessories,Central,Corporate,1,364.05,78.6
ORD-3436,2024-07-24,Furniture,Tables,South,Corporate,1,258.89,37.26
ORD-1473,2024-07-24,Office Supplies,Binders,West,Consumer,1,25.73,5.44
ORD-4034,2024-07-24,Office Supplies,Paper,East,Consumer,4,89.92,18.29
ORD-6446,2024-07-24,Furniture,Tables,East,Consumer,5,1708.47,126.89
ORD-3534,2024-07-24,Office Supplies,Pens,Central,Corporate,4,77.93,11.41
ORD-4153,2024-07-24,Technology,Accessories,West,Home Office,7,3655.5,842.11
ORD-6726,2024-07-24,Technology,Printers,West,Corporate,6,2336.61,544.85
ORD-2042,2024-07-24,Office Supplies,Binders,West,Corporate,5,110.51,15.5
ORD-6872,2024-07-25,Furniture,Bookcases,East,Consumer,5,1490.49,147.77
ORD-6358,2024-07-25,Technology,Printers,South,Home Office,5,2248.25,364.93
ORD-5430,2024-07-25,Furniture,Tables,South,Corporate,3,973.17,88.98
ORD-5758,2024-07-25,Furniture,Tables,West,Home Office,2,684.81,53.68
ORD-3545,2024-07-25,Office Supplies,Paper,West,Consumer,5,126.6,32.71
ORD-4843,2024-07-25,Furniture,Chairs,West,Corporate,7,2219.03,226.79
ORD-2111,2024-07-25,Office Supplies,Pens,East,Corporate,7,163.23,-34.61
ORD-4042,2024-07-25,Technology,Monitors,West,Home Office,5,2015.86,436.75
ORD-4614,2024-07-25,Technology,Laptops,Central,Home Office,2,1079.94,225.78
ORD-5899,2024-07-25,Office Supplies,Storage,Central,Home Office,5,97.11,-18.91
ORD-6199,2024-07-25,Office Supplies,Pens,South,Corporate,7,179.41,-37.48
ORD-5506,2024-07-25,Technology,Monitors,Central,Home Office,6,2543.21,497.54
ORD-6004,2024-07-26,Office Supplies,Binders,South,Consumer,5,106.35,15.65
ORD-4437,2024-07-26,Technology,Laptops,Central,Home Office,1,366.68,69.7
ORD-1769,2024-07-26,Furniture,Desks,Central,Corporate,5,1374.03,122.18
ORD-4029,2024-07-26,Office Supplies,Paper,Central,Home Office,1,24.92,3.53
ORD-5646,2024-07-26,Technology,Printers,South,Corporate,1,451.48,55.23
ORD-4177,2024-07-26,Office Supplies,Binders,South,Home Office,7,172.39,30.97
ORD-3549,2024-07-26,Office Supplies,Pens,West,Consumer,6,115.87,26.44
ORD-4216,2024-07-26,Office Supplies,Binders,East,Consumer,7,139.49,37.09
ORD-1720,2024-07-26,Technology,Monitors,Central,Corporate,5,1838.47,398.85
ORD-2864,2024-07-26,Office Supplies,Pens,West,Corporate,4,95.56,25.87
ORD-3921,2024-07-26,Office Supplies,Storage,East,Home Office,1,25.74,6.87
ORD-4318,2024-07-26,Office Supplies,Paper,East,Consumer,6,129.88,21.61
ORD-1333,2024-07-26,Office Supplies,Paper,Central,Consumer,3,72.08,10.23
ORD-1848,2024-07-26,Office Supplies,Paper,West,Consumer,3,59.67,14.45
ORD-6986,2024-07-27,Office Supplies,Binders,East,Corporate,6,137.36,31.55
ORD-1888,2024-07-27,Furniture,Bookcases,West,Home Office,1,260.97,33.0
ORD-5244,2024-07-27,Technology,Accessories,East,Home Office,7,2560.73,541.35
ORD-2131,2024-07-27,Technology,Monitors,East,Home Office,4,1705.96,292.97
ORD-5654,2024-07-27,Technology,Accessories,West,Home Office,7,3348.6,708.26
ORD-3129,2024-07-27,Technology,Monitors,West,Consumer,6,2559.56,325.29
ORD-2484,2024-07-27,Furniture,Bookcases,West,Corporate,2,542.79,61.71
ORD-3529,2024-07-28,Technology,Monitors,East,Corporate,2,930.48,108.31
ORD-6679,2024-07-28,Office Supplies,Binders,South,Home Office,1,19.85,3.86
ORD-5152,2024-07-28,Furniture,Chairs,East,Home Office,5,1205.56,114.79
ORD-6373,2024-07-28,Technology,Accessories,Central,Home Office,7,2683.09,332.14
ORD-3901,2024-07-28,Office Supplies,Pens,Central,Consumer,4,82.5,21.14
ORD-2355,2024-07-28,Furniture,Chairs,Central,Consumer,1,270.41,21.16
ORD-4268,2024-07-29,Office Supplies,Storage,East,Corporate,6,149.88,30.69
ORD-6172,2024-07-29,Technology,Monitors,South,Corporate,5,1866.72,270.94
ORD-2280,2024-07-29,Technology,Monitors,Central,Home Office,2,737.42,93.44
ORD-6763,2024-07-29,Technology,Monitors,Central,Corporate,5,2506.02,495.5
ORD-2077,2024-07-29,Office Supplies,Binders,West,Corporate,4,87.98,19.89
ORD-6408,2024-07-29,Office Supplies,Pens,Central,Consumer,6,118.21,18.74
ORD-1103,2024-07-29,Furniture,Bookcases,Central,Consumer,3,933.8,96.2
ORD-5908,2024-07-29,Office Supplies,Pens,East,Consumer,4,102.59,-20.94
ORD-3422,2024-07-29,Technology,Monitors,East,Corporate,5,2351.16,535.69
ORD-5987,2024-07-30,Furniture,Desks,East,Corporate,2,530.08,62.82
ORD-5256,2024-07-30,Furniture,Desks,West,Home Office,5,1557.02,189.06
ORD-5986,2024-07-30,Office Supplies,Storage,East,Home Office,4,70.43,19.39
ORD-3441,2024-07-30,Office Supplies,Paper,East,Consumer,4,73.97,14.64
ORD-5352,2024-07-30,Office Supplies,Paper,Central,Home Office,3,67.89,12.17
ORD-3337,2024-07-30,Office Supplies,Paper,South,Home Office,5,125.32,19.06
ORD-3537,2024-07-30,Furniture,Tables,East,Consumer,2,581.13,85.41
ORD-3573,2024-07-30,Furniture,Chairs,Central,Corporate,1,267.76,26.79
ORD-4342,2024-07-30,Furniture,Chairs,Central,Corporate,3,724.97,106.88
ORD-4187,2024-07-30,Technology,Accessories,Central,Home Office,5,2070.88,467.27
ORD-6113,2024-07-30,Office Supplies,Binders,East,Corporate,7,123.54,32.36
ORD-3881,2024-07-30,Office Supplies,Pens,South,Home Office,5,111.0,16.54
ORD-2933,2024-07-31,Office Supplies,Pens,South,Corporate,2,37.82,8.49
ORD-4331,2024-07-31,Office Supplies,Binders,West,Consumer,7,179.29,38.51
ORD-2938,2024-07-31,Technology,Laptops,Central,Corporate,6,3166.14,729.94
ORD-3445,2024-07-31,Technology,Monitors,West,Corporate,4,1968.8,336.92
ORD-6830,2024-08-01,Technology,Monitors,South,Consumer,1,428.23,74.89
ORD-4797,2024-08-01,Technology,Monitors,South,Corporate,3,1097.91,197.07
ORD-3093,2024-08-01,Office Supplies,Binders,South,Consumer,3,68.55,19.22
ORD-2568,2024-08-01,Technology,Printers,Central,Home Office,2,855.5,124.37
ORD-2138,2024-08-01,Furniture,Bookcases,South,Consumer,6,1967.87,157.23
ORD-3620,2024-08-01,Furniture,Tables,South,Corporate,4,1213.55,126.0
ORD-3200,2024-08-01,Furniture,Tables,South,Home Office,6,2134.24,257.44
ORD-6252,2024-08-02,Office Supplies,Pens,Central,Consumer,4,105.14,22.43
ORD-4548,2024-08-02,Technology,Accessories,East,Consumer,4,1720.06,335.18
ORD-2084,2024-08-02,Furniture,Bookcases,Central,Home Office,7,2033.08,307.52
ORD-2231,2024-08-03,Technology,Laptops,East,Corporate,4,1547.47,214.12
ORD-6053,2024-08-03,Office Supplies,Storage,West,Corporate,1,18.55,3.52
ORD-5819,2024-08-03,Technology,Monitors,South,Home Office,2,997.49,172.82
ORD-2362,2024-08-03,Furniture,Bookcases,East,Home Office,4,1313.76,114.24
ORD-4426,2024-08-03,Technology,Accessories,South,Corporate,1,493.85,65.97
ORD-1856,2024-08-03,Furniture,Bookcases,Central,Home Office,7,2448.84,230.97
ORD-1353,2024-08-03,Furniture,Chairs,Central,Corporate,5,1273.8,151.49
ORD-4417,2024-08-03,Technology,Monitors,West,Consumer,2,931.98,105.26
ORD-1832,2024-08-04,Technology,Printers,South,Corporate,7,2725.83,330.22
ORD-3484,2024-08-04,Office Supplies,Binders,Central,Home Office,6,137.92,23.28
ORD-5123,2024-08-04,Office Supplies,Pens,South,Consumer,6,108.72,28.53
ORD-5273,2024-08-04,Technology,Printers,West,Corporate,4,2034.7,312.95
ORD-4858,2024-08-04,Office Supplies,Binders,West,Consumer,4,87.16,18.12
ORD-5563,2024-08-04,Furniture,Tables,South,Corporate,1,293.22,36.93
ORD-6656,2024-08-04,Furniture,Desks,West,Consumer,4,1001.05,145.24
ORD-2230,2024-08-05,Office Supplies,Binders,East,Consumer,3,56.34,-12.6
ORD-5553,2024-08-05,Technology,Monitors,West,Consumer,4,1687.61,367.61
ORD-2066,2024-08-05,Technology,Laptops,South,Home Office,3,1232.82,139.04
ORD-2109,2024-08-05,Technology,Accessories,Central,Corporate,4,1620.71,314.6
ORD-1060,2024-08-05,Technology,Accessories,South,Consumer,1,512.49,78.27
ORD-4496,2024-08-05,Office Supplies,Paper,West,Consumer,5,94.85,19.6
ORD-1640,2024-08-05,Technology,Accessories,West,Consumer,4,1590.36,183.49
ORD-2790,2024-08-05,Furniture,Desks,Central,Consumer,7,2053.01,158.91
ORD-5772,2024-08-05,Office Supplies,Binders,West,Corporate,7,140.99,27.91
ORD-3147,2024-08-06,Technology,Monitors,South,Corporate,2,1019.47,122.37
ORD-1195,2024-08-06,Office Supplies,Storage,West,Corporate,4,82.35,11.89
ORD-1563,2024-08-06,Furniture,Desks,East,Consumer,1,286.81,29.21
ORD-2826,2024-08-06,Office Supplies,Paper,Central,Home Office,2,51.45,14.63
ORD-1747,2024-08-06,Office Supplies,Paper,East,Corporate,6,129.19,21.15
ORD-6348,2024-08-06,Furniture,Desks,South,Consumer,1,310.11,28.79
ORD-6255,2024-08-07,Office Supplies,Paper,East,Home Office,5,117.7,23.36
ORD-4244,2024-08-07,Office Supplies,Storage,South,Home Office,6,138.2,22.78
ORD-6203,2024-08-07,Technology,Monitors,South,Corporate,2,859.97,187.99
ORD-6560,2024-08-07,Technology,Laptops,Central,Consumer,5,2475.92,571.87
ORD-5754,2024-08-08,Technology,Printers,East,Corporate,5,2307.32,507.83
ORD-5243,2024-08-08,Technology,Monitors,Central,Corporate,4,1894.1,242.48
ORD-4750,2024-08-08,Furniture,Desks,South,Home Office,7,2498.84,307.21
ORD-5128,2024-08-08,Office Supplies,Paper,Central,Home Office,1,18.58,4.39
ORD-4923,2024-08-08,Office Supplies,Storage,West,Consumer,7,152.83,32.17
ORD-1738,2024-08-08,Furniture,Chairs,East,Corporate,1,253.79,18.35
ORD-2975,2024-08-08,Technology,Printers,East,Consumer,2,1020.81,112.59
ORD-3470,2024-08-08,Office Supplies,Pens,South,Consumer,2,39.88,6.2
ORD-2739,2024-08-08,Office Supplies,Paper,Central,Corporate,2,51.98,12.66
ORD-3564,2024-08-08,Office Supplies,Paper,Central,Consumer,6,118.24,28.67
ORD-4132,2024-08-08,Furniture,Tables,South,Corporate,4,985.91,142.66
ORD-3433,2024-08-08,Technology,Printers,West,Consumer,6,2859.24,426.54
ORD-5346,2024-08-09,Furniture,Chairs,East,Home Office,2,679.94,89.92
ORD-2499,2024-08-09,Technology,Monitors,Central,Home Office,2,1055.7,213.79
ORD-4883,2024-08-09,Technology,Accessories,Central,Home Office,1,457.93,50.01
ORD-5515,2024-08-09,Furniture,Bookcases,East,Consumer,6,1957.55,202.5
ORD-4320,2024-08-09,Office Supplies,Pens,West,Consumer,3,75.79,14.84
ORD-2051,2024-08-09,Furniture,Chairs,South,Corporate,5,1768.14,163.06
ORD-6951,2024-08-09,Technology,Accessories,West,Consumer,3,1323.2,284.5
ORD-4009,2024-08-09,Furniture,Desks,South,Corporate,2,524.28,53.01
ORD-5442,2024-08-10,Office Supplies,Binders,Central,Consumer,4,99.38,23.26
ORD-6651,2024-08-10,Office Supplies,Paper,Central,Home Office,6,109.28,18.8
ORD-3950,2024-08-10,Furniture,Desks,South,Consumer,2,533.58,45.73
ORD-2543,2024-08-10,Furniture,Chairs,East,Home Office,6,1503.68,228.81
ORD-4162,2024-08-10,Office Supplies,Storage,East,Consumer,6,156.97,-9.02
ORD-3343,2024-08-10,Furniture,Bookcases,West,Consumer,6,1865.76,153.33
ORD-5009,2024-08-10,Office Supplies,Paper,Central,Home Office,4,93.53,19.19
ORD-2143,2024-08-10,Technology,Monitors,East,Home Office,1,524.6,112.22
ORD-2357,2024-08-11,Furniture,Chairs,West,Corporate,6,2157.83,232.5
ORD-5060,2024-08-11,Furniture,Chairs,West,Consumer,3,989.94,148.12
ORD-6186,2024-08-11,Technology,Monitors,South,Corporate,3,1349.42,181.59
ORD-2701,2024-08-11,Office Supplies,Pens,East,Corporate,1,20.66,2.85
ORD-4005,2024-08-11,Office Supplies,Storage,Central,Consumer,3,63.93,17.31
ORD-3430,2024-08-11,Technology,Laptops,West,Home Office,5,2170.29,329.37
ORD-5561,2024-08-11,Furniture,Desks,South,Consumer,6,2114.53,269.47
ORD-1679,2024-08-11,Furniture,Desks,East,Corporate,6,1883.1,148.49
ORD-5864,2024-08-11,Technology,Printers,South,Corporate,5,2662.31,572.83
ORD-1625,2024-08-11,Furniture,Chairs,South,Corporate,5,1616.79,165.93
ORD-6507,2024-08-11,Office Supplies,Binders,East,Consumer,3,68.63,15.12
ORD-5232,2024-08-12,Furniture,Chairs,East,Consumer,3,894.84,74.38
ORD-6565,2024-08-12,Furniture,Desks,East,Home Office,2,719.82,56.93
ORD-3216,2024-08-12,Furniture,Desks,East,Consumer,3,788.4,79.51
ORD-1631,2024-08-12,Office Supplies,Paper,Central,Home Office,4,96.1,22.17
ORD-6424,2024-08-12,Technology,Printers,South,Corporate,7,3191.39,684.95
ORD-4591,2024-08-12,Furniture,Chairs,Central,Corporate,7,2041.86,261.68
ORD-1697,2024-08-12,Office Supplies,Paper,Central,Corporate,7,146.82,38.29
ORD-4791,2024-08-12,Office Supplies,Binders,West,Home Office,5,96.3,17.6
ORD-1993,2024-08-13,Office Supplies,Binders,East,Consumer,5,89.6,21.88
ORD-5539,2024-08-13,Office Supplies,Storage,Central,Consumer,3,62.16,11.4
ORD-3011,2024-08-13,Office Supplies,Binders,South,Home Office,5,111.76,22.17
ORD-4075,2024-08-13,Office Supplies,Pens,East,Home Office,2,47.0,11.1
ORD-2780,2024-08-13,Office Supplies,Binders,Central,Home Office,7,173.58,31.99
ORD-3090,2024-08-13,Office Supplies,Binders,Central,Home Office,5,90.93,16.85
ORD-4592,2024-08-13,Technology,Printers,East,Corporate,5,2637.68,514.57
ORD-4746,2024-08-13,Furniture,Tables,Central,Consumer,2,482.87,62.45
ORD-2732,2024-08-13,Office Supplies,Storage,Central,Home Office,6,124.36,34.59
ORD-4691,2024-08-13,Office Supplies,Paper,South,Home Office,7,148.32,40.01
ORD-5795,2024-08-14,Office Supplies,Paper,West,Consumer,5,105.94,16.92
ORD-6556,2024-08-14,Technology,Laptops,East,Consumer,3,1190.37,180.92
ORD-4188,2024-08-14,Furniture,Chairs,Central,Corporate,5,1685.23,148.28
ORD-4390,2024-08-14,Office Supplies,Paper,East,Consumer,4,93.5,17.39
ORD-3840,2024-08-14,Technology,Monitors,South,Corporate,2,961.05,130.47
ORD-5207,2024-08-14,Furniture,Desks,South,Consumer,1,330.47,30.03
ORD-5564,2024-08-15,Technology,Printers,West,Home Office,6,2761.0,456.62
ORD-2493,2024-08-15,Furniture,Bookcases,South,Corporate,7,2480.24,259.02
ORD-3179,2024-08-15,Office Supplies,Pens,West,Corporate,6,152.54,22.17
ORD-2071,2024-08-15,Technology,Printers,West,Consumer,4,1521.55,312.5
ORD-4918,2024-08-15,Office Supplies,Binders,Central,Home Office,5,88.4,12.44
ORD-3326,2024-08-15,Furniture,Desks,Central,Corporate,1,308.74,26.55
ORD-2884,2024-08-15,Technology,Laptops,Central,Corporate,6,3171.97,432.43
ORD-3825,2024-08-15,Office Supplies,Storage,Central,Consumer,7,128.7,20.15
ORD-4194,2024-08-15,Technology,Accessories,Central,Home Office,7,3632.17,767.48
ORD-1375,2024-08-15,Technology,Laptops,East,Home Office,6,2398.41,480.85
ORD-5489,2024-08-15,Furniture,Tables,Central,Consumer,7,1771.81,186.94
ORD-3004,2024-08-16,Furniture,Chairs,South,Corporate,6,2075.44,190.34
ORD-6376,2024-08-16,Furniture,Chairs,South,Corporate,7,2087.39,273.15
ORD-2865,2024-08-16,Furniture,Tables,Central,Corporate,2,589.47,52.62
ORD-4159,2024-08-16,Furniture,Tables,Central,Corporate,2,595.47,82.34
ORD-5324,2024-08-16,Technology,Laptops,East,Consumer,6,2649.84,551.98
ORD-2291,2024-08-16,Technology,Printers,East,Consumer,7,2693.75,554.3
ORD-4235,2024-08-16,Technology,Laptops,East,Consumer,2,1019.55,143.81
ORD-2707,2024-08-16,Technology,Printers,Central,Home Office,2,1026.29,176.79
ORD-5741,2024-08-16,Furniture,Bookcases,East,Corporate,6,1491.31,121.39
ORD-2456,2024-08-16,Office Supplies,Paper,Central,Corporate,2,40.23,7.68
ORD-3854,2024-08-17,Technology,Laptops,East,Corporate,3,1576.13,247.08
ORD-5790,2024-08-17,Furniture,Bookcases,Central,Consumer,2,522.89,60.25
ORD-1561,2024-08-17,Office Supplies,Paper,West,Consumer,2,38.45,7.62
ORD-3796,2024-08-17,Technology,Monitors,East,Home Office,4,2036.93,415.3
ORD-1148,2024-08-17,Office Supplies,Paper,East,Consumer,2,47.35,6.88
ORD-2216,2024-08-17,Technology,Laptops,West,Consumer,4,1915.72,436.36
ORD-4081,2024-08-17,Office Supplies,Storage,South,Home Office,4,78.62,11.71
ORD-5559,2024-08-17,Office Supplies,Pens,West,Home Office,1,26.39,4.49
ORD-3461,2024-08-17,Office Supplies,Pens,West,Consumer,4,76.64,-10.23
ORD-6615,2024-08-17,Office Supplies,Paper,Central,Corporate,2,37.53,9.34
ORD-2536,2024-08-17,Furniture,Desks,Central,Home Office,2,654.02,100.11
ORD-3262,2024-08-17,Technology,Accessories,South,Corporate,3,1574.84,250.65
ORD-2650,2024-08-17,Furniture,Tables,West,Home Office,3,1040.92,89.45
ORD-4510,2024-08-18,Furniture,Desks,West,Home Office,5,1463.1,140.57
ORD-5266,2024-08-18,Furniture,Bookcases,Central,Corporate,1,353.02,26.23
ORD-3283,2024-08-18,Office Supplies,Storage,West,Consumer,2,43.57,8.29
ORD-6152,2024-08-18,Technology,Accessories,West,Home Office,5,2107.26,270.75
ORD-5892,2024-08-18,Technology,Printers,South,Corporate,3,1235.79,270.11
ORD-4846,2024-08-18,Technology,Printers,West,Corporate,5,2443.43,280.13
ORD-4325,2024-08-18,Office Supplies,Pens,South,Consumer,5,95.54,26.3
ORD-5556,2024-08-19,Office Supplies,Paper,East,Home Office,5,125.19,32.48
ORD-5785,2024-08-19,Furniture,Chairs,Central,Consumer,2,703.85,87.67
ORD-6488,2024-08-19,Technology,Printers,Central,Home Office,2,829.85,177.88
ORD-2264,2024-08-19,Office Supplies,Paper,West,Corporate,7,174.48,34.42
ORD-2548,2024-08-19,Office Supplies,Binders,East,Home Office,7,177.04,24.61
ORD-2807,2024-08-19,Office Supplies,Pens,Central,Consumer,1,24.41,6.71
ORD-5788,2024-08-19,Furniture,Chairs,Central,Consumer,7,1909.84,242.11
ORD-3297,2024-08-19,Office Supplies,Binders,West,Corporate,3,62.37,13.67
ORD-1802,2024-08-19,Technology,Laptops,South,Home Office,7,3015.07,423.91
ORD-6572,2024-08-19,Furniture,Bookcases,East,Consumer,2,602.14,83.76
ORD-1448,2024-08-19,Office Supplies,Paper,East,Home Office,6,138.59,36.07
ORD-5963,2024-08-19,Office Supplies,Paper,South,Home Office,1,22.23,3.89
ORD-3954,2024-08-19,Technology,Accessories,East,Corporate,7,2988.43,538.36
ORD-5880,2024-08-20,Office Supplies,Binders,East,Corporate,7,179.63,33.72
ORD-4413,2024-08-20,Technology,Laptops,South,Consumer,3,1275.31,230.93
ORD-1219,2024-08-20,Office Supplies,Paper,South,Consumer,1,18.4,2.74
ORD-1018,2024-08-20,Technology,Laptops,Central,Corporate,1,507.24,109.79
ORD-1620,2024-08-20,Office Supplies,Pens,South,Home Office,6,111.84,-21.52
ORD-1675,2024-08-20,Technology,Printers,Central,Consumer,3,1112.89,124.53
ORD-4019,2024-08-20,Technology,Monitors,South,Consumer,5,2174.16,397.7
ORD-5729,2024-08-20,Office Supplies,Storage,South,Home Office,2,46.72,13.08
ORD-4493,2024-08-21,Furniture,Bookcases,Central,Home Office,1,335.19,42.76
ORD-5372,2024-08-21,Furniture,Desks,Central,Corporate,2,698.67,93.72
ORD-2726,2024-08-21,Furniture,Tables,West,Home Office,1,322.0,30.28
ORD-5235,2024-08-21,Technology,Laptops,West,Home Office,1,402.3,77.4
ORD-3599,2024-08-21,Furniture,Tables,South,Home Office,4,1211.13,124.08
ORD-5950,2024-08-21,Furniture,Bookcases,South,Consumer,6,1915.5,191.68
ORD-4385,2024-08-21,Technology,Accessories,South,Home Office,6,2977.7,408.11
ORD-1684,2024-08-21,Technology,Monitors,East,Home Office,3,1567.74,174.18
ORD-2068,2024-08-21,Office Supplies,Pens,West,Home Office,1,26.12,7.46
ORD-6743,2024-08-21,Technology,Printers,West,Home Office,1,480.16,99.05
ORD-6272,2024-08-21,Furniture,Desks,South,Consumer,2,537.13,83.6
ORD-6786,2024-08-21,Furniture,Tables,South,Corporate,2,693.49,74.91
ORD-5436,2024-08-21,Technology,Accessories,Central,Home Office,6,2526.4,436.99
ORD-6309,2024-08-22,Technology,Accessories,East,Corporate,7,3451.44,682.6
ORD-6380,2024-08-22,Technology,Printers,East,Corporate,3,1386.9,285.67
ORD-1090,2024-08-22,Technology,Printers,East,Corporate,7,3164.69,404.38
ORD-4120,2024-08-22,Technology,Laptops,West,Consumer,7,3626.22,803.42
ORD-5174,2024-08-22,Technology,Monitors,South,Consumer,6,2715.78,442.09
ORD-2101,2024-08-22,Office Supplies,Storage,East,Corporate,1,21.14,5.44
ORD-1815,2024-08-22,Technology,Monitors,South,Home Office,2,1000.57,173.93
ORD-3708,2024-08-22,Technology,Printers,Central,Consumer,3,1089.9,192.59
ORD-4452,2024-08-22,Office Supplies,Pens,Central,Consumer,6,146.31,25.15
ORD-1350,2024-08-22,Office Supplies,Binders,Central,Consumer,1,23.29,5.22
ORD-3995,2024-08-22,Office Supplies,Pens,South,Corporate,3,78.72,13.54
ORD-2593,2024-08-22,Technology,Monitors,Central,Home Office,7,3127.16,559.6
ORD-1707,2024-08-22,Furniture,Bookcases,East,Consumer,5,1752.41,176.96
ORD-5180,2024-08-22,Technology,Accessories,East,Consumer,6,2670.74,547.08
ORD-6992,2024-08-22,Office Supplies,Binders,East,Consumer,3,68.87,11.74
ORD-5525,2024-08-22,Furniture,Chairs,East,Home Office,5,1399.56,195.31
ORD-6420,2024-08-22,Technology,Monitors,South,Corporate,3,1306.05,299.55
ORD-5851,2024-08-23,Furniture,Tables,East,Home Office,3,1023.3,150.96
ORD-6017,2024-08-23,Technology,Accessories,West,Corporate,3,1221.76,279.57
ORD-5619,2024-08-23,Office Supplies,Pens,East,Consumer,5,125.85,29.65
ORD-3757,2024-08-23,Office Supplies,Pens,East,Corporate,4,78.23,19.21
ORD-4661,2024-08-23,Office Supplies,Pens,West,Consumer,4,71.53,13.26
ORD-5364,2024-08-23,Technology,Printers,West,Corporate,4,2068.25,402.73
ORD-3175,2024-08-23,Furniture,Bookcases,South,Corporate,2,563.69,59.53
ORD-1193,2024-08-23,Office Supplies,Binders,West,Corporate,2,49.66,-9.14
ORD-1851,2024-08-23,Office Supplies,Binders,West,Corporate,7,173.05,36.09
ORD-6155,2024-08-23,Office Supplies,Paper,East,Corporate,6,143.42,28.5
ORD-2965,2024-08-23,Technology,Printers,South,Consumer,4,1962.98,324.8
ORD-5886,2024-08-23,Furniture,Desks,East,Corporate,6,1973.96,170.13
ORD-1912,2024-08-23,Furniture,Tables,West,Home Office,1,320.68,31.94
ORD-2091,2024-08-23,Furniture,Bookcases,West,Corporate,6,1892.46,199.04
ORD-5918,2024-08-23,Furniture,Desks,East,Home Office,4,1404.45,218.69
ORD-2796,2024-08-24,Office Supplies,Pens,South,Corporate,3,72.43,17.21
ORD-6487,2024-08-24,Office Supplies,Binders,South,Corporate,7,170.84,26.73
ORD-1503,2024-08-24,Technology,Accessories,East,Corporate,6,2396.21,438.53
ORD-1102,2024-08-24,Furniture,Chairs,South,Consumer,4,1015.12,125.16
ORD-5386,2024-08-24,Office Supplies,Pens,Central,Corporate,2,44.97,7.4
ORD-1609,2024-08-24,Office Supplies,Paper,West,Corporate,1,23.61,4.68
ORD-2148,2024-08-25,Office Supplies,Binders,Central,Home Office,7,143.32,20.16
ORD-3442,2024-08-25,Office Supplies,Storage,South,Corporate,6,155.85,35.39
ORD-5973,2024-08-25,Technology,Monitors,Central,Consumer,7,2580.42,478.76
ORD-3121,2024-08-25,Furniture,Tables,East,Home Office,3,797.31,69.92
ORD-2683,2024-08-25,Technology,Accessories,East,Home Office,6,2573.2,383.55
ORD-4353,2024-08-25,Office Supplies,Storage,West,Consumer,5,130.62,23.87
ORD-3203,2024-08-25,Technology,Laptops,East,Home Office,5,1907.86,417.42
ORD-4135,2024-08-25,Furniture,Desks,West,Home Office,5,1378.08,214.64
ORD-4013,2024-08-26,Office Supplies,Pens,South,Corporate,6,113.47,-10.64
ORD-5249,2024-08-26,Technology,Accessories,Central,Corporate,5,2481.21,377.25
ORD-4792,2024-08-26,Technology,Accessories,East,Home Office,5,2552.05,534.32
ORD-2160,2024-08-26,Furniture,Desks,West,Corporate,7,2481.47,225.2
ORD-5492,2024-08-26,Technology,Monitors,West,Consumer,5,2686.68,572.95
ORD-6207,2024-08-26,Furniture,Bookcases,Central,Home Office,5,1496.22,121.41
ORD-3399,2024-08-26,Office Supplies,Pens,East,Consumer,5,89.38,14.17
ORD-2576,2024-08-26,Furniture,Tables,South,Consumer,3,989.19,92.19
ORD-2490,2024-08-27,Office Supplies,Binders,South,Home Office,6,129.44,19.53
ORD-3943,2024-08-27,Office Supplies,Storage,West,Home Office,7,128.3,26.46
ORD-3814,2024-08-27,Office Supplies,Binders,Central,Home Office,3,61.86,17.38
ORD-2582,2024-08-28,Technology,Laptops,South,Corporate,4,1601.21,362.83
ORD-2815,2024-08-28,Office Supplies,Binders,South,Consumer,6,132.52,26.41
ORD-2810,2024-08-28,Office Supplies,Storage,Central,Consumer,5,101.05,23.73
ORD-2668,2024-08-28,Furniture,Chairs,East,Home Office,6,1722.26,254.92
ORD-2968,2024-08-28,Technology,Printers,South,Home Office,4,1463.39,309.4
ORD-4814,2024-08-28,Office Supplies,Binders,South,Consumer,2,42.06,9.83
ORD-1695,2024-08-28,Office Supplies,Binders,Central,Home Office,4,80.59,20.61
ORD-3547,2024-08-29,Office Supplies,Binders,Central,Home Office,2,50.86,13.74
ORD-1661,2024-08-29,Office Supplies,Paper,South,Consumer,4,76.63,21.41
ORD-2535,2024-08-29,Technology,Monitors,West,Consumer,6,3006.79,560.58
ORD-3465,2024-08-29,Furniture,Chairs,West,Consumer,2,571.74,42.37
ORD-5826,2024-08-29,Office Supplies,Pens,East,Corporate,1,23.02,5.46
ORD-3557,2024-08-29,Technology,Laptops,West,Home Office,1,404.29,88.35
ORD-6248,2024-08-29,Technology,Accessories,Central,Corporate,3,1416.61,223.69
ORD-1890,2024-08-29,Technology,Accessories,South,Home Office,6,2951.22,573.35
ORD-1098,2024-08-29,Office Supplies,Paper,West,Consumer,6,124.89,32.85
ORD-4535,2024-08-29,Office Supplies,Pens,East,Consumer,3,69.75,14.84
ORD-2215,2024-08-29,Technology,Monitors,West,Home Office,2,853.11,144.38
ORD-2841,2024-08-29,Technology,Monitors,West,Consumer,6,2523.0,393.03
ORD-5716,2024-08-30,Technology,Laptops,Central,Consumer,4,2127.55,423.97
ORD-5390,2024-08-30,Technology,Laptops,East,Consumer,7,3410.3,662.03
ORD-6921,2024-08-30,Office Supplies,Paper,West,Corporate,4,105.41,-26.0
ORD-1682,2024-08-30,Furniture,Chairs,Central,Consumer,4,1347.7,197.33
ORD-4631,2024-08-30,Furniture,Desks,West,Consumer,2,615.56,85.93
ORD-3253,2024-08-30,Furniture,Chairs,South,Consumer,7,2094.11,187.45
ORD-2670,2024-08-30,Furniture,Bookcases,South,Corporate,5,1638.81,254.19
ORD-2788,2024-08-30,Office Supplies,Paper,Central,Home Office,1,25.4,3.89
ORD-4211,2024-08-30,Technology,Accessories,East,Consumer,4,1935.48,224.09
ORD-5519,2024-08-31,Technology,Printers,Central,Home Office,2,955.6,218.35
ORD-3670,2024-08-31,Technology,Monitors,East,Corporate,6,2368.57,271.43
ORD-4650,2024-08-31,Furniture,Tables,Central,Consumer,6,1846.16,190.83
ORD-3826,2024-08-31,Technology,Printers,West,Corporate,3,1157.85,261.44
ORD-1146,2024-08-31,Office Supplies,Paper,East,Consumer,1,21.23,4.76
ORD-4652,2024-08-31,Technology,Monitors,East,Consumer,6,3220.75,476.36
ORD-3799,2024-08-31,Furniture,Desks,West,Consumer,7,2098.44,231.28
ORD-2589,2024-09-01,Technology,Printers,West,Home Office,6,2722.84,636.19
ORD-4242,2024-09-01,Furniture,Bookcases,East,Home Office,1,284.59,40.36
ORD-6069,2024-09-01,Office Supplies,Pens,West,Corporate,6,107.29,28.4
ORD-4755,2024-09-01,Office Supplies,Paper,South,Consumer,1,25.06,5.38
ORD-1885,2024-09-01,Office Supplies,Pens,South,Home Office,6,134.27,25.49
ORD-4990,2024-09-01,Technology,Monitors,West,Home Office,2,900.54,154.28
ORD-1730,2024-09-01,Technology,Accessories,West,Home Office,2,773.46,141.66
ORD-4971,2024-09-01,Office Supplies,Paper,West,Home Office,5,105.49,23.16
ORD-5337,2024-09-01,Office Supplies,Binders,South,Consumer,6,136.6,24.39
ORD-1437,2024-09-02,Office Supplies,Storage,Central,Corporate,5,111.87,21.33
ORD-6362,2024-09-02,Furniture,Desks,Central,Home Office,5,1598.11,199.17
ORD-6419,2024-09-02,Office Supplies,Paper,Central,Corporate,4,101.31,17.3
ORD-6514,2024-09-02,Office Supplies,Storage,Central,Home Office,1,18.6,3.98
ORD-6767,2024-09-02,Office Supplies,Storage,South,Home Office,5,118.15,23.1
ORD-3891,2024-09-02,Technology,Monitors,South,Consumer,2,866.07,97.89
ORD-3928,2024-09-02,Office Supplies,Pens,Central,Corporate,1,23.84,4.18
ORD-5837,2024-09-03,Technology,Printers,South,Home Office,5,2608.37,442.94
ORD-6462,2024-09-03,Furniture,Chairs,South,Consumer,1,257.95,23.95
ORD-2515,2024-09-03,Technology,Printers,South,Corporate,3,1392.28,195.84
ORD-4251,2024-09-03,Furniture,Chairs,Central,Consumer,2,650.52,62.93
ORD-3824,2024-09-03,Office Supplies,Pens,East,Home Office,6,147.02,32.35
ORD-1600,2024-09-03,Office Supplies,Pens,West,Corporate,5,103.17,18.57
ORD-4877,2024-09-03,Office Supplies,Pens,Central,Consumer,2,40.63,8.53
ORD-6655,2024-09-03,Furniture,Desks,East,Consumer,4,1433.06,208.6
ORD-3762,2024-09-03,Furniture,Bookcases,West,Home Office,5,1502.34,127.82
ORD-1304,2024-09-03,Technology,Laptops,South,Consumer,5,1902.69,241.75
ORD-2011,2024-09-03,Technology,Laptops,West,Corporate,7,3099.14,422.02
ORD-2440,2024-09-03,Office Supplies,Paper,West,Corporate,3,58.64,12.69
ORD-4379,2024-09-04,Office Supplies,Paper,East,Home Office,5,118.23,31.06
ORD-4595,2024-09-04,Technology,Laptops,West,Home Office,1,459.59,62.8
ORD-5115,2024-09-04,Technology,Printers,Central,Consumer,6,2285.03,520.35
ORD-5898,2024-09-04,Technology,Accessories,South,Home Office,6,2264.35,444.02
ORD-1636,2024-09-04,Furniture,Desks,Central,Corporate,4,1438.92,158.2
ORD-3370,2024-09-04,Furniture,Desks,West,Corporate,6,2100.81,268.92
ORD-4094,2024-09-04,Furniture,Tables,South,Consumer,1,312.83,36.46
ORD-1743,2024-09-04,Furniture,Tables,East,Corporate,6,1761.09,129.76
ORD-6596,2024-09-05,Office Supplies,Paper,South,Corporate,1,25.69,5.18
ORD-2261,2024-09-05,Technology,Accessories,Central,Home Office,4,2037.36,364.4
ORD-3427,2024-09-05,Technology,Accessories,South,Consumer,1,362.54,80.55
ORD-6876,2024-09-05,Furniture,Chairs,West,Consumer,3,1039.4,152.22
ORD-1909,2024-09-05,Office Supplies,Binders,West,Consumer,7,157.34,43.41
ORD-5866,2024-09-05,Office Supplies,Pens,South,Corporate,4,75.38,13.76
ORD-3377,2024-09-05,Technology,Printers,South,Corporate,7,2879.3,650.21
ORD-5229,2024-09-06,Furniture,Desks,East,Consumer,4,1047.52,129.41
ORD-4709,2024-09-06,Office Supplies,Pens,Central,Consumer,7,135.22,27.27
ORD-2887,2024-09-06,Furniture,Bookcases,East,Home Office,5,1555.0,113.61
ORD-6187,2024-09-06,Furniture,Bookcases,West,Corporate,2,578.15,64.78
ORD-1514,2024-09-06,Furniture,Bookcases,East,Home Office,5,1788.67,226.37
ORD-5138,2024-09-06,Technology,Monitors,East,Consumer,4,1699.05,372.56
ORD-6332,2024-09-06,Office Supplies,Paper,West,Corporate,7,148.98,37.77
ORD-1742,2024-09-06,Furniture,Bookcases,West,Home Office,4,1339.82,164.15
ORD-1529,2024-09-07,Office Supplies,Pens,South,Home Office,6,131.18,28.7
ORD-3230,2024-09-07,Office Supplies,Binders,West,Home Office,3,54.43,10.43
ORD-3753,2024-09-07,Furniture,Tables,West,Corporate,7,2241.63,164.05
ORD-1354,2024-09-07,Office Supplies,Paper,West,Consumer,6,150.58,21.68
ORD-6681,2024-09-07,Furniture,Chairs,South,Home Office,7,2392.46,204.96
ORD-6168,2024-09-07,Technology,Laptops,West,Home Office,7,3531.55,740.51
ORD-6636,2024-09-07,Office Supplies,Binders,South,Home Office,7,144.0,27.97
ORD-6737,2024-09-07,Technology,Laptops,West,Consumer,2,826.25,186.34
ORD-4700,2024-09-08,Office Supplies,Storage,South,Home Office,3,65.53,18.11
ORD-1136,2024-09-08,Office Supplies,Paper,West,Consumer,4,78.13,19.7
ORD-6974,2024-09-08,Furniture,Chairs,East,Consumer,2,543.18,65.81
ORD-5098,2024-09-09,Furniture,Chairs,West,Consumer,7,1985.94,171.61
ORD-1599,2024-09-09,Furniture,Tables,South,Corporate,5,1696.41,205.48
ORD-1301,2024-09-09,Technology,Printers,Central,Corporate,7,2818.35,564.48
ORD-1178,2024-09-09,Office Supplies,Pens,West,Corporate,6,157.0,38.85
ORD-2325,2024-09-09,Office Supplies,Storage,South,Consumer,7,145.21,26.82
ORD-5161,2024-09-09,Office Supplies,Paper,East,Consumer,2,51.05,6.97
ORD-2664,2024-09-09,Furniture,Bookcases,South,Consumer,2,652.23,88.32
ORD-4894,2024-09-09,Office Supplies,Storage,Central,Consumer,4,75.02,18.9
ORD-4436,2024-09-09,Office Supplies,Paper,Central,Corporate,5,110.7,16.15
ORD-2053,2024-09-09,Office Supplies,Pens,East,Home Office,3,74.74,13.9
ORD-2763,2024-09-09,Technology,Monitors,East,Corporate,7,2842.41,377.47
ORD-2298,2024-09-09,Technology,Accessories,Central,Corporate,7,2822.51,622.98
ORD-5365,2024-09-09,Furniture,Chairs,East,Home Office,4,1185.01,150.38
ORD-6448,2024-09-09,Office Supplies,Binders,West,Corporate,3,67.79,18.54
ORD-6079,2024-09-09,Technology,Accessories,Central,Home Office,7,2968.5,323.12
ORD-1345,2024-09-09,Furniture,Chairs,Central,Consumer,3,736.15,80.87
ORD-3863,2024-09-09,Office Supplies,Paper,South,Consumer,3,59.75,16.58
ORD-5274,2024-09-10,Furniture,Chairs,South,Home Office,7,1954.51,236.99
ORD-5377,2024-09-10,Office Supplies,Pens,West,Corporate,3,53.5,8.52
ORD-1803,2024-09-10,Office Supplies,Paper,West,Home Office,3,70.74,15.99
ORD-2834,2024-09-10,Office Supplies,Paper,West,Home Office,5,106.68,22.52
ORD-5133,2024-09-10,Office Supplies,Pens,West,Home Office,2,50.89,6.82
ORD-6858,2024-09-10,Office Supplies,Pens,East,Consumer,5,100.21,17.01
ORD-2820,2024-09-10,Technology,Printers,East,Home Office,1,461.91,85.51
ORD-1761,2024-09-10,Office Supplies,Storage,Central,Home Office,1,20.49,2.82
ORD-2358,2024-09-11,Office Supplies,Binders,Central,Consumer,5,107.99,16.04
ORD-3392,2024-09-11,Furniture,Chairs,East,Home Office,3,900.1,129.41
ORD-5582,2024-09-11,Furniture,Desks,Central,Home Office,1,354.95,36.57
ORD-5609,2024-09-11,Technology,Monitors,South,Corporate,4,2025.31,417.07
ORD-2098,2024-09-11,Office Supplies,Paper,South,Consumer,4,80.71,18.98
ORD-3929,2024-09-11,Office Supplies,Paper,West,Home Office,3,53.65,11.58
ORD-1381,2024-09-11,Technology,Accessories,East,Consumer,2,722.19,87.18
ORD-2427,2024-09-11,Technology,Printers,West,Consumer,1,449.16,72.71
ORD-4935,2024-09-12,Technology,Monitors,West,Home Office,6,2599.11,536.79
ORD-6391,2024-09-12,Office Supplies,Paper,Central,Home Office,6,142.17,36.49
ORD-4114,2024-09-12,Office Supplies,Paper,South,Corporate,6,112.76,31.66
ORD-5824,2024-09-12,Office Supplies,Storage,Central,Home Office,6,155.93,32.29
ORD-2497,2024-09-12,Office Supplies,Paper,Central,Consumer,1,19.66,4.32
ORD-3918,2024-09-12,Furniture,Bookcases,East,Corporate,2,616.94,81.36
ORD-1664,2024-09-12,Office Supplies,Pens,Central,Consumer,2,50.59,8.43
ORD-6599,2024-09-12,Office Supplies,Paper,West,Home Office,4,94.41,26.39
ORD-1855,2024-09-13,Office Supplies,Binders,Central,Home Office,5,105.84,18.73
ORD-6772,2024-09-13,Office Supplies,Binders,South,Home Office,4,75.06,18.83
ORD-2685,2024-09-13,Technology,Accessories,East,Corporate,7,3572.41,533.05
ORD-6486,2024-09-13,Office Supplies,Pens,Central,Home Office,5,110.62,16.17
ORD-5945,2024-09-13,Office Supplies,Binders,Central,Home Office,7,123.71,26.77
ORD-5664,2024-09-13,Technology,Laptops,Central,Consumer,7,3019.91,452.39
ORD-4780,2024-09-14,Office Supplies,Paper,South,Corporate,3,77.85,21.43
ORD-1432,2024-09-14,Office Supplies,Binders,East,Consumer,7,126.0,34.7
ORD-6296,2024-09-14,Technology,Monitors,East,Corporate,5,1901.22,427.34
ORD-6278,2024-09-14,Technology,Accessories,West,Consumer,7,3541.38,590.64
ORD-5135,2024-09-14,Technology,Laptops,South,Home Office,1,440.11,62.2
ORD-4722,2024-09-14,Office Supplies,Storage,West,Corporate,3,73.36,19.58
ORD-1963,2024-09-14,Office Supplies,Paper,Central,Consumer,7,149.37,40.77
ORD-2177,2024-09-15,Furniture,Bookcases,Central,Corporate,6,1765.18,254.12
ORD-6531,2024-09-15,Technology,Accessories,South,Corporate,6,2932.58,514.3
ORD-4925,2024-09-15,Furniture,Desks,Central,Corporate,4,1094.68,134.45
ORD-3108,2024-09-15,Technology,Monitors,West,Consumer,2,823.32,183.37
ORD-3277,2024-09-15,Technology,Accessories,West,Corporate,3,1191.84,235.61
ORD-1937,2024-09-15,Furniture,Bookcases,Central,Home Office,5,1329.31,120.4
ORD-1637,2024-09-15,Furniture,Bookcases,West,Consumer,3,720.07,88.98
ORD-5959,2024-09-15,Furniture,Tables,South,Corporate,2,715.95,79.53
ORD-5592,2024-09-15,Technology,Printers,West,Home Office,2,1014.94,141.96
ORD-1284,2024-09-16,Office Supplies,Storage,South,Corporate,2,48.59,-9.68
ORD-6098,2024-09-16,Technology,Printers,East,Corporate,7,2833.72,569.09
ORD-2863,2024-09-16,Technology,Accessories,Central,Consumer,5,2156.95,333.51
ORD-3632,2024-09-16,Furniture,Chairs,East,Consumer,6,2109.35,153.28
ORD-4908,2024-09-16,Furniture,Tables,Central,Home Office,4,1237.19,139.23
ORD-1096,2024-09-16,Office Supplies,Binders,Central,Home Office,6,136.59,27.11
ORD-2442,2024-09-16,Office Supplies,Binders,West,Corporate,2,42.19,8.01
ORD-2715,2024-09-17,Office Supplies,Binders,Central,Consumer,5,107.58,16.3
ORD-1621,2024-09-17,Technology,Monitors,West,Home Office,5,2661.87,477.23
ORD-1703,2024-09-17,Technology,Monitors,West,Corporate,7,3628.69,623.03
ORD-2287,2024-09-17,Technology,Printers,East,Consumer,5,2177.45,500.03
ORD-4942,2024-09-17,Technology,Printers,West,Corporate,4,1994.3,258.56
ORD-1365,2024-09-17,Office Supplies,Paper,Central,Corporate,1,22.07,3.71
ORD-3336,2024-09-17,Office Supplies,Storage,Central,Consumer,6,133.48,34.37
ORD-6614,2024-09-17,Office Supplies,Paper,East,Home Office,4,95.27,21.85
ORD-6674,2024-09-17,Furniture,Chairs,Central,Home Office,5,1286.9,140.07
ORD-3518,2024-09-17,Technology,Monitors,East,Home Office,5,2532.98,283.83
ORD-1425,2024-09-17,Office Supplies,Storage,East,Consumer,3,63.77,17.28
ORD-4059,2024-09-18,Office Supplies,Paper,East,Consumer,3,53.69,15.1
ORD-5028,2024-09-18,Furniture,Bookcases,South,Corporate,1,270.27,29.88
ORD-1670,2024-09-18,Furniture,Bookcases,Central,Consumer,5,1483.04,175.73
ORD-5393,2024-09-18,Office Supplies,Storage,East,Corporate,4,75.16,10.57
ORD-3908,2024-09-18,Furniture,Chairs,South,Consumer,1,321.21,42.99
ORD-3745,2024-09-18,Technology,Monitors,West,Consumer,2,957.49,115.29
ORD-4250,2024-09-18,Furniture,Tables,West,Corporate,4,1317.81,138.1
ORD-5151,2024-09-18,Technology,Monitors,South,Home Office,2,953.25,111.79
ORD-6393,2024-09-18,Technology,Printers,Central,Corporate,1,450.23,82.9
ORD-2001,2024-09-19,Office Supplies,Paper,South,Consumer,7,142.03,-33.59
ORD-3416,2024-09-19,Office Supplies,Pens,Central,Home Office,3,67.77,16.85
ORD-5861,2024-09-19,Office Supplies,Storage,Central,Corporate,4,80.9,16.33
ORD-2453,2024-09-19,Office Supplies,Paper,West,Corporate,5,106.13,20.43
ORD-6267,2024-09-19,Furniture,Desks,West,Corporate,6,1585.17,131.1
ORD-6244,2024-09-19,Furniture,Bookcases,East,Home Office,7,1934.53,176.8
ORD-2241,2024-09-19,Office Supplies,Pens,Central,Home Office,4,98.24,23.8
ORD-4819,2024-09-19,Technology,Monitors,South,Home Office,3,1433.0,160.78
ORD-3704,2024-09-19,Furniture,Desks,Central,Consumer,1,288.15,31.15
ORD-2238,2024-09-19,Technology,Monitors,Central,Corporate,4,1586.16,261.61
ORD-5651,2024-09-19,Technology,Laptops,Central,Consumer,4,1818.95,372.91
ORD-3876,2024-09-19,Furniture,Chairs,West,Home Office,5,1533.96,219.04
ORD-4260,2024-09-19,Furniture,Desks,Central,Home Office,7,2145.54,217.79
ORD-5979,2024-09-20,Office Supplies,Storage,South,Home Office,7,141.92,25.69
ORD-4577,2024-09-20,Furniture,Tables,South,Consumer,5,1661.75,256.46
ORD-4384,2024-09-20,Office Supplies,Paper,Central,Consumer,4,96.37,14.66
ORD-1233,2024-09-20,Office Supplies,Storage,South,Consumer,2,39.7,9.72
ORD-3937,2024-09-20,Office Supplies,Storage,South,Consumer,5,100.82,21.88
ORD-6517,2024-09-20,Office Supplies,Storage,East,Corporate,6,142.3,30.85
ORD-1510,2024-09-20,Office Supplies,Pens,West,Home Office,4,93.43,12.54
ORD-3017,2024-09-20,Office Supplies,Storage,South,Corporate,3,70.11,13.21
ORD-6021,2024-09-20,Technology,Monitors,East,Corporate,3,1294.42,249.02
ORD-3448,2024-09-20,Office Supplies,Pens,East,Consumer,3,72.57,16.66
ORD-4873,2024-09-20,Furniture,Chairs,East,Corporate,6,1735.54,229.93
ORD-1294,2024-09-21,Technology,Laptops,Central,Consumer,6,3058.23,435.51
ORD-6282,2024-09-21,Office Supplies,Paper,Central,Corporate,2,47.73,-5.34
ORD-5542,2024-09-21,Technology,Printers,Central,Consumer,5,2381.65,501.16
ORD-1700,2024-09-21,Office Supplies,Storage,South,Home Office,2,42.38,5.9
ORD-1615,2024-09-21,Furniture,Chairs,West,Corporate,2,700.14,74.32
ORD-4377,2024-09-21,Furniture,Desks,Central,Home Office,7,2228.78,342.16
ORD-1532,2024-09-22,Technology,Laptops,South,Corporate,3,1615.56,309.69
ORD-3759,2024-09-22,Furniture,Bookcases,East,Home Office,3,996.51,89.17
ORD-4365,2024-09-22,Office Supplies,Storage,West,Home Office,5,96.69,-23.68
ORD-4350,2024-09-22,Office Supplies,Paper,West,Consumer,1,22.13,5.66
ORD-2725,2024-09-22,Technology,Accessories,West,Consumer,7,2699.68,480.94
ORD-3892,2024-09-22,Office Supplies,Paper,South,Consumer,2,44.05,7.0
ORD-5363,2024-09-22,Office Supplies,Paper,East,Home Office,2,38.87,9.67
ORD-2560,2024-09-23,Office Supplies,Paper,Central,Home Office,4,105.51,16.83
ORD-6804,2024-09-23,Technology,Monitors,West,Consumer,7,3674.56,490.81
ORD-4863,2024-09-23,Furniture,Bookcases,Central,Home Office,3,1067.11,78.3
ORD-4192,2024-09-23,Technology,Monitors,Central,Home Office,2,828.78,167.91
ORD-6158,2024-09-23,Furniture,Tables,West,Corporate,2,545.96,71.66
ORD-5856,2024-09-23,Technology,Monitors,South,Corporate,7,3380.98,368.37
ORD-1528,2024-09-23,Furniture,Chairs,South,Consumer,2,674.17,56.86
ORD-5449,2024-09-23,Office Supplies,Pens,East,Corporate,5,122.25,27.83
ORD-5682,2024-09-23,Office Supplies,Pens,South,Corporate,2,35.87,9.76
ORD-4141,2024-09-23,Technology,Laptops,South,Consumer,6,2982.56,510.54
ORD-6959,2024-09-24,Technology,Monitors,Central,Consumer,2,1043.15,223.87
ORD-3329,2024-09-24,Office Supplies,Storage,Central,Consumer,4,90.23,-16.29
ORD-6618,2024-09-24,Office Supplies,Storage,West,Corporate,6,143.89,37.47
ORD-6156,2024-09-24,Technology,Laptops,South,Corporate,2,1043.36,222.21
ORD-1992,2024-09-24,Office Supplies,Paper,West,Corporate,2,37.47,10.35
ORD-5129,2024-09-24,Office Supplies,Pens,South,Home Office,1,22.68,-4.37
ORD-6413,2024-09-24,Office Supplies,Pens,East,Consumer,4,102.07,15.39
ORD-6431,2024-09-24,Office Supplies,Storage,South,Corporate,1,20.25,-2.49
ORD-4649,2024-09-25,Technology,Accessories,South,Home Office,6,2594.5,415.55
ORD-5629,2024-09-25,Technology,Printers,West,Home Office,5,1927.74,380.11
ORD-6661,2024-09-25,Technology,Monitors,Central,Home Office,2,1032.81,197.04
ORD-3806,2024-09-25,Technology,Printers,East,Home Office,6,2927.69,586.13
ORD-2117,2024-09-25,Technology,Printers,West,Home Office,2,959.68,138.26
ORD-6105,2024-09-25,Office Supplies,Paper,West,Corporate,1,22.19,4.46
ORD-2679,2024-09-25,Furniture,Tables,South,Home Office,5,1765.83,153.78
ORD-1505,2024-09-25,Furniture,Chairs,East,Home Office,6,1464.25,213.56
ORD-5953,2024-09-25,Technology,Monitors,Central,Consumer,5,2207.0,307.16
ORD-4734,2024-09-25,Office Supplies,Storage,South,Corporate,7,145.33,35.71
ORD-4129,2024-09-25,Office Supplies,Pens,East,Corporate,7,178.05,-18.95
ORD-4227,2024-09-25,Furniture,Desks,East,Corporate,5,1522.52,134.09
ORD-3742,2024-09-25,Office Supplies,Paper,South,Consumer,5,95.58,23.42
ORD-3513,2024-09-26,Office Supplies,Binders,South,Corporate,4,76.57,17.93
ORD-1494,2024-09-26,Technology,Printers,Central,Home Office,6,2395.08,458.35
ORD-3485,2024-09-26,Furniture,Desks,East,Corporate,7,2144.41,258.11
ORD-6208,2024-09-26,Furniture,Desks,Central,Consumer,1,244.44,31.71
ORD-4055,2024-09-26,Technology,Printers,East,Corporate,2,810.89,116.08
ORD-4354,2024-09-26,Technology,Monitors,Central,Home Office,7,3532.17,556.89
ORD-6467,2024-09-26,Technology,Accessories,East,Consumer,4,1852.57,428.68
ORD-4023,2024-09-26,Furniture,Tables,West,Corporate,4,993.65,122.85
ORD-3207,2024-09-27,Office Supplies,Storage,East,Consumer,6,141.4,23.39
ORD-5730,2024-09-27,Technology,Laptops,East,Home Office,6,3015.07,669.05
ORD-6754,2024-09-27,Technology,Laptops,East,Consumer,6,2865.54,572.34
ORD-6836,2024-09-27,Office Supplies,Storage,West,Consumer,1,21.99,3.95
ORD-2573,2024-09-27,Technology,Laptops,Central,Consumer,5,2272.73,524.38
ORD-1469,2024-09-27,Office Supplies,Binders,Central,Consumer,7,139.76,37.72
ORD-2721,2024-09-27,Furniture,Tables,South,Consumer,7,1789.71,273.63
ORD-1092,2024-09-27,Furniture,Desks,South,Home Office,6,1773.02,238.98
ORD-5224,2024-09-28,Technology,Laptops,Central,Corporate,3,1476.64,178.6
ORD-4738,2024-09-28,Office Supplies,Paper,Central,Home Office,5,88.27,14.33
ORD-3581,2024-09-28,Technology,Monitors,Central,Home Office,4,2157.96,399.25
ORD-3957,2024-09-28,Office Supplies,Paper,West,Consumer,7,171.2,45.93
ORD-4623,2024-09-28,Office Supplies,Paper,West,Corporate,6,120.34,24.31
ORD-4237,2024-09-28,Office Supplies,Paper,Central,Consumer,3,77.63,11.45
ORD-2711,2024-09-28,Technology,Printers,West,Consumer,6,3219.89,489.54
ORD-5884,2024-09-28,Office Supplies,Binders,Central,Corporate,4,75.8,13.34
ORD-2615,2024-09-28,Furniture,Bookcases,East,Home Office,1,243.0,29.82
ORD-1275,2024-09-28,Furniture,Tables,West,Consumer,2,706.34,65.14
ORD-6426,2024-09-28,Office Supplies,Storage,South,Corporate,2,52.57,12.06
ORD-1946,2024-09-28,Technology,Accessories,South,Home Office,3,1420.84,182.74
ORD-1467,2024-09-28,Technology,Monitors,West,Home Office,3,1346.49,193.49
ORD-4862,2024-09-29,Technology,Laptops,East,Home Office,7,3749.62,723.68
ORD-3281,2024-09-29,Technology,Laptops,Central,Corporate,1,427.22,86.13
ORD-1934,2024-09-29,Technology,Monitors,Central,Home Office,4,2022.75,315.12
ORD-5737,2024-09-29,Technology,Laptops,South,Consumer,7,3298.96,703.22
ORD-3731,2024-09-29,Office Supplies,Storage,South,Corporate,6,140.45,37.94
ORD-2452,2024-09-29,Office Supplies,Pens,West,Home Office,2,39.96,10.63
ORD-5158,2024-09-30,Technology,Printers,East,Consumer,2,738.68,105.16
ORD-6314,2024-09-30,Office Supplies,Paper,West,Corporate,5,90.45,24.45
ORD-5557,2024-09-30,Furniture,Tables,West,Home Office,4,1390.46,215.07
ORD-3579,2024-09-30,Technology,Laptops,East,Corporate,6,2914.81,609.14
ORD-6216,2024-09-30,Furniture,Chairs,East,Corporate,6,1999.3,204.41
ORD-4490,2024-09-30,Office Supplies,Paper,West,Consumer,5,131.74,36.09
ORD-1000,2024-09-30,Office Supplies,Pens,South,Consumer,5,94.86,13.37
ORD-3188,2024-09-30,Furniture,Chairs,West,Consumer,3,849.89,120.19
ORD-1069,2024-09-30,Technology,Accessories,East,Corporate,5,2666.9,292.11
ORD-2184,2024-09-30,Technology,Monitors,West,Home Office,1,361.52,77.27
ORD-3052,2024-09-30,Technology,Printers,East,Consumer,3,1540.92,280.72
ORD-2531,2024-10-01,Office Supplies,Storage,Central,Home Office,7,321.97,49.25
ORD-1175,2024-10-01,Technology,Laptops,Central,Corporate,3,1490.96,262.71
ORD-3536,2024-10-01,Technology,Laptops,South,Corporate,6,2732.64,621.7
ORD-2874,2024-10-01,Office Supplies,Binders,West,Consumer,2,68.14,10.61
ORD-2165,2024-10-02,Furniture,Tables,South,Consumer,2,701.14,58.06
ORD-3629,2024-10-02,Office Supplies,Pens,Central,Corporate,7,247.01,44.5
ORD-2833,2024-10-02,Technology,Accessories,East,Corporate,6,2272.69,266.97
ORD-2429,2024-10-02,Furniture,Bookcases,West,Corporate,1,274.59,23.47
ORD-1091,2024-10-02,Technology,Accessories,East,Consumer,3,1179.64,158.52
ORD-2748,2024-10-02,Office Supplies,Paper,Central,Corporate,7,227.74,61.75
ORD-5023,2024-10-02,Office Supplies,Storage,East,Corporate,7,266.03,53.54
ORD-5989,2024-10-02,Furniture,Chairs,Central,Corporate,1,268.7,22.14
ORD-2054,2024-10-02,Furniture,Chairs,Central,Corporate,4,1079.39,79.12
ORD-1077,2024-10-02,Office Supplies,Paper,West,Home Office,3,123.32,-7.07
ORD-6899,2024-10-02,Office Supplies,Pens,South,Corporate,2,86.92,21.14
ORD-6455,2024-10-02,Technology,Laptops,South,Consumer,7,2654.64,305.76
ORD-6214,2024-10-02,Office Supplies,Paper,South,Home Office,1,46.61,6.58
ORD-3157,2024-10-02,Office Supplies,Paper,West,Consumer,4,181.84,27.46
ORD-5719,2024-10-02,Office Supplies,Binders,Central,Consumer,6,253.56,55.24
ORD-2079,2024-10-03,Office Supplies,Pens,South,Corporate,5,239.33,39.35
ORD-5257,2024-10-03,Office Supplies,Storage,West,Home Office,5,179.88,44.16
ORD-5191,2024-10-03,Office Supplies,Paper,West,Consumer,4,172.3,42.37
ORD-6025,2024-10-03,Furniture,Desks,West,Home Office,2,704.75,106.06
ORD-5323,2024-10-03,Furniture,Desks,South,Home Office,5,1509.18,205.5
ORD-3879,2024-10-03,Office Supplies,Pens,East,Home Office,4,145.65,-33.85
ORD-1583,2024-10-03,Office Supplies,Storage,West,Corporate,7,278.21,49.94
ORD-5972,2024-10-03,Office Supplies,Paper,South,Consumer,3,102.5,13.76
ORD-4302,2024-10-03,Technology,Printers,West,Consumer,6,2788.92,361.34
ORD-3097,2024-10-03,Office Supplies,Pens,South,Corporate,3,112.48,25.69
ORD-5455,2024-10-03,Technology,Laptops,Central,Consumer,5,2364.06,496.94
ORD-1224,2024-10-04,Office Supplies,Storage,West,Corporate,4,129.64,24.7
ORD-6365,2024-10-04,Furniture,Chairs,Central,Corporate,7,1815.47,252.28
ORD-5185,2024-10-04,Technology,Accessories,West,Corporate,4,1503.31,345.52
ORD-4264,2024-10-04,Office Supplies,Binders,East,Corporate,2,75.68,17.0
ORD-3601,2024-10-04,Furniture,Tables,West,Home Office,4,1115.59,127.36
ORD-1746,2024-10-04,Technology,Accessories,East,Corporate,3,1411.1,295.63
ORD-2970,2024-10-05,Furniture,Chairs,East,Consumer,1,261.73,30.81
ORD-4905,2024-10-05,Technology,Laptops,East,Corporate,5,1814.97,398.06
ORD-2981,2024-10-05,Technology,Printers,South,Corporate,2,1059.96,196.04
ORD-2755,2024-10-05,Furniture,Tables,West,Consumer,4,1166.07,89.28
ORD-3591,2024-10-05,Technology,Accessories,West,Corporate,3,1271.55,142.25
ORD-3906,2024-10-05,Office Supplies,Binders,West,Corporate,3,98.67,21.63
ORD-6099,2024-10-05,Technology,Accessories,West,Home Office,6,2432.5,564.07
ORD-3949,2024-10-05,Office Supplies,Pens,Central,Home Office,5,205.56,36.6
ORD-1778,2024-10-05,Technology,Laptops,South,Consumer,4,1730.18,325.19
ORD-4047,2024-10-05,Office Supplies,Storage,East,Consumer,5,165.62,36.49
ORD-2559,2024-10-06,Technology,Monitors,East,Corporate,4,1873.11,345.39
ORD-5305,2024-10-06,Technology,Laptops,East,Home Office,5,2474.78,386.5
ORD-3490,2024-10-06,Office Supplies,Pens,South,Corporate,5,196.05,42.37
ORD-4514,2024-10-06,Furniture,Chairs,East,Corporate,3,727.3,76.39
ORD-2060,2024-10-06,Office Supplies,Paper,West,Consumer,1,39.79,8.48
ORD-6955,2024-10-06,Technology,Laptops,South,Corporate,3,1305.6,254.26
ORD-1004,2024-10-06,Office Supplies,Paper,Central,Consumer,3,128.65,17.24
ORD-5696,2024-10-07,Furniture,Tables,East,Consumer,6,1683.92,144.35
ORD-4694,2024-10-07,Furniture,Tables,Central,Consumer,2,718.18,97.33
ORD-3760,2024-10-07,Furniture,Chairs,South,Home Office,1,332.11,38.0
ORD-5062,2024-10-07,Office Supplies,Paper,West,Corporate,3,140.63,33.79
ORD-3239,2024-10-07,Office Supplies,Paper,South,Home Office,5,161.81,38.46
ORD-6774,2024-10-07,Technology,Accessories,South,Corporate,4,2146.14,376.2
ORD-3934,2024-10-08,Furniture,Chairs,West,Corporate,5,1733.6,265.99
ORD-5747,2024-10-08,Furniture,Bookcases,South,Corporate,5,1375.77,152.32
ORD-5800,2024-10-08,Office Supplies,Storage,South,Corporate,7,291.87,75.3
ORD-6923,2024-10-08,Technology,Laptops,East,Home Office,6,2554.04,386.39
ORD-4061,2024-10-08,Technology,Monitors,Central,Home Office,6,2465.56,375.08
ORD-1054,2024-10-08,Office Supplies,Binders,Central,Consumer,5,177.17,24.45
ORD-6965,2024-10-08,Office Supplies,Paper,South,Corporate,4,160.38,31.89
ORD-2448,2024-10-08,Technology,Laptops,West,Home Office,2,959.33,138.2
ORD-3248,2024-10-08,Office Supplies,Pens,West,Corporate,6,272.01,50.82
ORD-4589,2024-10-08,Technology,Accessories,South,Home Office,7,3434.6,666.73
ORD-4581,2024-10-08,Technology,Printers,East,Consumer,3,1403.41,240.23
ORD-1444,2024-10-09,Office Supplies,Paper,Central,Home Office,4,135.96,30.84
ORD-3405,2024-10-09,Technology,Accessories,Central,Corporate,5,2063.8,306.84
ORD-2027,2024-10-09,Technology,Monitors,West,Consumer,2,860.5,104.44
ORD-5013,2024-10-09,Furniture,Bookcases,Central,Home Office,7,1822.91,210.09
ORD-6100,2024-10-09,Office Supplies,Paper,Central,Home Office,2,73.75,17.82
ORD-6590,2024-10-09,Technology,Accessories,South,Home Office,2,1068.08,233.13
ORD-4179,2024-10-09,Office Supplies,Pens,East,Home Office,3,111.8,29.28
ORD-3294,2024-10-10,Office Supplies,Storage,West,Home Office,2,95.33,27.1
ORD-6237,2024-10-10,Office Supplies,Storage,West,Consumer,7,253.83,43.17
ORD-3141,2024-10-10,Technology,Monitors,Central,Home Office,4,1619.92,274.66
ORD-5617,2024-10-10,Technology,Printers,East,Consumer,4,2115.89,280.43
ORD-3628,2024-10-10,Technology,Laptops,East,Consumer,4,1537.08,303.8
ORD-3621,2024-10-10,Furniture,Tables,West,Home Office,5,1438.05,168.17
ORD-2896,2024-10-10,Technology,Laptops,South,Consumer,7,3473.31,735.04
ORD-6177,2024-10-10,Technology,Accessories,Central,Corporate,2,971.46,147.42
ORD-2312,2024-10-10,Office Supplies,Storage,Central,Consumer,1,35.44,6.23
ORD-1009,2024-10-10,Technology,Laptops,South,Corporate,1,410.57,72.42
ORD-5628,2024-10-11,Technology,Accessories,Central,Home Office,6,2344.56,452.0
ORD-1991,2024-10-11,Office Supplies,Storage,South,Consumer,3,123.92,27.74
ORD-4543,2024-10-11,Office Supplies,Storage,East,Consumer,3,143.0,39.52
ORD-2344,2024-10-11,Technology,Printers,South,Consumer,3,1249.77,262.55
ORD-5275,2024-10-11,Office Supplies,Paper,East,Corporate,2,77.63,17.1
ORD-5040,2024-10-11,Technology,Laptops,East,Consumer,2,737.59,135.14
ORD-6044,2024-10-11,Office Supplies,Binders,Central,Corporate,3,140.87,-13.17
ORD-4513,2024-10-11,Furniture,Desks,West,Home Office,1,254.58,28.67
ORD-2447,2024-10-11,Office Supplies,Pens,South,Home Office,3,124.58,17.36
ORD-6860,2024-10-11,Office Supplies,Paper,South,Home Office,6,260.88,-28.14
ORD-3064,2024-10-11,Office Supplies,Pens,East,Consumer,3,119.97,17.87
ORD-5431,2024-10-11,Office Supplies,Binders,West,Corporate,2,87.15,13.14
ORD-1945,2024-10-11,Office Supplies,Paper,West,Corporate,1,36.7,8.81
ORD-4359,2024-10-11,Furniture,Bookcases,West,Corporate,5,1436.71,158.95
ORD-4884,2024-10-12,Office Supplies,Paper,Central,Corporate,2,76.22,20.07
ORD-5134,2024-10-12,Furniture,Chairs,West,Consumer,1,338.34,35.09
ORD-1498,2024-10-12,Technology,Accessories,Central,Home Office,3,1313.91,270.09
ORD-1821,2024-10-12,Office Supplies,Pens,Central,Home Office,4,143.47,-16.27
ORD-6265,2024-10-12,Technology,Printers,East,Home Office,4,2010.15,335.55
ORD-6246,2024-10-12,Technology,Accessories,South,Consumer,4,1613.55,370.67
ORD-6516,2024-10-12,Technology,Monitors,South,Corporate,5,2259.55,297.09
ORD-4954,2024-10-12,Technology,Accessories,Central,Consumer,3,1544.4,171.31
ORD-6909,2024-10-13,Technology,Printers,East,Home Office,6,2265.45,449.62
ORD-3539,2024-10-13,Office Supplies,Storage,Central,Corporate,3,98.18,14.02
ORD-5206,2024-10-13,Technology,Accessories,East,Corporate,6,3188.31,613.84
ORD-3956,2024-10-13,Office Supplies,Paper,South,Corporate,6,216.75,-41.47
ORD-3964,2024-10-13,Technology,Accessories,Central,Home Office,4,1872.0,346.18
ORD-1433,2024-10-13,Furniture,Chairs,East,Consumer,1,247.36,25.34
ORD-3694,2024-10-13,Office Supplies,Pens,West,Home Office,6,251.03,67.24
ORD-3701,2024-10-14,Technology,Laptops,Central,Consumer,5,2185.32,308.59
ORD-1773,2024-10-14,Office Supplies,Storage,South,Home Office,6,265.57,71.04
ORD-6701,2024-10-14,Furniture,Tables,South,Corporate,7,2494.69,313.84
ORD-4887,2024-10-14,Office Supplies,Storage,Central,Home Office,5,160.02,24.19
ORD-1784,2024-10-14,Office Supplies,Paper,West,Home Office,4,142.61,-15.69
ORD-6607,2024-10-14,Furniture,Chairs,South,Consumer,5,1397.97,102.03
ORD-2413,2024-10-15,Technology,Printers,South,Home Office,1,416.18,45.61
ORD-5923,2024-10-15,Office Supplies,Paper,Central,Corporate,2,77.8,17.42
ORD-1008,2024-10-15,Office Supplies,Pens,South,Home Office,6,210.81,-24.26
ORD-3510,2024-10-15,Office Supplies,Pens,West,Home Office,1,43.24,9.12
ORD-5656,2024-10-15,Furniture,Tables,South,Consumer,5,1400.85,123.83
ORD-2002,2024-10-15,Office Supplies,Binders,East,Corporate,4,143.77,-10.98
ORD-4561,2024-10-15,Furniture,Chairs,Central,Consumer,5,1702.21,131.35
ORD-3483,2024-10-15,Technology,Laptops,West,Consumer,4,1683.44,207.82
ORD-4203,2024-10-15,Technology,Laptops,West,Home Office,3,1247.6,186.6
ORD-2565,2024-10-15,Office Supplies,Storage,West,Home Office,2,69.66,15.23
ORD-4960,2024-10-16,Technology,Monitors,East,Consumer,6,2331.94,254.5
ORD-1826,2024-10-16,Furniture,Tables,East,Home Office,3,813.86,94.03
ORD-3083,2024-10-16,Furniture,Tables,West,Home Office,6,1574.87,231.33
ORD-4965,2024-10-16,Office Supplies,Storage,West,Home Office,7,239.02,57.89
ORD-3258,2024-10-16,Technology,Monitors,East,Consumer,4,1499.98,197.07
ORD-2734,2024-10-16,Technology,Printers,Central,Home Office,4,2015.99,455.43
ORD-5853,2024-10-16,Technology,Printers,Central,Consumer,1,388.07,50.33
ORD-1344,2024-10-16,Technology,Laptops,East,Consumer,1,471.07,57.63
ORD-2889,2024-10-16,Technology,Accessories,Central,Consumer,7,2582.35,568.23
ORD-2346,2024-10-17,Technology,Monitors,Central,Corporate,5,2587.61,288.14
ORD-1183,2024-10-17,Technology,Printers,Central,Consumer,2,1041.88,142.71
ORD-6720,2024-10-17,Technology,Laptops,East,Home Office,3,1330.5,208.46
ORD-2021,2024-10-17,Technology,Accessories,Central,Consumer,4,2132.36,314.35
ORD-2912,2024-10-17,Technology,Printers,East,Corporate,3,1173.38,227.67
ORD-1841,2024-10-17,Office Supplies,Pens,West,Consumer,3,118.94,28.2
ORD-6698,2024-10-18,Office Supplies,Pens,South,Home Office,6,200.34,-27.18
ORD-1225,2024-10-18,Furniture,Tables,South,Home Office,3,995.36,139.64
ORD-6943,2024-10-18,Office Supplies,Storage,South,Consumer,3,141.5,28.59
ORD-5825,2024-10-18,Office Supplies,Paper,South,Home Office,5,211.31,53.05
ORD-6540,2024-10-18,Technology,Accessories,Central,Home Office,3,1102.96,148.36
ORD-1665,2024-10-18,Furniture,Bookcases,West,Home Office,6,1580.24,221.36
ORD-2675,2024-10-18,Furniture,Desks,East,Corporate,2,549.16,54.48
ORD-5262,2024-10-18,Technology,Printers,East,Consumer,5,2094.22,475.14
ORD-5387,2024-10-18,Technology,Laptops,East,Home Office,4,1576.15,182.1
ORD-4469,2024-10-18,Office Supplies,Pens,West,Corporate,1,40.08,9.99
ORD-6175,2024-10-19,Furniture,Tables,West,Home Office,4,1260.76,151.32
ORD-6546,2024-10-19,Technology,Accessories,South,Consumer,3,1401.85,178.29
ORD-5674,2024-10-19,Technology,Printers,Central,Consumer,2,979.66,156.87
ORD-3387,2024-10-19,Technology,Monitors,East,Consumer,5,1821.6,310.25
ORD-4540,2024-10-19,Technology,Monitors,South,Corporate,4,1558.67,209.42
ORD-2057,2024-10-20,Technology,Accessories,West,Consumer,4,1446.78,303.69
ORD-2391,2024-10-20,Office Supplies,Pens,South,Consumer,7,314.41,58.78
ORD-1283,2024-10-20,Office Supplies,Pens,East,Corporate,5,218.65,35.19
ORD-6432,2024-10-20,Technology,Monitors,South,Home Office,3,1425.29,324.37
ORD-4180,2024-10-20,Office Supplies,Pens,West,Corporate,3,104.89,-8.57
ORD-6344,2024-10-20,Furniture,Chairs,Central,Corporate,7,1718.34,173.3
ORD-6468,2024-10-20,Technology,Accessories,East,Corporate,6,2720.06,550.55
ORD-2377,2024-10-20,Office Supplies,Binders,West,Home Office,6,227.38,58.74
ORD-5261,2024-10-20,Technology,Monitors,East,Home Office,3,1576.67,297.78
ORD-4663,2024-10-20,Office Supplies,Paper,East,Consumer,4,148.85,29.51
ORD-5558,2024-10-20,Office Supplies,Pens,East,Consumer,3,135.84,22.54
ORD-2062,2024-10-21,Furniture,Bookcases,West,Home Office,4,1169.56,146.47
ORD-2735,2024-10-21,Office Supplies,Storage,South,Home Office,2,86.8,15.96
ORD-3752,2024-10-21,Office Supplies,Paper,West,Home Office,4,130.57,19.91
ORD-5780,2024-10-21,Furniture,Tables,East,Corporate,4,1435.02,223.76
ORD-3500,2024-10-21,Office Supplies,Storage,West,Home Office,3,106.33,23.89
ORD-5697,2024-10-21,Office Supplies,Paper,East,Corporate,1,34.27,6.22
ORD-3898,2024-10-21,Office Supplies,Pens,South,Home Office,4,130.81,21.51
ORD-4480,2024-10-21,Office Supplies,Paper,West,Home Office,4,156.79,31.05
ORD-1142,2024-10-22,Office Supplies,Binders,South,Corporate,4,189.35,27.63
ORD-1259,2024-10-22,Office Supplies,Pens,Central,Home Office,4,158.82,30.43
ORD-3018,2024-10-22,Furniture,Tables,East,Home Office,1,305.85,34.38
ORD-1624,2024-10-22,Technology,Accessories,Central,Corporate,3,1518.74,226.59
ORD-3044,2024-10-22,Furniture,Desks,Central,Corporate,3,862.53,114.15
ORD-4584,2024-10-22,Office Supplies,Storage,Central,Home Office,3,99.01,24.28
ORD-3785,2024-10-22,Office Supplies,Paper,East,Home Office,4,162.53,31.74
ORD-3182,2024-10-22,Technology,Laptops,East,Corporate,5,2095.48,456.03
ORD-4816,2024-10-22,Furniture,Bookcases,Central,Corporate,4,1053.87,105.04
ORD-6364,2024-10-23,Furniture,Desks,East,Consumer,2,593.62,87.82
ORD-3728,2024-10-23,Furniture,Bookcases,West,Consumer,4,1349.1,163.53
ORD-6639,2024-10-23,Office Supplies,Pens,East,Consumer,2,85.38,20.14
ORD-6693,2024-10-23,Furniture,Tables,West,Consumer,1,274.21,39.36
ORD-4525,2024-10-23,Office Supplies,Storage,East,Corporate,1,47.17,-11.57
ORD-6603,2024-10-23,Furniture,Desks,Central,Corporate,6,1714.45,147.45
ORD-6716,2024-10-23,Technology,Monitors,East,Home Office,3,1489.92,180.48
ORD-5784,2024-10-24,Furniture,Chairs,Central,Home Office,5,1479.86,218.01
ORD-3193,2024-10-24,Furniture,Tables,Central,Corporate,1,295.01,42.27
ORD-1759,2024-10-24,Technology,Accessories,East,Corporate,5,2524.66,331.76
ORD-2620,2024-10-24,Office Supplies,Paper,East,Home Office,4,168.37,31.39
ORD-4845,2024-10-24,Office Supplies,Binders,East,Corporate,4,169.16,25.3
ORD-5843,2024-10-24,Furniture,Bookcases,Central,Consumer,1,275.47,38.62
ORD-3354,2024-10-24,Technology,Accessories,South,Corporate,3,1530.6,310.43
ORD-3748,2024-10-25,Technology,Laptops,Central,Consumer,5,2293.69,475.41
ORD-4074,2024-10-25,Furniture,Desks,Central,Consumer,2,595.18,61.94
ORD-5328,2024-10-25,Technology,Accessories,East,Corporate,3,1215.04,240.71
ORD-1115,2024-10-25,Office Supplies,Pens,Central,Home Office,3,123.14,27.61
ORD-2093,2024-10-25,Technology,Printers,West,Consumer,7,2581.19,424.46
ORD-4456,2024-10-25,Office Supplies,Paper,East,Consumer,2,94.1,-18.85
ORD-3205,2024-10-25,Office Supplies,Binders,East,Consumer,2,72.58,19.44
ORD-2221,2024-10-25,Technology,Printers,East,Home Office,6,2732.22,394.91
ORD-3967,2024-10-26,Office Supplies,Paper,South,Corporate,1,34.76,7.07
ORD-1975,2024-10-26,Technology,Accessories,East,Consumer,4,1707.72,189.99
ORD-2207,2024-10-26,Technology,Monitors,West,Consumer,4,1603.9,279.21
ORD-4494,2024-10-26,Furniture,Tables,South,Home Office,6,1498.21,132.61
ORD-4517,2024-10-27,Office Supplies,Pens,West,Consumer,3,115.84,18.28
ORD-1605,2024-10-27,Furniture,Tables,South,Consumer,6,1456.94,157.48
ORD-5535,2024-10-27,Technology,Monitors,Central,Corporate,1,501.75,107.78
ORD-5173,2024-10-27,Technology,Laptops,West,Consumer,2,970.4,148.91
ORD-3195,2024-10-27,Technology,Accessories,South,Consumer,6,2528.93,411.15
ORD-3718,2024-10-28,Furniture,Bookcases,South,Consumer,2,688.6,107.3
ORD-1578,2024-10-28,Office Supplies,Binders,East,Home Office,7,256.26,34.98
ORD-2690,2024-10-28,Furniture,Chairs,South,Home Office,6,1632.28,177.87
ORD-1287,2024-10-28,Office Supplies,Paper,West,Corporate,6,226.13,33.09
ORD-2191,2024-10-28,Furniture,Chairs,Central,Consumer,1,269.38,34.8
ORD-6650,2024-10-28,Technology,Printers,Central,Corporate,1,470.91,61.45
ORD-6670,2024-10-28,Furniture,Tables,South,Corporate,5,1225.35,119.84
ORD-5524,2024-10-28,Technology,Printers,East,Corporate,6,3063.12,511.15
ORD-4343,2024-10-28,Technology,Printers,Central,Home Office,7,2750.74,607.1
ORD-1205,2024-10-28,Technology,Laptops,West,Corporate,4,1731.61,316.38
ORD-5296,2024-10-28,Office Supplies,Storage,South,Corporate,5,218.71,45.19
ORD-2281,2024-10-29,Furniture,Bookcases,South,Home Office,5,1297.67,146.75
ORD-2577,2024-10-29,Technology,Laptops,Central,Corporate,2,1013.24,177.55
ORD-4003,2024-10-29,Furniture,Chairs,West,Corporate,7,2259.17,334.02
ORD-1361,2024-10-29,Furniture,Desks,Central,Consumer,7,2089.8,173.29
ORD-6598,2024-10-29,Furniture,Desks,East,Corporate,2,691.19,69.01
ORD-5130,2024-10-29,Technology,Monitors,East,Consumer,3,1102.14,165.42
ORD-1438,2024-10-29,Office Supplies,Storage,Central,Corporate,7,281.97,64.51
ORD-1512,2024-10-29,Furniture,Bookcases,East,Consumer,5,1654.04,180.54
ORD-4820,2024-10-29,Office Supplies,Pens,East,Home Office,5,176.79,48.59
ORD-1481,2024-10-29,Office Supplies,Pens,West,Corporate,2,84.31,12.67
ORD-2642,2024-10-29,Office Supplies,Pens,Central,Home Office,5,212.11,57.07
ORD-5108,2024-10-30,Technology,Laptops,East,Corporate,7,3272.38,764.68
ORD-3070,2024-10-30,Technology,Printers,West,Home Office,5,2294.57,444.43
ORD-2372,2024-10-30,Office Supplies,Storage,Central,Consumer,1,40.56,9.6
ORD-3098,2024-10-30,Office Supplies,Pens,East,Home Office,6,194.31,31.95
ORD-4284,2024-10-30,Office Supplies,Binders,Central,Corporate,2,73.63,16.73
ORD-3340,2024-10-30,Technology,Monitors,South,Home Office,3,1280.54,290.69
ORD-1413,2024-10-30,Technology,Monitors,Central,Consumer,2,964.66,113.45
ORD-4069,2024-10-31,Office Supplies,Paper,South,Consumer,5,187.93,45.33
ORD-3234,2024-10-31,Office Supplies,Pens,West,Home Office,7,264.22,58.45
ORD-2141,2024-10-31,Office Supplies,Pens,East,Consumer,4,140.29,34.18
ORD-3720,2024-10-31,Office Supplies,Paper,Central,Corporate,4,166.88,23.48
ORD-3068,2024-10-31,Technology,Monitors,West,Corporate,6,2267.63,509.31
ORD-5303,2024-10-31,Office Supplies,Pens,South,Corporate,7,314.37,80.33
ORD-6169,2024-10-31,Technology,Monitors,West,Corporate,5,2589.75,366.59
ORD-2317,2024-10-31,Office Supplies,Binders,East,Corporate,4,144.21,32.15
ORD-1453,2024-11-01,Office Supplies,Storage,South,Consumer,2,94.12,12.59
ORD-6460,2024-11-01,Technology,Printers,Central,Home Office,6,4038.02,753.47
ORD-2294,2024-11-01,Office Supplies,Pens,West,Corporate,4,159.21,22.97
ORD-6034,2024-11-01,Furniture,Tables,Central,Home Office,1,256.07,27.25
ORD-1057,2024-11-01,Office Supplies,Storage,West,Consumer,1,41.1,10.06
ORD-2485,2024-11-01,Office Supplies,Storage,West,Corporate,1,45.16,12.67
ORD-6366,2024-11-02,Technology,Laptops,East,Consumer,4,3254.74,543.92
ORD-4020,2024-11-02,Technology,Accessories,West,Home Office,5,4361.59,489.92
ORD-6445,2024-11-02,Office Supplies,Binders,South,Home Office,1,45.12,11.83
ORD-5966,2024-11-02,Office Supplies,Pens,East,Home Office,3,111.2,25.43
ORD-2407,2024-11-02,Technology,Accessories,South,Home Office,2,1640.3,343.65
ORD-1487,2024-11-02,Technology,Laptops,Central,Consumer,3,2404.98,429.64
ORD-3123,2024-11-02,Office Supplies,Storage,West,Home Office,3,123.01,29.29
ORD-2645,2024-11-02,Furniture,Bookcases,South,Consumer,4,1138.33,101.93
ORD-2375,2024-11-02,Furniture,Chairs,East,Corporate,2,668.28,58.52
ORD-2717,2024-11-03,Office Supplies,Paper,West,Consumer,7,289.08,55.91
ORD-6492,2024-11-03,Furniture,Chairs,South,Consumer,5,1687.51,219.97
ORD-6473,2024-11-03,Furniture,Tables,West,Consumer,1,244.31,26.3
ORD-5893,2024-11-03,Office Supplies,Binders,West,Consumer,6,274.82,56.54
ORD-2343,2024-11-03,Office Supplies,Binders,Central,Corporate,2,84.59,22.81
ORD-4070,2024-11-03,Furniture,Chairs,West,Consumer,2,580.09,52.67
ORD-1880,2024-11-04,Office Supplies,Pens,East,Home Office,1,35.73,7.95
ORD-5761,2024-11-04,Office Supplies,Binders,East,Corporate,4,184.32,39.15
ORD-4306,2024-11-04,Technology,Accessories,South,Home Office,7,6638.62,1124.73
ORD-5920,2024-11-04,Technology,Laptops,Central,Corporate,5,4598.2,950.65
ORD-4828,2024-11-04,Office Supplies,Storage,West,Corporate,6,246.05,62.27
ORD-6371,2024-11-04,Technology,Printers,East,Home Office,3,2692.0,623.69
ORD-2564,2024-11-05,Office Supplies,Storage,East,Corporate,4,166.96,38.62
ORD-1067,2024-11-05,Office Supplies,Pens,West,Home Office,5,160.91,22.64
ORD-1231,2024-11-05,Technology,Monitors,East,Consumer,2,1368.77,148.27
ORD-2673,2024-11-05,Technology,Accessories,South,Consumer,5,3951.67,798.26
ORD-6555,2024-11-05,Office Supplies,Binders,East,Home Office,6,246.54,-37.93
ORD-5683,2024-11-05,Office Supplies,Binders,West,Corporate,6,258.97,50.01
ORD-6106,2024-11-05,Technology,Accessories,East,Home Office,6,4656.15,656.64
ORD-4089,2024-11-05,Office Supplies,Paper,Central,Corporate,6,263.95,37.39
ORD-4898,2024-11-05,Furniture,Chairs,South,Corporate,4,1140.36,94.77
ORD-5219,2024-11-05,Office Supplies,Pens,West,Corporate,1,41.42,7.12
ORD-4072,2024-11-05,Furniture,Desks,Central,Corporate,5,1315.89,179.71
ORD-2693,2024-11-06,Technology,Laptops,West,Home Office,5,3808.85,584.65
ORD-1007,2024-11-06,Technology,Accessories,West,Consumer,7,6446.3,1061.51
ORD-6605,2024-11-06,Technology,Printers,Central,Corporate,5,4481.31,789.1
ORD-3953,2024-11-06,Furniture,Chairs,Central,Corporate,6,2146.05,311.49
ORD-3342,2024-11-07,Office Supplies,Pens,East,Consumer,4,175.31,28.62
ORD-2314,2024-11-07,Technology,Printers,Central,Corporate,6,4341.44,870.43
ORD-2913,2024-11-07,Furniture,Tables,West,Corporate,4,1350.71,179.19
ORD-1496,2024-11-07,Furniture,Tables,East,Corporate,7,2249.08,305.23
ORD-3334,2024-11-07,Office Supplies,Pens,East,Corporate,3,124.29,23.39
ORD-1595,2024-11-07,Office Supplies,Paper,Central,Consumer,1,35.62,9.81
ORD-5367,2024-11-07,Office Supplies,Binders,East,Home Office,2,74.92,17.11
ORD-1688,2024-11-08,Office Supplies,Pens,West,Home Office,2,68.71,12.38
ORD-5975,2024-11-08,Office Supplies,Storage,South,Home Office,2,92.04,20.77
ORD-2534,2024-11-08,Office Supplies,Storage,Central,Home Office,7,227.19,64.14
ORD-2808,2024-11-08,Office Supplies,Paper,Central,Home Office,5,236.79,63.56
ORD-5832,2024-11-08,Furniture,Desks,South,Corporate,3,757.05,93.8
ORD-3685,2024-11-09,Office Supplies,Paper,South,Corporate,5,160.77,29.67
ORD-4615,2024-11-09,Office Supplies,Pens,East,Home Office,5,181.83,32.27
ORD-4372,2024-11-09,Office Supplies,Binders,West,Consumer,1,42.85,11.89
ORD-1545,2024-11-09,Furniture,Bookcases,East,Corporate,5,1624.87,181.92
ORD-2689,2024-11-09,Furniture,Chairs,East,Corporate,2,663.56,98.79
ORD-1969,2024-11-10,Technology,Monitors,South,Home Office,6,5084.39,809.03
ORD-2997,2024-11-10,Office Supplies,Binders,South,Home Office,4,131.0,19.89
ORD-3220,2024-11-10,Technology,Accessories,East,Corporate,2,1456.53,314.26
ORD-5228,2024-11-10,Technology,Accessories,East,Home Office,5,4066.13,611.4
ORD-1710,2024-11-10,Technology,Accessories,East,Corporate,3,2308.33,430.01
ORD-4609,2024-11-10,Office Supplies,Storage,South,Corporate,4,128.75,23.32
ORD-4391,2024-11-11,Office Supplies,Binders,East,Corporate,3,131.77,-23.2
ORD-2095,2024-11-11,Office Supplies,Paper,Central,Consumer,6,196.84,52.69
ORD-2254,2024-11-11,Office Supplies,Pens,South,Home Office,1,39.4,10.19
ORD-6495,2024-11-11,Office Supplies,Storage,South,Consumer,1,40.42,7.98
ORD-3365,2024-11-11,Furniture,Bookcases,West,Home Office,3,917.89,72.11
ORD-2772,2024-11-11,Office Supplies,Paper,West,Home Office,7,331.06,84.41
ORD-3732,2024-11-11,Technology,Printers,East,Consumer,1,652.25,96.4
ORD-5603,2024-11-11,Furniture,Chairs,West,Home Office,7,2073.71,296.23
ORD-2303,2024-11-12,Furniture,Bookcases,East,Home Office,6,1842.37,242.07
ORD-2570,2024-11-12,Technology,Laptops,South,Corporate,6,5099.96,771.62
ORD-2779,2024-11-12,Furniture,Bookcases,West,Consumer,1,266.59,36.14
ORD-2023,2024-11-12,Office Supplies,Pens,East,Corporate,5,205.19,30.24
ORD-4337,2024-11-12,Office Supplies,Binders,East,Consumer,5,191.16,32.0
ORD-5035,2024-11-12,Office Supplies,Binders,Central,Corporate,6,208.8,28.98
ORD-1046,2024-11-12,Office Supplies,Binders,East,Corporate,5,166.47,39.62
ORD-1524,2024-11-13,Furniture,Chairs,South,Corporate,6,1660.36,196.52
ORD-3418,2024-11-13,Technology,Laptops,South,Consumer,2,1921.6,312.99
ORD-6906,2024-11-13,Office Supplies,Paper,East,Home Office,7,303.55,74.15
ORD-2909,2024-11-13,Furniture,Desks,South,Corporate,5,1717.38,146.63
ORD-2235,2024-11-13,Office Supplies,Paper,West,Home Office,2,89.95,24.71
ORD-6178,2024-11-13,Technology,Laptops,East,Consumer,1,655.21,75.73
ORD-4411,2024-11-13,Office Supplies,Paper,West,Corporate,5,203.27,51.07
ORD-2354,2024-11-14,Office Supplies,Paper,South,Consumer,1,41.25,9.13
ORD-4392,2024-11-14,Furniture,Chairs,South,Corporate,4,1385.1,182.66
ORD-2996,2024-11-14,Office Supplies,Storage,East,Corporate,3,120.37,34.26
ORD-4356,2024-11-14,Office Supplies,Pens,Central,Corporate,7,231.9,56.22
ORD-1965,2024-11-14,Technology,Monitors,South,Consumer,6,5036.52,1001.78
ORD-2638,2024-11-14,Furniture,Desks,South,Home Office,4,1322.84,166.9
ORD-2575,2024-11-14,Office Supplies,Binders,South,Consumer,3,106.0,28.85
ORD-4817,2024-11-14,Office Supplies,Paper,East,Home Office,3,127.37,35.47
ORD-5112,2024-11-15,Furniture,Chairs,South,Corporate,6,1859.73,268.38
ORD-5089,2024-11-15,Office Supplies,Paper,Central,Corporate,7,302.97,40.52
ORD-5069,2024-11-15,Technology,Printers,Central,Consumer,3,2654.91,533.9
ORD-2146,2024-11-15,Office Supplies,Paper,South,Consumer,3,129.15,29.99
ORD-6401,2024-11-15,Furniture,Chairs,South,Corporate,1,267.79,36.13
ORD-6206,2024-11-15,Office Supplies,Storage,East,Consumer,7,272.45,75.98
ORD-6811,2024-11-15,Technology,Accessories,South,Consumer,2,1773.78,194.84
ORD-2824,2024-11-15,Office Supplies,Storage,South,Corporate,7,328.43,88.65
ORD-2330,2024-11-16,Technology,Laptops,East,Corporate,5,3286.97,640.69
ORD-2899,2024-11-16,Furniture,Tables,East,Home Office,3,889.47,93.06
ORD-6584,2024-11-16,Technology,Laptops,South,Home Office,2,1618.68,195.54
ORD-5344,2024-11-16,Office Supplies,Pens,East,Consumer,5,214.29,37.39
ORD-1718,2024-11-16,Office Supplies,Binders,East,Home Office,1,40.59,7.48
ORD-5411,2024-11-16,Furniture,Bookcases,West,Corporate,3,879.18,88.81
ORD-1291,2024-11-17,Technology,Printers,East,Home Office,1,676.71,91.9
ORD-2496,2024-11-17,Furniture,Desks,Central,Home Office,2,540.31,46.45
ORD-3222,2024-11-17,Office Supplies,Binders,East,Corporate,1,39.96,9.44
ORD-3611,2024-11-17,Office Supplies,Paper,West,Home Office,2,88.99,20.73
ORD-2797,2024-11-17,Furniture,Chairs,South,Corporate,2,649.05,95.28
ORD-5428,2024-11-17,Furniture,Desks,South,Consumer,7,2144.41,295.36
ORD-2301,2024-11-17,Technology,Accessories,West,Consumer,3,2690.46,616.25
ORD-6355,2024-11-17,Technology,Accessories,East,Corporate,2,1643.25,202.93
ORD-3159,2024-11-17,Office Supplies,Pens,West,Corporate,7,275.32,-40.87
ORD-2100,2024-11-18,Office Supplies,Pens,Central,Corporate,5,237.81,35.78
ORD-3413,2024-11-18,Office Supplies,Binders,West,Corporate,7,307.52,82.06
ORD-1650,2024-11-18,Technology,Accessories,East,Corporate,5,3350.34,453.94
ORD-2013,2024-11-18,Technology,Monitors,Central,Consumer,4,3420.53,737.25
ORD-4326,2024-11-18,Office Supplies,Binders,Central,Corporate,1,39.93,10.28
ORD-6827,2024-11-18,Furniture,Chairs,East,Corporate,4,982.65,74.24
ORD-5096,2024-11-18,Furniture,Tables,Central,Consumer,2,645.55,50.84
ORD-4257,2024-11-18,Furniture,Tables,South,Consumer,4,1324.05,105.01
ORD-4716,2024-11-18,Office Supplies,Pens,West,Corporate,6,204.04,30.51
ORD-6761,2024-11-18,Office Supplies,Paper,South,Consumer,6,275.63,44.81
ORD-5412,2024-11-19,Furniture,Tables,East,Corporate,4,1363.15,211.55
ORD-6880,2024-11-19,Furniture,Tables,Central,Corporate,6,1779.1,188.33
ORD-3924,2024-11-19,Technology,Monitors,East,Consumer,7,5701.54,1033.23
ORD-5065,2024-11-19,Technology,Printers,Central,Consumer,3,2224.57,300.08
ORD-3059,2024-11-19,Technology,Laptops,East,Consumer,6,5827.79,1290.29
ORD-2957,2024-11-19,Office Supplies,Pens,West,Home Office,4,185.59,33.38
ORD-1961,2024-11-19,Office Supplies,Paper,East,Home Office,6,211.54,29.87
ORD-5807,2024-11-19,Office Supplies,Pens,West,Home Office,4,132.31,27.71
ORD-1813,2024-11-19,Technology,Printers,West,Corporate,7,5156.24,1035.35
ORD-3404,2024-11-19,Office Supplies,Paper,South,Corporate,3,124.8,27.7
ORD-1471,2024-11-19,Office Supplies,Paper,Central,Corporate,2,80.0,17.94
ORD-2743,2024-11-19,Technology,Printers,South,Home Office,6,4182.69,792.8
ORD-2605,2024-11-20,Furniture,Chairs,Central,Corporate,6,1947.3,156.43
ORD-1223,2024-11-20,Technology,Printers,Central,Corporate,6,5092.29,847.36
ORD-1944,2024-11-20,Technology,Laptops,West,Consumer,2,1589.04,200.2
ORD-6151,2024-11-20,Furniture,Bookcases,Central,Home Office,5,1349.95,113.08
ORD-5545,2024-11-20,Technology,Accessories,West,Consumer,6,4461.76,943.99
ORD-6694,2024-11-20,Office Supplies,Pens,South,Home Office,2,83.93,21.92
ORD-3431,2024-11-20,Technology,Accessories,West,Corporate,6,5243.24,800.58
ORD-2397,2024-11-20,Office Supplies,Paper,East,Corporate,6,243.95,33.19
ORD-2529,2024-11-21,Office Supplies,Paper,West,Home Office,1,40.21,6.45
ORD-2043,2024-11-21,Technology,Accessories,East,Corporate,2,1786.66,261.77
ORD-2166,2024-11-21,Office Supplies,Pens,South,Corporate,1,41.04,11.49
ORD-1415,2024-11-21,Technology,Printers,South,Consumer,1,965.91,200.85
ORD-2094,2024-11-21,Office Supplies,Binders,South,Corporate,7,227.33,-41.37
ORD-6908,2024-11-21,Technology,Monitors,South,Home Office,7,5141.26,918.44
ORD-3184,2024-11-21,Technology,Accessories,South,Home Office,2,1880.64,214.9
ORD-6294,2024-11-21,Technology,Accessories,Central,Home Office,5,3721.27,623.35
ORD-5811,2024-11-21,Office Supplies,Pens,West,Home Office,5,210.11,48.31
ORD-4321,2024-11-21,Office Supplies,Paper,West,Home Office,4,155.08,28.84
ORD-4428,2024-11-22,Technology,Accessories,Central,Corporate,1,925.98,167.06
ORD-6377,2024-11-22,Furniture,Chairs,East,Home Office,7,1862.69,221.65
ORD-4371,2024-11-22,Office Supplies,Pens,East,Home Office,4,134.88,22.26
ORD-4295,2024-11-22,Office Supplies,Storage,West,Consumer,3,122.49,26.99
ORD-4425,2024-11-22,Office Supplies,Pens,East,Consumer,2,67.28,10.24
ORD-5375,2024-11-22,Technology,Printers,East,Consumer,3,2186.93,322.58
ORD-4603,2024-11-22,Office Supplies,Storage,West,Consumer,2,80.71,21.6
ORD-6985,2024-11-23,Technology,Printers,South,Corporate,2,1608.52,340.28
ORD-6993,2024-11-23,Technology,Printers,West,Home Office,6,4825.13,1028.48
ORD-4974,2024-11-23,Office Supplies,Pens,South,Corporate,1,34.37,5.85
ORD-6829,2024-11-23,Office Supplies,Pens,West,Home Office,7,283.11,77.52
ORD-3739,2024-11-23,Office Supplies,Storage,Central,Corporate,6,270.66,-30.89
ORD-1972,2024-11-23,Office Supplies,Paper,West,Home Office,2,88.12,18.96
ORD-3722,2024-11-24,Furniture,Tables,Central,Consumer,5,1266.63,194.52
ORD-2063,2024-11-24,Technology,Accessories,West,Corporate,3,2842.61,493.87
ORD-1332,2024-11-24,Technology,Laptops,East,Consumer,6,3977.66,713.84
ORD-1811,2024-11-24,Office Supplies,Binders,Central,Corporate,4,157.31,41.77
ORD-6291,2024-11-24,Furniture,Tables,Central,Consumer,7,2419.81,372.14
ORD-3864,2024-11-24,Office Supplies,Pens,South,Consumer,7,229.58,43.15
ORD-6913,2024-11-24,Office Supplies,Paper,Central,Corporate,7,258.75,61.19
ORD-6520,2024-11-24,Technology,Monitors,Central,Home Office,1,818.16,95.06
ORD-1323,2024-11-24,Office Supplies,Paper,Central,Corporate,1,45.46,12.86
ORD-1729,2024-11-24,Furniture,Bookcases,Central,Corporate,7,2358.95,183.52
ORD-1454,2024-11-24,Office Supplies,Binders,West,Corporate,5,238.32,38.42
ORD-4131,2024-11-25,Furniture,Desks,West,Corporate,2,645.53,72.45
ORD-6789,2024-11-25,Technology,Accessories,Central,Consumer,1,712.27,105.36
ORD-1884,2024-11-25,Office Supplies,Pens,East,Corporate,1,39.42,10.76
ORD-3233,2024-11-25,Furniture,Bookcases,Central,Home Office,4,1296.77,140.71
ORD-4424,2024-11-25,Furniture,Chairs,Central,Corporate,2,696.69,79.39
ORD-1858,2024-11-26,Office Supplies,Storage,East,Consumer,4,140.05,20.49
ORD-1518,2024-11-26,Office Supplies,Binders,South,Corporate,1,41.76,10.9
ORD-3256,2024-11-26,Office Supplies,Paper,South,Home Office,1,41.33,8.95
ORD-3244,2024-11-26,Furniture,Desks,East,Corporate,4,1412.55,136.22
ORD-6279,2024-11-26,Technology,Laptops,East,Consumer,6,4364.55,564.13
ORD-2321,2024-11-26,Technology,Monitors,Central,Home Office,5,3424.01,517.14
ORD-4518,2024-11-26,Furniture,Desks,East,Consumer,1,302.08,27.61
ORD-5838,2024-11-26,Office Supplies,Pens,East,Home Office,1,35.35,8.35
ORD-3189,2024-11-26,Furniture,Bookcases,East,Corporate,7,2329.28,292.56
ORD-6511,2024-11-27,Office Supplies,Pens,Central,Consumer,4,149.29,37.68
ORD-5092,2024-11-27,Technology,Laptops,Central,Corporate,3,2772.96,404.8
ORD-3819,2024-11-27,Technology,Printers,East,Consumer,2,1622.21,242.42
ORD-3783,2024-11-27,Office Supplies,Storage,West,Consumer,4,169.41,45.56
ORD-1104,2024-11-27,Furniture,Desks,South,Corporate,5,1610.74,127.86
ORD-6535,2024-11-28,Technology,Printers,East,Home Office,7,6549.62,1146.32
ORD-5709,2024-11-28,Technology,Accessories,West,Consumer,4,2656.66,368.21
ORD-3122,2024-11-28,Office Supplies,Storage,East,Consumer,6,243.96,46.9
ORD-2704,2024-11-28,Furniture,Chairs,South,Corporate,1,309.49,28.31
ORD-2105,2024-11-28,Furniture,Bookcases,South,Home Office,3,838.56,63.35
ORD-1153,2024-11-28,Furniture,Bookcases,East,Corporate,7,1986.35,236.57
ORD-5421,2024-11-28,Furniture,Chairs,East,Home Office,4,1206.42,93.46
ORD-1373,2024-11-28,Furniture,Bookcases,Central,Home Office,4,1347.16,150.92
ORD-5081,2024-11-28,Furniture,Chairs,West,Corporate,3,954.78,139.62
ORD-5451,2024-11-29,Technology,Accessories,South,Home Office,1,751.08,130.7
ORD-3272,2024-11-29,Furniture,Chairs,South,Home Office,3,829.25,98.65
ORD-1241,2024-11-29,Technology,Monitors,Central,Corporate,6,4972.33,994.77
ORD-3966,2024-11-29,Furniture,Desks,East,Corporate,2,644.68,64.24
ORD-2916,2024-11-29,Technology,Monitors,Central,Corporate,7,6037.17,1070.72
ORD-5282,2024-11-29,Technology,Accessories,West,Consumer,5,4225.92,493.95
ORD-1797,2024-11-29,Technology,Monitors,East,Consumer,6,5072.88,911.2
ORD-6251,2024-11-29,Technology,Monitors,South,Corporate,5,4338.3,807.13
ORD-3951,2024-11-29,Office Supplies,Binders,Central,Home Office,7,291.54,47.09
ORD-6542,2024-11-29,Furniture,Chairs,East,Corporate,6,1492.69,112.28
ORD-1794,2024-11-29,Technology,Printers,East,Corporate,2,1461.08,222.58
ORD-5596,2024-11-30,Office Supplies,Paper,South,Corporate,6,192.68,47.32
ORD-5605,2024-11-30,Technology,Printers,Central,Home Office,1,751.5,83.09
ORD-4355,2024-11-30,Office Supplies,Paper,East,Consumer,5,209.79,-27.93
ORD-1570,2024-11-30,Technology,Printers,East,Consumer,1,835.15,128.0
ORD-4647,2024-11-30,Office Supplies,Pens,East,Home Office,5,175.2,24.49
ORD-2352,2024-11-30,Office Supplies,Storage,East,Home Office,4,146.95,23.14
ORD-5480,2024-11-30,Technology,Laptops,West,Home Office,4,2686.21,445.09
ORD-1396,2024-11-30,Technology,Monitors,Central,Consumer,4,3705.21,487.01
ORD-4175,2024-11-30,Office Supplies,Storage,East,Consumer,3,122.91,20.78
ORD-6633,2024-11-30,Furniture,Chairs,South,Consumer,1,323.12,34.97
ORD-1840,2024-12-01,Technology,Monitors,West,Corporate,5,2652.19,378.39
ORD-3414,2024-12-01,Technology,Printers,South,Consumer,2,857.47,180.11
ORD-6478,2024-12-01,Technology,Accessories,Central,Home Office,3,1107.8,251.4
ORD-1479,2024-12-01,Furniture,Tables,West,Home Office,7,2040.87,273.91
ORD-5001,2024-12-01,Office Supplies,Storage,Central,Consumer,2,82.76,14.72
ORD-1431,2024-12-01,Technology,Printers,South,Home Office,5,2454.07,504.34
ORD-1147,2024-12-01,Technology,Monitors,East,Home Office,6,2165.67,262.02
ORD-5995,2024-12-01,Office Supplies,Storage,West,Consumer,1,47.72,12.82
ORD-3137,2024-12-01,Office Supplies,Paper,South,Consumer,3,102.17,20.74
ORD-2118,2024-12-01,Technology,Printers,Central,Consumer,3,1361.05,294.62
ORD-5433,2024-12-01,Furniture,Bookcases,East,Home Office,2,637.52,60.06
ORD-1308,2024-12-01,Office Supplies,Storage,South,Home Office,6,269.41,37.72
ORD-2876,2024-12-02,Office Supplies,Binders,West,Consumer,2,73.62,12.28
ORD-3788,2024-12-02,Office Supplies,Paper,South,Home Office,3,106.99,22.67
ORD-3815,2024-12-02,Office Supplies,Binders,West,Home Office,5,224.89,-43.33
ORD-1282,2024-12-02,Technology,Laptops,South,Consumer,3,1615.58,194.67
ORD-5952,2024-12-02,Technology,Accessories,West,Home Office,3,1114.14,220.19
ORD-5926,2024-12-02,Technology,Accessories,West,Corporate,6,2927.13,326.36
ORD-2370,2024-12-02,Technology,Accessories,South,Corporate,4,2149.91,486.22
ORD-3355,2024-12-02,Furniture,Chairs,South,Corporate,7,1889.18,285.06
ORD-1714,2024-12-02,Office Supplies,Storage,West,Corporate,7,308.51,66.3
ORD-5770,2024-12-02,Furniture,Chairs,West,Corporate,1,242.28,33.21
ORD-6907,2024-12-02,Technology,Printers,West,Consumer,1,418.09,48.47
ORD-2404,2024-12-02,Office Supplies,Paper,Central,Consumer,1,44.19,-11.03
ORD-6075,2024-12-02,Office Supplies,Binders,Central,Consumer,4,147.09,35.81
ORD-5348,2024-12-02,Technology,Accessories,Central,Corporate,1,420.15,59.3
ORD-6545,2024-12-02,Technology,Monitors,East,Consumer,2,1025.12,140.96
ORD-5797,2024-12-02,Technology,Laptops,South,Corporate,6,2166.42,234.47
ORD-3852,2024-12-03,Technology,Laptops,Central,Corporate,2,1044.6,169.32
ORD-5586,2024-12-03,Office Supplies,Paper,East,Corporate,6,232.64,66.22
ORD-4550,2024-12-03,Office Supplies,Paper,Central,Consumer,3,118.13,30.59
ORD-1941,2024-12-03,Office Supplies,Storage,West,Corporate,3,112.37,31.11
ORD-3349,2024-12-03,Office Supplies,Pens,West,Consumer,2,70.72,16.8
ORD-5649,2024-12-03,Technology,Laptops,West,Corporate,1,520.92,121.88
ORD-2762,2024-12-04,Office Supplies,Pens,Central,Corporate,5,170.55,25.31
ORD-1387,2024-12-04,Technology,Laptops,South,Home Office,6,2768.35,340.82
ORD-5091,2024-12-04,Office Supplies,Paper,East,Corporate,6,286.97,81.75
ORD-4148,2024-12-04,Technology,Monitors,South,Consumer,1,465.16,87.39
ORD-4994,2024-12-04,Office Supplies,Paper,South,Home Office,1,46.54,12.35
ORD-3747,2024-12-04,Office Supplies,Binders,West,Consumer,2,73.81,13.22
ORD-4687,2024-12-05,Office Supplies,Storage,South,Home Office,4,164.06,25.81
ORD-3715,2024-12-05,Office Supplies,Paper,West,Corporate,1,44.71,12.49
ORD-3118,2024-12-05,Office Supplies,Storage,West,Home Office,6,206.04,41.46
ORD-6689,2024-12-05,Technology,Laptops,Central,Home Office,4,1634.29,275.91
ORD-1242,2024-12-05,Technology,Accessories,West,Consumer,5,2371.46,481.67
ORD-2842,2024-12-05,Furniture,Tables,East,Consumer,6,1695.99,154.82
ORD-6259,2024-12-05,Office Supplies,Pens,Central,Corporate,3,141.74,35.0
ORD-4605,2024-12-05,Technology,Accessories,West,Consumer,2,734.38,135.72
ORD-6765,2024-12-05,Office Supplies,Pens,South,Consumer,1,44.43,12.23
ORD-6551,2024-12-05,Technology,Accessories,West,Corporate,2,799.75,138.36
ORD-4901,2024-12-06,Technology,Accessories,South,Home Office,4,1852.52,334.24
ORD-3678,2024-12-06,Furniture,Desks,South,Corporate,3,729.01,79.94
ORD-5245,2024-12-06,Furniture,Desks,West,Corporate,1,284.42,32.86
ORD-4195,2024-12-06,Furniture,Desks,West,Home Office,2,680.46,71.31
ORD-5441,2024-12-06,Office Supplies,Binders,West,Home Office,5,225.07,41.82
ORD-3603,2024-12-06,Technology,Accessories,Central,Consumer,4,1466.49,309.02
ORD-4138,2024-12-06,Office Supplies,Binders,South,Corporate,4,156.6,43.81
ORD-1632,2024-12-06,Technology,Monitors,West,Corporate,4,1698.21,378.41
ORD-5284,2024-12-07,Furniture,Chairs,South,Corporate,2,548.33,69.94
ORD-4334,2024-12-07,Office Supplies,Pens,East,Home Office,6,238.97,33.52
ORD-2885,2024-12-07,Technology,Monitors,Central,Corporate,3,1614.36,206.43
ORD-3139,2024-12-07,Office Supplies,Binders,West,Home Office,7,315.09,63.82
ORD-4501,2024-12-07,Office Supplies,Pens,West,Home Office,4,144.41,37.83
ORD-5512,2024-12-07,Office Supplies,Paper,West,Consumer,1,36.31,8.97
ORD-6334,2024-12-08,Office Supplies,Pens,East,Consumer,2,86.56,12.17
ORD-2877,2024-12-08,Furniture,Bookcases,East,Home Office,3,994.4,154.3
ORD-5280,2024-12-08,Furniture,Desks,South,Consumer,6,1756.54,127.38
ORD-2525,2024-12-08,Office Supplies,Storage,East,Consumer,4,177.91,37.71
ORD-2435,2024-12-08,Technology,Printers,East,Home Office,7,2562.13,428.52
ORD-2431,2024-12-08,Office Supplies,Paper,West,Corporate,4,148.63,41.11
ORD-1792,2024-12-08,Office Supplies,Binders,East,Corporate,6,204.39,51.53
ORD-4066,2024-12-08,Technology,Accessories,South,Home Office,4,1512.09,171.21
ORD-2678,2024-12-08,Technology,Monitors,Central,Home Office,1,364.01,67.27
ORD-4521,2024-12-09,Office Supplies,Storage,Central,Corporate,5,174.93,45.72
ORD-6142,2024-12-09,Office Supplies,Binders,South,Corporate,3,137.87,24.15
ORD-6677,2024-12-09,Furniture,Tables,South,Consumer,7,1950.26,154.74
ORD-3828,2024-12-09,Technology,Monitors,West,Consumer,2,811.89,115.95
ORD-2169,2024-12-09,Office Supplies,Paper,South,Consumer,2,71.35,16.35
ORD-6415,2024-12-09,Office Supplies,Paper,East,Consumer,6,217.37,41.8
ORD-1607,2024-12-09,Furniture,Tables,East,Home Office,4,1334.84,184.85
ORD-2891,2024-12-09,Technology,Printers,South,Consumer,5,2060.46,394.51
ORD-5858,2024-12-10,Technology,Printers,East,Consumer,1,460.08,75.85
ORD-4435,2024-12-10,Technology,Printers,West,Corporate,5,1893.18,248.27
ORD-4934,2024-12-10,Technology,Monitors,Central,Consumer,5,2061.89,336.06
ORD-4563,2024-12-10,Technology,Monitors,Central,Consumer,1,533.32,87.27
ORD-5429,2024-12-10,Technology,Monitors,West,Home Office,4,1901.92,397.94
ORD-1793,2024-12-10,Technology,Accessories,East,Home Office,2,1015.4,110.58
ORD-5978,2024-12-10,Office Supplies,Storage,South,Corporate,1,36.22,7.4
ORD-1800,2024-12-10,Technology,Laptops,East,Home Office,1,539.78,62.03
ORD-3371,2024-12-10,Office Supplies,Paper,East,Home Office,2,71.09,13.95
ORD-4673,2024-12-10,Office Supplies,Paper,West,Corporate,5,167.37,42.54
ORD-3444,2024-12-10,Office Supplies,Storage,West,Corporate,7,292.13,75.75
ORD-5829,2024-12-10,Technology,Accessories,South,Consumer,7,3113.07,668.3
ORD-4638,2024-12-10,Office Supplies,Storage,West,Home Office,3,99.54,21.61
ORD-2211,2024-12-10,Office Supplies,Binders,East,Home Office,1,43.29,10.06
ORD-3215,2024-12-10,Technology,Printers,West,Corporate,3,1108.4,196.59
ORD-4102,2024-12-10,Furniture,Bookcases,West,Consumer,4,1292.96,135.39
ORD-4051,2024-12-11,Technology,Monitors,East,Corporate,3,1491.24,299.87
ORD-2206,2024-12-11,Office Supplies,Binders,South,Consumer,2,79.93,20.41
ORD-5793,2024-12-11,Technology,Printers,Central,Consumer,7,3011.59,424.45
ORD-2931,2024-12-11,Office Supplies,Paper,West,Home Office,7,268.42,76.6
ORD-3177,2024-12-11,Office Supplies,Pens,South,Consumer,4,140.48,34.56
ORD-1408,2024-12-11,Technology,Accessories,West,Corporate,1,403.05,70.48
ORD-4395,2024-12-11,Furniture,Bookcases,South,Consumer,2,501.69,68.86
ORD-2930,2024-12-11,Office Supplies,Binders,South,Corporate,7,290.39,43.2
ORD-4688,2024-12-11,Office Supplies,Paper,South,Consumer,1,36.69,7.12
ORD-5438,2024-12-12,Office Supplies,Paper,South,Consumer,4,178.78,-40.42
ORD-5929,2024-12-12,Office Supplies,Paper,East,Home Office,7,325.39,46.75
ORD-1762,2024-12-12,Technology,Printers,West,Corporate,6,2757.04,555.06
ORD-5394,2024-12-12,Technology,Laptops,Central,Home Office,3,1269.66,223.11
ORD-4486,2024-12-12,Technology,Laptops,Central,Home Office,2,803.52,127.18
ORD-6429,2024-12-12,Technology,Printers,West,Home Office,7,2642.77,285.48
ORD-6153,2024-12-12,Technology,Accessories,West,Home Office,5,2222.22,271.57
ORD-4245,2024-12-12,Office Supplies,Paper,West,Home Office,6,254.59,-62.63
ORD-5250,2024-12-12,Technology,Laptops,Central,Consumer,7,2880.7,399.03
ORD-1908,2024-12-12,Furniture,Desks,West,Consumer,4,1240.51,172.35
ORD-1866,2024-12-12,Office Supplies,Binders,East,Consumer,5,173.0,31.25
ORD-1785,2024-12-12,Technology,Monitors,East,Home Office,3,1547.41,279.66
ORD-6247,2024-12-13,Furniture,Desks,East,Home Office,3,901.0,90.59
ORD-6744,2024-12-13,Furniture,Bookcases,Central,Home Office,6,1462.31,191.78
ORD-1764,2024-12-13,Office Supplies,Storage,East,Corporate,3,108.26,20.59
ORD-6180,2024-12-13,Office Supplies,Binders,West,Home Office,5,204.54,48.32
ORD-2323,2024-12-13,Office Supplies,Storage,West,Home Office,2,81.67,14.33
ORD-6703,2024-12-13,Office Supplies,Pens,West,Home Office,5,173.76,33.46
ORD-2540,2024-12-13,Technology,Monitors,East,Home Office,1,388.81,80.56
ORD-5178,2024-12-13,Technology,Printers,Central,Consumer,5,2518.06,457.01
ORD-4488,2024-12-14,Office Supplies,Binders,West,Home Office,3,131.08,35.54
ORD-4979,2024-12-14,Technology,Printers,West,Consumer,4,2135.67,267.33
ORD-2862,2024-12-14,Office Supplies,Pens,East,Home Office,1,41.74,10.85
ORD-6780,2024-12-14,Office Supplies,Binders,West,Consumer,7,297.08,58.94
ORD-5768,2024-12-15,Technology,Accessories,Central,Corporate,6,3056.07,394.62
ORD-1253,2024-12-15,Furniture,Bookcases,South,Consumer,4,1332.83,109.63
ORD-5156,2024-12-15,Office Supplies,Paper,East,Home Office,3,117.13,16.51
ORD-2034,2024-12-15,Technology,Monitors,South,Corporate,4,1461.45,159.64
ORD-5347,2024-12-15,Furniture,Chairs,South,Home Office,5,1709.03,178.18
ORD-3634,2024-12-15,Office Supplies,Storage,East,Corporate,2,93.46,-16.07
ORD-4465,2024-12-15,Furniture,Bookcases,West,Consumer,6,1975.6,182.29
ORD-6297,2024-12-15,Office Supplies,Paper,South,Corporate,5,181.96,42.46
ORD-4336,2024-12-15,Technology,Printers,West,Consumer,1,426.73,67.99
ORD-5037,2024-12-16,Technology,Accessories,West,Corporate,6,2386.61,365.09
ORD-4648,2024-12-16,Technology,Printers,West,Home Office,3,1168.26,163.26
ORD-5140,2024-12-16,Furniture,Bookcases,Central,Consumer,3,844.57,100.45
ORD-3858,2024-12-16,Technology,Printers,Central,Consumer,2,1011.74,197.76
ORD-6640,2024-12-16,Technology,Monitors,Central,Corporate,3,1272.24,179.4
ORD-4341,2024-12-16,Office Supplies,Paper,South,Home Office,2,86.58,14.78
ORD-1213,2024-12-16,Office Supplies,Binders,West,Consumer,2,95.14,16.28
ORD-5059,2024-12-16,Office Supplies,Pens,South,Home Office,2,91.67,-21.29
ORD-1439,2024-12-17,Furniture,Tables,South,Home Office,1,255.59,30.43
ORD-2331,2024-12-17,Technology,Printers,East,Home Office,7,3243.61,604.53
ORD-5567,2024-12-17,Office Supplies,Storage,South,Corporate,4,180.58,43.67
ORD-1647,2024-12-17,Office Supplies,Binders,West,Home Office,7,334.04,85.99
ORD-3894,2024-12-17,Furniture,Tables,East,Corporate,3,1005.52,91.04
ORD-5746,2024-12-17,Office Supplies,Paper,West,Home Office,6,206.54,48.03
ORD-1154,2024-12-17,Office Supplies,Pens,South,Corporate,7,269.3,68.89
ORD-3939,2024-12-17,Office Supplies,Pens,East,Home Office,2,93.64,13.87
ORD-3061,2024-12-17,Office Supplies,Binders,Central,Home Office,2,73.64,14.14
ORD-3358,2024-12-17,Technology,Monitors,South,Corporate,1,485.08,102.36
ORD-5314,2024-12-17,Furniture,Tables,Central,Home Office,2,613.18,66.36
ORD-6699,2024-12-17,Office Supplies,Storage,West,Consumer,7,275.75,40.28
ORD-6045,2024-12-18,Furniture,Desks,East,Home Office,2,496.93,51.2
ORD-4785,2024-12-18,Furniture,Tables,South,Corporate,6,1963.36,200.2
ORD-1722,2024-12-18,Technology,Accessories,East,Corporate,3,1087.77,227.53
ORD-6072,2024-12-18,Technology,Accessories,East,Home Office,5,2467.0,286.15
ORD-5734,2024-12-18,Technology,Printers,West,Corporate,5,2003.24,395.03
ORD-2621,2024-12-18,Furniture,Chairs,South,Corporate,5,1460.22,129.95
ORD-4380,2024-12-18,Office Supplies,Pens,Central,Home Office,1,32.98,5.02
ORD-5775,2024-12-18,Office Supplies,Binders,South,Consumer,7,270.84,71.14
ORD-6609,2024-12-19,Office Supplies,Binders,East,Consumer,6,272.36,50.0
ORD-1495,2024-12-19,Technology,Accessories,West,Consumer,7,2581.31,467.75
ORD-2910,2024-12-19,Technology,Monitors,South,Home Office,6,2570.41,557.2
ORD-6762,2024-12-19,Office Supplies,Binders,West,Home Office,5,227.2,39.73
ORD-3481,2024-12-19,Office Supplies,Storage,Central,Corporate,3,110.45,-13.91
ORD-1307,2024-12-19,Technology,Monitors,West,Consumer,2,755.12,163.57
ORD-1256,2024-12-19,Office Supplies,Pens,South,Home Office,1,38.89,5.58
ORD-2498,2024-12-19,Furniture,Desks,South,Consumer,5,1559.83,135.57
ORD-6838,2024-12-19,Office Supplies,Storage,West,Consumer,2,93.69,20.96
ORD-6725,2024-12-19,Furniture,Bookcases,East,Corporate,4,980.13,129.84
ORD-6920,2024-12-20,Furniture,Desks,West,Consumer,3,992.05,99.32
ORD-4836,2024-12-20,Technology,Monitors,South,Consumer,7,2961.72,327.55
ORD-3275,2024-12-20,Furniture,Desks,West,Consumer,4,1160.54,167.8
ORD-5905,2024-12-20,Office Supplies,Pens,Central,Consumer,2,69.5,14.81
ORD-3307,2024-12-20,Office Supplies,Binders,East,Home Office,3,106.9,24.72
ORD-5578,2024-12-20,Technology,Laptops,Central,Home Office,5,1978.41,220.86
ORD-5831,2024-12-20,Furniture,Bookcases,Central,Corporate,4,1012.45,108.22
ORD-4440,2024-12-20,Furniture,Desks,West,Corporate,3,774.87,112.38
ORD-6276,2024-12-20,Office Supplies,Storage,South,Consumer,2,67.09,10.27
ORD-1763,2024-12-20,Technology,Accessories,East,Corporate,5,2053.22,340.13
ORD-3625,2024-12-21,Office Supplies,Storage,West,Consumer,7,249.73,38.33
ORD-4287,2024-12-21,Technology,Printers,South,Consumer,6,2579.61,487.05
ORD-6479,2024-12-21,Technology,Accessories,East,Corporate,7,3088.13,502.55
ORD-2082,2024-12-21,Furniture,Chairs,South,Home Office,3,915.03,75.96
ORD-6950,2024-12-21,Office Supplies,Storage,West,Consumer,5,230.24,32.43
ORD-3969,2024-12-21,Furniture,Chairs,Central,Consumer,5,1439.14,113.53
ORD-2686,2024-12-22,Office Supplies,Storage,South,Consumer,5,208.52,56.48
ORD-3331,2024-12-22,Technology,Monitors,East,Home Office,1,394.34,42.95
ORD-6755,2024-12-22,Furniture,Bookcases,East,Consumer,6,2154.09,303.63
ORD-5202,2024-12-22,Technology,Monitors,South,Corporate,1,471.49,63.59
ORD-6823,2024-12-22,Office Supplies,Storage,South,Corporate,6,244.43,-46.6
ORD-3655,2024-12-22,Office Supplies,Binders,East,Home Office,7,262.64,73.43
ORD-2295,2024-12-22,Technology,Laptops,Central,Home Office,5,2181.19,392.67
ORD-6016,2024-12-22,Office Supplies,Paper,South,Home Office,6,222.97,45.19
ORD-1926,2024-12-22,Furniture,Bookcases,Central,Consumer,5,1285.31,98.25
ORD-6812,2024-12-22,Technology,Laptops,Central,Home Office,5,2284.94,312.63
ORD-1367,2024-12-22,Furniture,Chairs,Central,Corporate,6,1849.95,229.64
ORD-2733,2024-12-22,Furniture,Bookcases,Central,Home Office,2,703.47,72.01
ORD-3282,2024-12-23,Furniture,Chairs,East,Home Office,5,1780.73,230.14
ORD-4258,2024-12-23,Technology,Laptops,Central,Home Office,4,1980.17,303.39
ORD-1741,2024-12-23,Furniture,Desks,Central,Consumer,4,1325.84,185.87
ORD-1537,2024-12-23,Office Supplies,Storage,South,Home Office,1,43.87,6.68
ORD-2506,2024-12-23,Technology,Printers,Central,Corporate,6,2623.67,602.72
ORD-6796,2024-12-23,Technology,Printers,Central,Consumer,5,2676.17,544.8
ORD-6997,2024-12-24,Technology,Accessories,East,Corporate,7,3370.25,569.07
ORD-2319,2024-12-24,Technology,Accessories,Central,Corporate,5,2105.25,256.83
ORD-2853,2024-12-24,Furniture,Bookcases,South,Consumer,3,932.22,94.1
ORD-4683,2024-12-24,Office Supplies,Binders,South,Home Office,4,151.42,27.12
ORD-4489,2024-12-24,Office Supplies,Binders,Central,Home Office,4,165.51,34.58
ORD-6258,2024-12-24,Technology,Accessories,South,Corporate,5,2502.92,327.08
ORD-3691,2024-12-24,Furniture,Tables,West,Corporate,7,2454.09,201.24
ORD-6103,2024-12-24,Office Supplies,Paper,East,Home Office,7,331.67,70.76
ORD-4312,2024-12-25,Furniture,Tables,Central,Consumer,7,2319.79,279.03
ORD-1828,2024-12-25,Technology,Laptops,Central,Consumer,2,812.92,135.32
ORD-2409,2024-12-25,Furniture,Bookcases,West,Home Office,2,493.61,36.76
ORD-2072,2024-12-25,Office Supplies,Pens,West,Corporate,6,265.5,-38.69
ORD-6041,2024-12-25,Office Supplies,Paper,South,Consumer,6,270.7,77.09
ORD-5452,2024-12-25,Technology,Printers,West,Home Office,2,992.06,165.87
ORD-6664,2024-12-25,Technology,Printers,Central,Home Office,7,3441.29,632.17
ORD-2521,2024-12-25,Technology,Printers,East,Corporate,6,3149.2,720.3
ORD-2937,2024-12-25,Office Supplies,Pens,South,Consumer,3,112.63,24.68
ORD-4434,2024-12-25,Technology,Monitors,East,Home Office,6,2743.01,350.46
ORD-3926,2024-12-25,Furniture,Desks,Central,Corporate,1,244.9,24.85
ORD-6641,2024-12-26,Office Supplies,Binders,West,Home Office,4,145.74,29.55
ORD-4032,2024-12-26,Office Supplies,Paper,South,Home Office,5,237.86,31.97
ORD-6947,2024-12-26,Office Supplies,Binders,Central,Corporate,7,323.51,88.62
ORD-1936,2024-12-26,Technology,Accessories,Central,Home Office,2,1069.95,137.01
ORD-2220,2024-12-27,Office Supplies,Paper,West,Corporate,2,73.77,17.27
ORD-3187,2024-12-27,Furniture,Chairs,South,Consumer,6,1963.75,192.4
ORD-6672,2024-12-27,Furniture,Tables,West,Corporate,4,1079.23,82.67
ORD-1677,2024-12-27,Technology,Monitors,East,Corporate,5,2529.14,410.07
ORD-2252,2024-12-27,Technology,Monitors,South,Consumer,6,2928.62,394.12
ORD-5862,2024-12-27,Technology,Monitors,West,Home Office,4,1691.52,342.51
ORD-5384,2024-12-28,Technology,Monitors,East,Corporate,7,3098.74,704.59
ORD-5653,2024-12-28,Furniture,Chairs,Central,Consumer,6,1441.05,212.59
ORD-2439,2024-12-28,Office Supplies,Binders,East,Home Office,7,230.89,-29.1
ORD-3364,2024-12-28,Technology,Monitors,South,Consumer,2,730.27,98.29
ORD-2106,2024-12-28,Furniture,Desks,East,Home Office,2,522.26,69.05
ORD-4448,2024-12-29,Office Supplies,Binders,South,Consumer,5,235.13,62.95
ORD-3553,2024-12-29,Office Supplies,Pens,Central,Home Office,5,177.87,42.67
ORD-1312,2024-12-29,Technology,Accessories,Central,Consumer,3,1285.43,264.45
ORD-4702,2024-12-29,Technology,Monitors,East,Corporate,1,368.87,47.32
ORD-6771,2024-12-29,Technology,Monitors,West,Corporate,5,2179.3,290.99
ORD-2443,2024-12-29,Technology,Accessories,Central,Consumer,4,1453.8,298.52
ORD-3791,2024-12-29,Office Supplies,Binders,South,Consumer,5,197.07,51.98
ORD-4895,2024-12-30,Technology,Printers,East,Corporate,6,2836.83,660.68
ORD-2302,2024-12-30,Technology,Laptops,East,Home Office,2,776.07,169.91
ORD-4403,2024-12-30,Office Supplies,Pens,Central,Corporate,6,287.65,-70.05
ORD-1263,2024-12-30,Technology,Laptops,West,Corporate,4,2062.56,286.03
ORD-1547,2024-12-31,Technology,Accessories,West,Consumer,1,438.87,93.8
ORD-6862,2024-12-31,Technology,Printers,South,Corporate,7,3713.29,681.82
ORD-4855,2024-12-31,Office Supplies,Storage,East,Home Office,4,182.59,36.85
ORD-6890,2024-12-31,Furniture,Desks,West,Consumer,7,2198.53,207.6
ORD-2153,2024-12-31,Furniture,Chairs,Central,Consumer,2,680.59,72.74
ORD-4996,2024-12-31,Office Supplies,Binders,Central,Home Office,3,107.97,17.23
ORD-6205,2024-12-31,Office Supplies,Pens,South,Consumer,2,85.49,20.33
ORD-4696,2025-01-01,Office Supplies,Storage,South,Consumer,3,123.36,26.12
ORD-2623,2025-01-01,Office Supplies,Pens,Central,Consumer,6,200.16,26.69
ORD-1739,2025-01-01,Furniture,Bookcases,Central,Consumer,5,1354.24,150.41
ORD-1558,2025-01-01,Technology,Monitors,West,Corporate,1,495.21,100.52
ORD-1580,2025-01-01,Office Supplies,Paper,Central,Consumer,2,92.36,25.23
ORD-1351,2025-01-01,Technology,Laptops,East,Home Office,4,1563.73,294.56
ORD-3508,2025-01-01,Office Supplies,Storage,West,Home Office,2,85.97,18.2
ORD-6139,2025-01-01,Technology,Accessories,West,Corporate,6,2237.56,471.55
ORD-2080,2025-01-01,Technology,Accessories,East,Consumer,3,1496.46,204.63
ORD-4415,2025-01-01,Office Supplies,Pens,South,Corporate,7,313.18,-74.74
ORD-4754,2025-01-01,Furniture,Chairs,East,Home Office,1,319.55,36.49
ORD-3012,2025-01-01,Office Supplies,Paper,Central,Home Office,5,211.54,-41.23
ORD-1110,2025-01-01,Technology,Laptops,Central,Home Office,2,915.68,203.48
ORD-6998,2025-01-01,Technology,Printers,South,Corporate,1,478.59,81.74
ORD-1052,2025-01-02,Office Supplies,Paper,East,Home Office,2,64.85,17.95
ORD-4618,2025-01-02,Office Supplies,Binders,West,Consumer,4,169.57,45.92
ORD-3818,2025-01-02,Office Supplies,Storage,Central,Corporate,2,93.7,25.2
ORD-2188,2025-01-02,Office Supplies,Storage,East,Corporate,3,136.74,28.38
ORD-5448,2025-01-02,Office Supplies,Storage,South,Consumer,4,179.99,33.36
ORD-6236,2025-01-02,Office Supplies,Storage,West,Home Office,6,220.31,53.97
ORD-2128,2025-01-02,Office Supplies,Paper,South,Home Office,4,160.41,28.0
ORD-5292,2025-01-02,Technology,Monitors,South,Corporate,6,2340.67,505.62
ORD-4205,2025-01-02,Office Supplies,Storage,East,Home Office,5,223.97,33.87
ORD-5738,2025-01-02,Office Supplies,Paper,South,Home Office,2,76.38,19.22
ORD-3109,2025-01-02,Technology,Monitors,Central,Corporate,1,524.93,82.38
ORD-3961,2025-01-02,Furniture,Bookcases,Central,Home Office,3,1073.41,162.45
ORD-5554,2025-01-03,Technology,Monitors,South,Consumer,7,3659.09,583.38
ORD-5127,2025-01-03,Furniture,Chairs,Central,Home Office,3,834.6,66.69
ORD-5665,2025-01-03,Technology,Printers,East,Home Office,2,767.42,125.17
ORD-5522,2025-01-03,Technology,Printers,West,Home Office,3,1513.05,270.37
ORD-3457,2025-01-04,Office Supplies,Storage,East,Corporate,3,119.79,-28.77
ORD-6346,2025-01-04,Office Supplies,Pens,South,Consumer,1,34.78,5.53
ORD-6270,2025-01-04,Office Supplies,Storage,South,Corporate,1,34.71,5.36
ORD-3851,2025-01-04,Office Supplies,Paper,South,Home Office,4,169.24,28.56
ORD-4571,2025-01-04,Technology,Laptops,East,Home Office,6,2207.04,324.37
ORD-1246,2025-01-04,Technology,Laptops,West,Consumer,7,2851.52,437.36
ORD-6498,2025-01-04,Office Supplies,Binders,Central,Consumer,5,169.23,-13.84
ORD-3871,2025-01-04,Office Supplies,Binders,West,Corporate,6,280.69,41.63
ORD-6131,2025-01-04,Office Supplies,Binders,West,Home Office,4,146.99,39.71
ORD-2332,2025-01-04,Office Supplies,Storage,West,Corporate,4,128.82,25.3
ORD-3103,2025-01-04,Furniture,Tables,East,Corporate,4,1329.23,176.4
ORD-5689,2025-01-05,Office Supplies,Pens,West,Home Office,6,258.85,46.29
ORD-5867,2025-01-05,Office Supplies,Pens,Central,Consumer,4,134.3,33.07
ORD-4146,2025-01-05,Technology,Monitors,Central,Consumer,1,489.55,87.3
ORD-2031,2025-01-05,Office Supplies,Paper,South,Home Office,7,232.05,64.86
ORD-1704,2025-01-05,Technology,Accessories,Central,Corporate,2,746.41,142.98
ORD-4048,2025-01-05,Office Supplies,Binders,West,Consumer,3,140.51,-10.21
ORD-1501,2025-01-05,Technology,Laptops,West,Corporate,2,857.81,181.47
ORD-3548,2025-01-05,Office Supplies,Binders,Central,Home Office,4,138.79,21.83
ORD-6048,2025-01-05,Technology,Monitors,South,Consumer,2,945.74,208.0
ORD-5890,2025-01-06,Furniture,Tables,South,Home Office,5,1573.2,141.25
ORD-4800,2025-01-06,Furniture,Bookcases,South,Corporate,5,1367.57,99.15
ORD-3246,2025-01-06,Office Supplies,Binders,Central,Consumer,7,283.93,49.1
ORD-2666,2025-01-06,Furniture,Tables,East,Home Office,2,490.93,47.73
ORD-4569,2025-01-06,Technology,Printers,Central,Home Office,6,2316.59,304.04
ORD-4112,2025-01-06,Technology,Laptops,West,Consumer,4,1971.64,458.14
ORD-5846,2025-01-07,Furniture,Chairs,East,Corporate,3,1079.34,135.29
ORD-2745,2025-01-07,Technology,Monitors,Central,Consumer,4,1818.4,317.44
ORD-5422,2025-01-07,Office Supplies,Paper,South,Corporate,3,120.72,34.47
ORD-5093,2025-01-07,Office Supplies,Binders,South,Home Office,1,42.73,6.19
ORD-5984,2025-01-07,Office Supplies,Storage,East,Consumer,5,210.41,-27.19
ORD-6611,2025-01-07,Office Supplies,Binders,West,Home Office,7,238.54,32.46
ORD-1357,2025-01-08,Technology,Printers,South,Consumer,1,422.26,53.82
ORD-6582,2025-01-08,Technology,Monitors,Central,Corporate,2,1067.68,204.16
ORD-5821,2025-01-08,Office Supplies,Pens,Central,Home Office,5,180.6,29.67
ORD-6086,2025-01-08,Technology,Monitors,South,Home Office,7,3698.55,608.44
ORD-3790,2025-01-08,Technology,Accessories,Central,Corporate,2,1000.77,229.53
ORD-4133,2025-01-08,Office Supplies,Storage,West,Corporate,5,182.97,27.44
ORD-5942,2025-01-08,Technology,Accessories,South,Home Office,6,2229.01,346.97
ORD-5804,2025-01-08,Office Supplies,Binders,West,Corporate,7,331.15,91.86
ORD-5607,2025-01-08,Office Supplies,Binders,South,Corporate,7,273.76,62.95
ORD-6865,2025-01-08,Office Supplies,Storage,West,Home Office,4,186.81,46.32
ORD-5764,2025-01-08,Office Supplies,Paper,South,Home Office,7,239.92,50.04
ORD-3965,2025-01-08,Furniture,Tables,Central,Consumer,4,1319.84,142.76
ORD-3250,2025-01-08,Office Supplies,Pens,East,Corporate,1,38.94,7.67
ORD-3131,2025-01-08,Office Supplies,Pens,Central,Consumer,7,239.76,55.26
ORD-2520,2025-01-08,Technology,Laptops,West,Consumer,5,1832.17,360.49
ORD-4940,2025-01-09,Office Supplies,Paper,South,Corporate,7,292.36,46.72
ORD-3146,2025-01-09,Furniture,Bookcases,Central,Corporate,1,304.05,46.29
ORD-2561,2025-01-09,Office Supplies,Storage,West,Consumer,3,129.99,34.42
ORD-5694,2025-01-09,Technology,Printers,Central,Corporate,3,1166.67,192.01
ORD-6748,2025-01-09,Furniture,Desks,West,Corporate,7,1931.11,180.59
ORD-4717,2025-01-09,Furniture,Chairs,South,Consumer,5,1344.48,111.29
ORD-3055,2025-01-09,Furniture,Tables,Central,Home Office,4,1269.09,156.71
ORD-3626,2025-01-09,Technology,Laptops,South,Consumer,7,2717.45,478.66
ORD-1622,2025-01-10,Technology,Laptops,Central,Corporate,2,938.57,147.34
ORD-1872,2025-01-10,Office Supplies,Pens,South,Home Office,7,230.09,-18.11
ORD-1507,2025-01-10,Office Supplies,Pens,South,Consumer,6,201.06,51.7
ORD-5635,2025-01-10,Technology,Laptops,West,Home Office,4,2111.49,449.93
ORD-2029,2025-01-10,Technology,Printers,West,Home Office,4,1805.41,286.26
ORD-2364,2025-01-10,Technology,Printers,South,Home Office,2,1002.31,204.65
ORD-6585,2025-01-10,Furniture,Desks,East,Consumer,5,1356.38,208.53
ORD-5956,2025-01-10,Office Supplies,Storage,East,Consumer,4,166.72,42.07
ORD-6402,2025-01-10,Technology,Laptops,Central,Corporate,1,515.29,56.47
ORD-6322,2025-01-10,Furniture,Tables,Central,Home Office,6,1578.33,183.91
ORD-6929,2025-01-11,Office Supplies,Storage,East,Home Office,3,129.63,25.67
ORD-4768,2025-01-11,Technology,Laptops,West,Consumer,6,2172.48,380.33
ORD-3869,2025-01-11,Technology,Accessories,Central,Home Office,7,3405.14,660.61
ORD-4017,2025-01-11,Office Supplies,Paper,Central,Corporate,3,116.42,32.68
ORD-4759,2025-01-11,Office Supplies,Paper,South,Consumer,1,41.38,8.83
ORD-6337,2025-01-11,Technology,Accessories,South,Home Office,4,1440.65,275.74
ORD-5132,2025-01-11,Office Supplies,Pens,South,Consumer,3,102.14,19.96
ORD-1248,2025-01-11,Office Supplies,Pens,Central,Corporate,4,182.49,50.24
ORD-2886,2025-01-11,Office Supplies,Binders,Central,Consumer,2,91.92,24.74
ORD-5074,2025-01-12,Furniture,Desks,South,Home Office,1,247.24,23.51
ORD-6871,2025-01-12,Office Supplies,Paper,East,Consumer,1,35.86,-4.09
ORD-6570,2025-01-12,Furniture,Bookcases,East,Corporate,6,1853.47,257.1
ORD-5871,2025-01-12,Furniture,Desks,Central,Home Office,5,1733.95,257.85
ORD-6790,2025-01-12,Furniture,Desks,Central,Home Office,2,662.12,88.29
ORD-2103,2025-01-13,Furniture,Desks,South,Home Office,4,1088.88,138.24
ORD-2308,2025-01-13,Office Supplies,Pens,Central,Home Office,1,46.85,8.51
ORD-4467,2025-01-13,Furniture,Tables,West,Consumer,5,1241.21,104.5
ORD-5626,2025-01-13,Furniture,Desks,East,Home Office,4,1432.23,160.44
ORD-2015,2025-01-13,Furniture,Tables,Central,Consumer,3,1021.27,122.63
ORD-1039,2025-01-13,Office Supplies,Paper,South,Consumer,1,43.24,7.66
ORD-4053,2025-01-13,Office Supplies,Pens,East,Consumer,6,260.04,68.55
ORD-1295,2025-01-13,Technology,Laptops,Central,Corporate,3,1312.01,285.97
ORD-1901,2025-01-13,Technology,Monitors,Central,Consumer,1,504.66,106.51
ORD-4594,2025-01-13,Furniture,Tables,West,Consumer,7,2417.74,198.12
ORD-4857,2025-01-13,Technology,Printers,South,Corporate,6,2271.84,478.75
ORD-1081,2025-01-14,Office Supplies,Pens,West,Consumer,6,284.93,72.36
ORD-6735,2025-01-14,Technology,Monitors,South,Home Office,6,2350.54,418.22
ORD-4839,2025-01-14,Office Supplies,Storage,Central,Corporate,6,248.35,40.84
ORD-5932,2025-01-14,Furniture,Tables,Central,Consumer,2,510.71,53.37
ORD-6953,2025-01-14,Office Supplies,Paper,West,Home Office,5,190.67,46.28
ORD-6938,2025-01-14,Office Supplies,Paper,West,Home Office,4,135.74,28.21
ORD-2394,2025-01-15,Office Supplies,Pens,West,Consumer,1,47.62,8.32
ORD-4267,2025-01-15,Furniture,Tables,East,Consumer,5,1563.35,241.87
ORD-1419,2025-01-15,Office Supplies,Pens,South,Consumer,2,79.26,13.48
ORD-2840,2025-01-15,Office Supplies,Binders,East,Corporate,2,64.16,13.9
ORD-4095,2025-01-15,Office Supplies,Paper,South,Corporate,6,234.63,66.38
ORD-1984,2025-01-15,Furniture,Tables,Central,Corporate,1,325.56,33.46
ORD-1214,2025-01-15,Technology,Monitors,South,Home Office,6,2492.56,490.51
ORD-5543,2025-01-15,Office Supplies,Pens,West,Consumer,6,233.94,40.06
ORD-3201,2025-01-16,Technology,Printers,West,Consumer,7,2837.54,442.73
ORD-3095,2025-01-16,Furniture,Bookcases,South,Corporate,3,975.56,117.95
ORD-5383,2025-01-16,Office Supplies,Storage,South,Home Office,6,232.19,31.33
ORD-1565,2025-01-16,Office Supplies,Storage,West,Corporate,1,47.08,8.06
ORD-6438,2025-01-16,Technology,Laptops,East,Corporate,2,731.81,117.17
ORD-2368,2025-01-16,Technology,Printers,West,Home Office,6,2539.0,571.9
ORD-5566,2025-01-16,Furniture,Desks,West,Consumer,1,333.43,42.96
ORD-4219,2025-01-16,Office Supplies,Storage,Central,Corporate,5,184.56,49.18
ORD-6849,2025-01-16,Furniture,Desks,East,Corporate,1,290.59,33.38
ORD-5027,2025-01-17,Office Supplies,Pens,South,Consumer,4,130.59,20.03
ORD-5964,2025-01-17,Office Supplies,Paper,Central,Consumer,6,200.44,39.53
ORD-1948,2025-01-17,Office Supplies,Storage,East,Consumer,1,46.93,10.37
ORD-6037,2025-01-17,Office Supplies,Pens,East,Corporate,3,104.3,29.01
ORD-3088,2025-01-17,Furniture,Bookcases,East,Home Office,5,1383.48,202.44
ORD-3185,2025-01-17,Technology,Accessories,East,Corporate,7,2975.6,670.96
ORD-4078,2025-01-17,Technology,Laptops,East,Consumer,5,2681.7,329.67
ORD-3467,2025-01-17,Office Supplies,Storage,South,Home Office,4,150.64,33.57
ORD-3552,2025-01-17,Technology,Monitors,South,Home Office,7,3302.09,389.59
ORD-3115,2025-01-17,Technology,Laptops,West,Consumer,2,945.67,110.9
ORD-6147,2025-01-17,Office Supplies,Paper,Central,Consumer,2,92.38,19.22
ORD-6046,2025-01-17,Furniture,Bookcases,West,Corporate,3,808.47,110.13
ORD-4254,2025-01-17,Office Supplies,Binders,South,Home Office,5,218.73,38.0
ORD-3309,2025-01-18,Office Supplies,Pens,South,Consumer,7,263.79,48.51
ORD-2590,2025-01-18,Furniture,Chairs,South,Corporate,2,562.42,62.22
ORD-3417,2025-01-18,Office Supplies,Paper,South,Consumer,1,44.19,12.62
ORD-2311,2025-01-18,Office Supplies,Paper,South,Consumer,4,148.05,24.56
ORD-3211,2025-01-18,Technology,Laptops,Central,Corporate,6,3167.35,464.14
ORD-1459,2025-01-18,Technology,Monitors,East,Consumer,3,1137.19,145.0
ORD-3593,2025-01-18,Technology,Accessories,South,Consumer,3,1459.59,174.73
ORD-5290,2025-01-19,Technology,Printers,South,Corporate,5,2241.27,345.51
ORD-4538,2025-01-19,Furniture,Bookcases,West,Corporate,6,2147.09,233.49
ORD-3330,2025-01-19,Technology,Printers,South,Corporate,4,1718.99,331.29
ORD-3970,2025-01-19,Office Supplies,Storage,South,Corporate,7,232.98,33.65
ORD-6613,2025-01-19,Technology,Laptops,South,Consumer,6,3190.29,559.69
ORD-3555,2025-01-19,Technology,Laptops,East,Home Office,7,2956.77,438.12
ORD-6227,2025-01-20,Office Supplies,Storage,South,Consumer,3,120.6,30.26
ORD-3980,2025-01-20,Technology,Printers,East,Consumer,2,877.41,122.32
ORD-6268,2025-01-20,Technology,Monitors,Central,Consumer,4,1822.91,257.33
ORD-5744,2025-01-20,Office Supplies,Binders,East,Consumer,2,80.55,10.87
ORD-2416,2025-01-20,Furniture,Chairs,South,Home Office,2,619.92,65.55
ORD-5464,2025-01-20,Technology,Printers,Central,Corporate,6,2789.84,504.1
ORD-2096,2025-01-20,Office Supplies,Paper,East,Consumer,7,286.14,80.16
ORD-4644,2025-01-20,Furniture,Desks,West,Consumer,1,351.37,30.46
ORD-2579,2025-01-20,Furniture,Tables,Central,Home Office,6,1466.82,108.86
ORD-2403,2025-01-21,Technology,Laptops,East,Consumer,4,2142.73,315.27
ORD-1642,2025-01-21,Office Supplies,Storage,West,Consumer,2,69.51,15.15
ORD-6028,2025-01-21,Technology,Monitors,West,Consumer,5,2506.68,308.85
ORD-6916,2025-01-21,Technology,Monitors,Central,Home Office,6,2871.04,323.48
ORD-5794,2025-01-21,Technology,Laptops,East,Consumer,1,373.85,51.23
ORD-5376,2025-01-21,Technology,Accessories,South,Corporate,5,2420.38,428.31
ORD-2844,2025-01-21,Office Supplies,Storage,West,Home Office,4,134.08,20.45
ORD-2640,2025-01-22,Technology,Monitors,South,Corporate,3,1596.15,333.35
ORD-4118,2025-01-22,Furniture,Desks,South,Home Office,5,1533.28,145.2
ORD-2047,2025-01-22,Furniture,Bookcases,South,Home Office,2,551.56,45.57
ORD-1023,2025-01-22,Furniture,Desks,South,Home Office,4,998.81,102.93
ORD-3075,2025-01-22,Office Supplies,Pens,South,Consumer,3,108.63,16.14
ORD-2667,2025-01-22,Furniture,Chairs,Central,Corporate,5,1691.5,263.33
ORD-3363,2025-01-22,Technology,Printers,South,Home Office,2,974.71,181.64
ORD-6915,2025-01-22,Technology,Accessories,West,Home Office,3,1500.07,165.07
ORD-2672,2025-01-23,Technology,Laptops,South,Home Office,2,1029.86,234.9
ORD-6810,2025-01-23,Technology,Printers,West,Consumer,1,445.55,51.76
ORD-5054,2025-01-23,Office Supplies,Pens,West,Consumer,3,138.28,25.75
ORD-4885,2025-01-23,Office Supplies,Pens,Central,Corporate,2,92.08,15.75
ORD-6946,2025-01-23,Office Supplies,Storage,Central,Home Office,4,129.83,30.47
ORD-5981,2025-01-23,Technology,Accessories,South,Corporate,1,390.32,64.37
ORD-2681,2025-01-24,Technology,Laptops,Central,Home Office,2,1023.6,203.15
ORD-6010,2025-01-24,Office Supplies,Storage,South,Corporate,6,224.5,31.54
ORD-2759,2025-01-24,Technology,Monitors,West,Corporate,7,3153.19,448.28
ORD-1210,2025-01-24,Office Supplies,Storage,South,Home Office,7,286.51,39.33
ORD-4655,2025-01-24,Office Supplies,Paper,Central,Corporate,1,44.64,10.72
ORD-2656,2025-01-24,Technology,Monitors,Central,Home Office,7,2585.96,588.39
ORD-2770,2025-01-24,Office Supplies,Storage,East,Consumer,1,38.39,9.86
ORD-2104,2025-01-24,Office Supplies,Storage,West,Corporate,7,278.8,48.3
ORD-2475,2025-01-24,Technology,Monitors,West,Home Office,2,1036.01,211.74
ORD-2327,2025-01-25,Office Supplies,Paper,South,Home Office,4,169.95,-35.01
ORD-1126,2025-01-25,Technology,Printers,East,Consumer,6,2969.96,399.31
ORD-6000,2025-01-25,Technology,Monitors,South,Home Office,1,494.29,64.77
ORD-3816,2025-01-25,Technology,Monitors,East,Home Office,5,2633.46,549.49
ORD-5247,2025-01-25,Technology,Accessories,Central,Corporate,5,2207.46,273.4
ORD-6215,2025-01-25,Technology,Monitors,Central,Consumer,4,1791.41,275.29
ORD-4909,2025-01-25,Furniture,Tables,Central,Corporate,3,892.71,70.36
ORD-1875,2025-01-25,Office Supplies,Binders,East,Corporate,5,187.58,50.5
ORD-6146,2025-01-25,Technology,Accessories,South,Consumer,4,2047.33,230.7
ORD-3595,2025-01-25,Technology,Monitors,Central,Corporate,3,1407.29,153.72
ORD-6319,2025-01-26,Furniture,Tables,West,Consumer,4,1058.79,80.3
ORD-2112,2025-01-26,Technology,Printers,South,Home Office,1,521.11,101.32
ORD-5454,2025-01-26,Office Supplies,Storage,South,Home Office,2,74.25,17.52
ORD-5121,2025-01-26,Office Supplies,Binders,South,Consumer,5,203.31,43.35
ORD-4859,2025-01-26,Technology,Monitors,Central,Home Office,6,3014.24,635.2
ORD-3252,2025-01-26,Furniture,Bookcases,South,Consumer,5,1665.67,180.32
ORD-6724,2025-01-26,Technology,Monitors,West,Consumer,3,1548.15,350.53
ORD-4001,2025-01-26,Technology,Accessories,South,Home Office,5,2217.15,385.26
ORD-5066,2025-01-26,Office Supplies,Pens,East,Home Office,4,130.36,32.75
ORD-6020,2025-01-27,Furniture,Chairs,West,Home Office,3,1010.02,95.91
ORD-2868,2025-01-27,Furniture,Bookcases,East,Home Office,2,609.73,53.62
ORD-4932,2025-01-27,Office Supplies,Storage,West,Home Office,1,34.67,5.6
ORD-3172,2025-01-27,Office Supplies,Binders,West,Consumer,7,310.17,42.86
ORD-4130,2025-01-27,Technology,Accessories,South,Consumer,2,892.04,187.91
ORD-1861,2025-01-27,Office Supplies,Storage,South,Home Office,7,253.8,-35.81
ORD-1717,2025-01-27,Technology,Monitors,Central,Consumer,7,2802.14,430.89
ORD-3659,2025-01-27,Office Supplies,Pens,East,Consumer,4,171.56,44.06
ORD-3042,2025-01-27,Office Supplies,Pens,West,Consumer,3,115.18,28.67
ORD-3592,2025-01-27,Office Supplies,Binders,South,Corporate,5,170.92,43.57
ORD-5699,2025-01-27,Office Supplies,Binders,South,Corporate,4,167.68,38.38
ORD-6840,2025-01-27,Furniture,Tables,East,Consumer,6,1624.91,233.96
ORD-5814,2025-01-27,Technology,Accessories,South,Consumer,4,1722.07,308.19
ORD-6835,2025-01-27,Office Supplies,Paper,West,Consumer,1,34.97,6.19
ORD-2260,2025-01-27,Furniture,Desks,West,Home Office,3,900.08,76.95
ORD-1155,2025-01-28,Office Supplies,Paper,West,Consumer,5,209.27,28.41
ORD-1279,2025-01-28,Office Supplies,Binders,East,Consumer,7,234.29,48.55
ORD-6238,2025-01-28,Technology,Monitors,Central,Consumer,5,2610.39,490.78
ORD-4919,2025-01-28,Furniture,Bookcases,West,Home Office,4,1385.85,172.44
ORD-2604,2025-01-28,Furniture,Desks,West,Corporate,2,491.51,71.81
ORD-6398,2025-01-28,Office Supplies,Pens,East,Home Office,6,233.75,63.51
ORD-3266,2025-01-28,Technology,Printers,South,Corporate,4,1540.83,296.63
ORD-5366,2025-01-28,Office Supplies,Pens,East,Consumer,3,121.54,28.28
ORD-1995,2025-01-29,Office Supplies,Storage,West,Corporate,3,112.59,22.46
ORD-1446,2025-01-29,Furniture,Chairs,Central,Corporate,5,1776.91,234.57
ORD-6375,2025-01-29,Technology,Accessories,Central,Home Office,2,729.51,116.23
ORD-6877,2025-01-30,Technology,Monitors,West,Corporate,5,2256.79,270.36
ORD-1629,2025-01-30,Technology,Printers,South,Home Office,3,1396.22,246.55
ORD-6425,2025-01-30,Furniture,Bookcases,West,Corporate,6,1467.66,192.81
ORD-4626,2025-01-30,Furniture,Tables,Central,Consumer,3,893.83,129.47
ORD-6084,2025-01-31,Office Supplies,Storage,Central,Consumer,5,200.35,42.65
ORD-3497,2025-01-31,Office Supplies,Binders,East,Consumer,2,91.16,15.84
ORD-6859,2025-01-31,Office Supplies,Binders,East,Corporate,7,264.23,59.98
ORD-2005,2025-01-31,Technology,Printers,West,Corporate,4,1927.47,403.24
ORD-2299,2025-01-31,Office Supplies,Pens,Central,Home Office,3,117.94,26.54
ORD-1355,2025-01-31,Office Supplies,Binders,South,Corporate,3,117.61,29.28
ORD-4970,2025-01-31,Furniture,Bookcases,Central,Consumer,6,1545.89,125.1
ORD-6675,2025-01-31,Office Supplies,Paper,East,Home Office,5,221.24,62.84
ORD-5787,2025-01-31,Technology,Printers,East,Consumer,2,900.43,186.11
ORD-5876,2025-02-01,Furniture,Chairs,East,Consumer,1,255.5,30.8
ORD-2430,2025-02-01,Furniture,Bookcases,West,Home Office,1,314.85,27.67
ORD-4713,2025-02-01,Office Supplies,Paper,Central,Consumer,7,284.06,48.2
ORD-3359,2025-02-01,Technology,Monitors,Central,Home Office,2,941.89,183.02
ORD-4553,2025-02-01,Office Supplies,Pens,West,Home Office,4,162.71,26.28
ORD-3786,2025-02-02,Furniture,Desks,West,Home Office,4,1354.52,140.23
ORD-5897,2025-02-02,Technology,Monitors,Central,Corporate,5,2542.4,388.32
ORD-1492,2025-02-02,Office Supplies,Binders,West,Consumer,5,239.14,66.28
ORD-3916,2025-02-02,Office Supplies,Storage,West,Consumer,2,80.25,16.15
ORD-6884,2025-02-02,Technology,Laptops,Central,Consumer,6,2340.24,383.98
ORD-1903,2025-02-02,Technology,Accessories,East,Consumer,2,1028.22,123.9
ORD-3642,2025-02-02,Furniture,Desks,Central,Corporate,2,656.14,98.02
ORD-4468,2025-02-02,Technology,Accessories,Central,Home Office,3,1443.92,227.12
ORD-2802,2025-02-02,Furniture,Tables,East,Consumer,2,539.06,69.57
ORD-2696,2025-02-02,Technology,Monitors,Central,Home Office,4,1925.42,257.55
ORD-2731,2025-02-02,Furniture,Chairs,Central,Consumer,2,544.98,84.99
ORD-1363,2025-02-02,Technology,Printers,Central,Corporate,4,1462.28,336.78
ORD-3173,2025-02-03,Technology,Accessories,West,Corporate,7,2546.56,550.54
ORD-5602,2025-02-03,Office Supplies,Storage,South,Consumer,7,244.82,65.13
ORD-1771,2025-02-03,Technology,Monitors,East,Home Office,5,1998.29,345.56
ORD-4455,2025-02-03,Office Supplies,Pens,West,Consumer,3,114.39,16.37
ORD-2097,2025-02-03,Technology,Laptops,South,Corporate,2,1042.49,198.39
ORD-2966,2025-02-03,Furniture,Chairs,South,Corporate,5,1747.08,151.45
ORD-1089,2025-02-04,Furniture,Tables,West,Corporate,2,510.9,50.95
ORD-3583,2025-02-04,Office Supplies,Pens,West,Corporate,6,278.23,65.32
ORD-1698,2025-02-04,Technology,Accessories,East,Consumer,3,1406.33,233.55
ORD-4210,2025-02-04,Technology,Monitors,West,Home Office,7,2796.3,581.17
ORD-2821,2025-02-04,Technology,Monitors,Central,Consumer,2,1025.67,190.44
ORD-5810,2025-02-04,Office Supplies,Paper,West,Consumer,6,276.7,72.29
ORD-4949,2025-02-04,Technology,Printers,Central,Corporate,5,1938.6,407.42
ORD-3528,2025-02-04,Office Supplies,Storage,Central,Consumer,2,67.04,11.75
ORD-2172,2025-02-04,Technology,Accessories,West,Home Office,3,1472.65,159.18
ORD-1302,2025-02-04,Technology,Accessories,Central,Consumer,2,1018.03,210.99
ORD-2632,2025-02-05,Technology,Accessories,Central,Home Office,2,963.02,222.81
ORD-6458,2025-02-05,Furniture,Bookcases,Central,Consumer,3,806.03,95.65
ORD-2349,2025-02-05,Office Supplies,Pens,East,Corporate,6,217.47,51.94
ORD-1749,2025-02-05,Technology,Printers,West,Home Office,7,3441.38,705.44
ORD-5650,2025-02-05,Office Supplies,Paper,Central,Corporate,7,244.44,52.41
ORD-3119,2025-02-05,Office Supplies,Binders,South,Home Office,1,39.13,8.35
ORD-4073,2025-02-06,Furniture,Chairs,East,Corporate,2,481.78,71.65
ORD-1076,2025-02-06,Technology,Accessories,East,Corporate,1,446.47,103.65
ORD-5636,2025-02-06,Technology,Accessories,East,Consumer,3,1439.82,189.29
ORD-6513,2025-02-06,Technology,Laptops,Central,Consumer,6,2494.82,524.79
ORD-4259,2025-02-06,Technology,Monitors,East,Consumer,4,1927.17,259.85
ORD-6336,2025-02-06,Office Supplies,Binders,South,Home Office,3,143.61,40.71
ORD-1397,2025-02-07,Furniture,Desks,South,Consumer,1,344.37,45.93
ORD-6994,2025-02-07,Furniture,Tables,West,Consumer,5,1509.33,234.78
ORD-2946,2025-02-07,Office Supplies,Binders,South,Corporate,1,45.59,8.74
ORD-4575,2025-02-07,Office Supplies,Paper,West,Corporate,7,318.69,73.99
ORD-3333,2025-02-07,Furniture,Bookcases,East,Home Office,7,1934.97,240.24
ORD-6281,2025-02-07,Technology,Accessories,East,Corporate,5,2214.38,516.04
ORD-4168,2025-02-07,Office Supplies,Pens,South,Consumer,2,95.21,12.75
ORD-3209,2025-02-07,Office Supplies,Pens,West,Corporate,2,92.02,23.37
ORD-4393,2025-02-07,Office Supplies,Storage,West,Corporate,4,146.54,32.96
ORD-1641,2025-02-07,Furniture,Chairs,East,Home Office,5,1352.56,130.95
ORD-5122,2025-02-07,Technology,Accessories,West,Corporate,5,2492.52,297.66
ORD-1517,2025-02-08,Office Supplies,Pens,South,Consumer,7,246.87,-40.97
ORD-3570,2025-02-08,Office Supplies,Paper,Central,Consumer,5,178.93,33.92
ORD-3567,2025-02-08,Furniture,Chairs,West,Consumer,1,242.69,37.66
ORD-2255,2025-02-08,Technology,Printers,West,Consumer,1,495.54,104.17
ORD-4812,2025-02-08,Technology,Monitors,Central,Consumer,5,2146.49,448.87
ORD-6625,2025-02-08,Technology,Monitors,Central,Corporate,2,863.84,178.44
ORD-1062,2025-02-08,Technology,Laptops,Central,Consumer,7,2634.92,448.72
ORD-3488,2025-02-08,Office Supplies,Storage,South,Corporate,6,202.41,50.1
ORD-1071,2025-02-08,Office Supplies,Binders,Central,Consumer,1,43.13,9.86
ORD-1079,2025-02-09,Office Supplies,Paper,West,Corporate,3,107.87,16.38
ORD-3321,2025-02-09,Technology,Accessories,Central,Home Office,7,2574.84,408.0
ORD-2990,2025-02-09,Office Supplies,Binders,Central,Home Office,3,126.15,19.53
ORD-6574,2025-02-09,Office Supplies,Paper,West,Home Office,4,162.92,-34.21
ORD-6949,2025-02-09,Technology,Monitors,Central,Consumer,1,500.72,109.95
ORD-6567,2025-02-10,Technology,Laptops,West,Home Office,1,391.1,52.39
ORD-5082,2025-02-10,Office Supplies,Storage,South,Consumer,1,44.82,6.46
ORD-5766,2025-02-10,Office Supplies,Binders,West,Consumer,1,38.63,9.16
ORD-4928,2025-02-10,Furniture,Chairs,Central,Consumer,4,1073.39,82.49
ORD-5834,2025-02-10,Furniture,Bookcases,South,Consumer,5,1274.59,162.44
ORD-1038,2025-02-10,Office Supplies,Binders,Central,Corporate,2,83.68,12.85
ORD-1619,2025-02-10,Technology,Accessories,Central,Consumer,1,442.92,75.68
ORD-4121,2025-02-10,Office Supplies,Pens,West,Consumer,1,45.06,-7.14
ORD-6571,2025-02-10,Technology,Monitors,Central,Corporate,4,2145.33,339.61
ORD-6303,2025-02-10,Office Supplies,Pens,Central,Home Office,5,172.93,-31.41
ORD-5937,2025-02-10,Office Supplies,Binders,East,Corporate,6,219.4,34.23
ORD-3568,2025-02-10,Technology,Accessories,East,Corporate,1,364.33,81.78
ORD-2729,2025-02-11,Furniture,Bookcases,South,Home Office,2,562.42,59.43
ORD-5141,2025-02-11,Office Supplies,Paper,East,Corporate,1,44.32,-8.56
ORD-6182,2025-02-11,Technology,Monitors,South,Home Office,5,2468.85,299.09
ORD-3069,2025-02-11,Technology,Laptops,West,Corporate,5,2182.17,272.94
ORD-6060,2025-02-12,Office Supplies,Pens,East,Corporate,2,90.02,17.31
ORD-1319,2025-02-12,Furniture,Chairs,South,Corporate,2,499.06,66.6
ORD-3419,2025-02-12,Office Supplies,Binders,West,Home Office,7,292.46,48.38
ORD-2669,2025-02-12,Furniture,Tables,East,Consumer,7,2347.42,176.9
ORD-2918,2025-02-12,Technology,Accessories,South,Consumer,1,451.33,90.51
ORD-4272,2025-02-12,Office Supplies,Paper,West,Corporate,7,225.86,56.94
ORD-3065,2025-02-12,Technology,Laptops,Central,Corporate,3,1161.72,240.42
ORD-4641,2025-02-12,Office Supplies,Binders,West,Home Office,2,70.4,11.11
ORD-2482,2025-02-13,Technology,Monitors,East,Consumer,1,453.89,102.39
ORD-5638,2025-02-13,Office Supplies,Storage,Central,Consumer,7,235.91,43.33
ORD-2847,2025-02-13,Furniture,Tables,East,Consumer,5,1345.25,146.21
ORD-4499,2025-02-13,Furniture,Tables,Central,Home Office,1,256.92,31.7
ORD-3746,2025-02-13,Technology,Monitors,Central,Consumer,4,1488.4,286.65
ORD-2088,2025-02-13,Technology,Printers,South,Corporate,1,519.77,80.23
ORD-2132,2025-02-13,Office Supplies,Binders,East,Home Office,2,82.73,19.08
ORD-2006,2025-02-14,Office Supplies,Pens,East,Consumer,2,76.24,10.36
ORD-3559,2025-02-14,Furniture,Desks,South,Consumer,6,1444.25,108.24
ORD-2347,2025-02-14,Technology,Monitors,Central,Corporate,4,1578.26,297.39
ORD-1987,2025-02-14,Technology,Monitors,South,Consumer,5,2677.29,567.66
ORD-4247,2025-02-14,Technology,Monitors,Central,Corporate,5,2512.49,329.99
ORD-5611,2025-02-15,Furniture,Desks,Central,Home Office,2,567.21,48.79
ORD-4705,2025-02-15,Technology,Laptops,South,Consumer,3,1132.42,139.5
ORD-6435,2025-02-15,Office Supplies,Binders,West,Corporate,7,307.58,84.93
ORD-5479,2025-02-15,Furniture,Desks,East,Consumer,7,1869.64,212.68
ORD-4396,2025-02-15,Office Supplies,Binders,Central,Corporate,3,107.1,22.33
ORD-6031,2025-02-15,Office Supplies,Pens,West,Corporate,6,265.6,71.23
ORD-2380,2025-02-15,Technology,Laptops,East,Home Office,1,380.51,73.51
ORD-3677,2025-02-15,Office Supplies,Storage,South,Home Office,3,107.64,29.1
ORD-1095,2025-02-15,Office Supplies,Binders,West,Corporate,4,142.93,29.3
ORD-1947,2025-02-16,Furniture,Tables,South,Corporate,7,2359.39,241.57
ORD-1757,2025-02-16,Office Supplies,Paper,West,Corporate,5,209.38,51.1
ORD-3597,2025-02-16,Office Supplies,Pens,East,Corporate,3,132.06,25.34
ORD-4213,2025-02-16,Technology,Laptops,East,Corporate,2,794.46,183.05
ORD-5019,2025-02-16,Office Supplies,Storage,Central,Home Office,5,164.57,24.87
ORD-4968,2025-02-16,Technology,Laptops,East,Corporate,2,729.08,84.75
ORD-1589,2025-02-16,Furniture,Desks,West,Corporate,1,322.85,32.48
ORD-6469,2025-02-16,Office Supplies,Binders,Central,Home Office,2,85.16,16.44
ORD-5808,2025-02-16,Technology,Laptops,East,Corporate,4,1681.15,229.94
ORD-2979,2025-02-16,Office Supplies,Pens,East,Corporate,2,82.37,-8.45
ORD-6673,2025-02-16,Technology,Monitors,West,Consumer,6,3203.61,421.42
ORD-2271,2025-02-16,Office Supplies,Binders,East,Corporate,7,324.4,79.32
ORD-1393,2025-02-16,Office Supplies,Paper,South,Home Office,2,68.45,18.26
ORD-2333,2025-02-16,Office Supplies,Pens,West,Home Office,7,239.01,31.71
ORD-2949,2025-02-16,Office Supplies,Pens,Central,Corporate,3,127.58,27.8
ORD-3589,2025-02-17,Office Supplies,Paper,East,Home Office,6,242.29,49.45
ORD-3192,2025-02-17,Office Supplies,Storage,South,Consumer,2,88.35,15.16
ORD-1144,2025-02-17,Furniture,Bookcases,South,Corporate,6,1967.45,177.18
ORD-2631,2025-02-17,Furniture,Bookcases,South,Corporate,1,335.89,38.93
ORD-4307,2025-02-17,Technology,Laptops,South,Home Office,1,448.58,65.52
ORD-4821,2025-02-17,Office Supplies,Storage,Central,Home Office,6,277.96,-65.82
ORD-5806,2025-02-18,Furniture,Bookcases,East,Consumer,6,1568.42,173.65
ORD-3735,2025-02-18,Furniture,Desks,South,Consumer,7,2234.56,222.82
ORD-5189,2025-02-18,Technology,Laptops,South,Home Office,1,388.01,51.36
ORD-3407,2025-02-18,Technology,Printers,West,Consumer,6,2723.53,472.79
ORD-3920,2025-02-18,Technology,Printers,West,Consumer,3,1368.72,220.69
ORD-6566,2025-02-18,Furniture,Tables,East,Corporate,2,491.72,40.58
ORD-2157,2025-02-19,Office Supplies,Pens,Central,Home Office,4,165.27,33.57
ORD-5170,2025-02-19,Office Supplies,Pens,East,Corporate,7,247.21,64.26
ORD-4724,2025-02-19,Office Supplies,Paper,East,Home Office,7,261.03,53.18
ORD-2849,2025-02-19,Technology,Laptops,East,Home Office,4,1469.44,173.15
ORD-6226,2025-02-19,Furniture,Tables,West,Corporate,7,2443.36,268.45
ORD-2872,2025-02-20,Furniture,Tables,East,Home Office,2,686.11,86.97
ORD-1671,2025-02-20,Technology,Printers,Central,Home Office,2,890.29,101.01
ORD-3546,2025-02-20,Technology,Accessories,Central,Home Office,2,895.76,147.6
ORD-6770,2025-02-20,Technology,Accessories,South,Home Office,7,3030.64,584.6
ORD-2766,2025-02-21,Furniture,Bookcases,East,Consumer,3,988.25,81.7
ORD-4786,2025-02-21,Office Supplies,Pens,East,Home Office,7,245.6,48.1
ORD-1836,2025-02-21,Office Supplies,Binders,East,Corporate,3,116.96,29.65
ORD-3031,2025-02-21,Technology,Monitors,South,Home Office,3,1413.02,169.29
ORD-6191,2025-02-21,Office Supplies,Binders,South,Corporate,4,189.48,38.33
ORD-3976,2025-02-21,Technology,Printers,East,Corporate,4,1841.22,349.09
ORD-6941,2025-02-21,Technology,Monitors,South,Corporate,2,734.76,140.25
ORD-3740,2025-02-21,Office Supplies,Storage,East,Consumer,4,146.09,20.5
ORD-5552,2025-02-22,Furniture,Desks,Central,Consumer,4,1359.54,100.28
ORD-6654,2025-02-22,Office Supplies,Storage,South,Corporate,1,39.79,10.72
ORD-5621,2025-02-22,Technology,Monitors,Central,Corporate,1,507.7,70.48
ORD-6485,2025-02-22,Furniture,Tables,East,Corporate,5,1520.16,159.39
ORD-2751,2025-02-22,Furniture,Desks,South,Consumer,4,1176.01,142.34
ORD-1251,2025-02-22,Office Supplies,Binders,East,Consumer,6,222.12,34.08
ORD-1584,2025-02-22,Technology,Printers,Central,Home Office,2,722.3,167.05
ORD-3219,2025-02-22,Technology,Printers,West,Consumer,7,2757.07,333.49
ORD-5332,2025-02-22,Office Supplies,Binders,East,Corporate,7,268.38,72.64
ORD-3723,2025-02-22,Technology,Laptops,South,Home Office,1,455.92,51.28
ORD-3741,2025-02-22,Office Supplies,Paper,Central,Consumer,6,197.01,47.3
ORD-3542,2025-02-22,Office Supplies,Storage,East,Corporate,7,286.74,48.01
ORD-5679,2025-02-23,Office Supplies,Binders,West,Corporate,2,82.09,13.64
ORD-2904,2025-02-23,Office Supplies,Storage,West,Home Office,5,182.28,28.69
ORD-4509,2025-02-23,Office Supplies,Storage,East,Home Office,3,103.68,17.41
ORD-3443,2025-02-23,Technology,Accessories,West,Consumer,1,531.55,73.64
ORD-3672,2025-02-23,Furniture,Bookcases,East,Consumer,3,980.95,121.06
ORD-5294,2025-02-23,Furniture,Desks,Central,Consumer,4,990.22,120.76
ORD-4943,2025-02-24,Office Supplies,Paper,West,Home Office,1,42.83,6.04
ORD-6003,2025-02-24,Furniture,Tables,South,Consumer,5,1222.4,110.18
ORD-1053,2025-02-24,Furniture,Tables,East,Consumer,5,1527.37,230.76
ORD-5644,2025-02-24,Technology,Laptops,Central,Corporate,5,2064.26,223.18
ORD-6125,2025-02-24,Furniture,Bookcases,West,Consumer,2,581.25,73.59
ORD-1485,2025-02-24,Technology,Printers,East,Consumer,5,1905.48,286.75
ORD-3385,2025-02-24,Office Supplies,Pens,South,Consumer,7,257.42,-14.55
ORD-5196,2025-02-24,Office Supplies,Pens,West,Home Office,4,164.43,40.59
ORD-4815,2025-02-24,Office Supplies,Binders,East,Consumer,3,138.3,27.08
ORD-4834,2025-02-25,Technology,Printers,South,Home Office,4,1926.23,220.82
ORD-2454,2025-02-25,Furniture,Bookcases,East,Home Office,2,581.82,62.66
ORD-1559,2025-02-25,Office Supplies,Paper,Central,Corporate,3,98.67,-9.13
ORD-3873,2025-02-25,Technology,Accessories,South,Home Office,7,2935.11,467.75
ORD-1801,2025-02-26,Technology,Printers,East,Home Office,5,2259.41,317.69
ORD-1206,2025-02-26,Office Supplies,Pens,West,Consumer,3,110.98,29.31
ORD-3711,2025-02-26,Technology,Monitors,Central,Corporate,6,3049.33,615.85
ORD-3838,2025-02-26,Technology,Monitors,East,Corporate,7,3274.87,363.32
ORD-2508,2025-02-26,Technology,Accessories,East,Consumer,1,535.6,99.43
ORD-5870,2025-02-26,Office Supplies,Storage,West,Home Office,6,281.18,47.51
ORD-2600,2025-02-26,Office Supplies,Pens,East,Consumer,2,75.65,15.16
ORD-4729,2025-02-26,Technology,Printers,East,Corporate,7,3034.45,462.92
ORD-4015,2025-02-27,Technology,Monitors,West,Corporate,4,1585.31,321.43
ORD-2501,2025-02-27,Office Supplies,Binders,Central,Consumer,3,125.19,25.76
ORD-2539,2025-02-27,Office Supplies,Binders,South,Consumer,1,36.39,6.0
ORD-5026,2025-02-27,Furniture,Chairs,Central,Consumer,7,2035.27,248.89
ORD-5311,2025-02-27,Technology,Printers,East,Home Office,5,2097.38,402.98
ORD-4173,2025-02-27,Technology,Monitors,South,Home Office,3,1498.56,304.53
ORD-6617,2025-02-27,Technology,Accessories,West,Consumer,7,3299.81,576.24
ORD-6578,2025-02-27,Office Supplies,Pens,South,Consumer,3,104.42,14.04
ORD-4378,2025-02-27,Office Supplies,Pens,Central,Corporate,5,161.76,45.41
ORD-5887,2025-02-27,Office Supplies,Paper,South,Home Office,6,244.94,42.09
ORD-4788,2025-02-27,Technology,Laptops,East,Home Office,1,445.6,66.99
ORD-3913,2025-02-28,Office Supplies,Storage,West,Home Office,1,32.24,8.29
ORD-4308,2025-02-28,Office Supplies,Binders,South,Home Office,7,254.94,66.57
ORD-6960,2025-02-28,Office Supplies,Binders,West,Home Office,7,311.47,55.78
ORD-2882,2025-02-28,Technology,Accessories,South,Corporate,2,753.83,140.4
ORD-1455,2025-02-28,Technology,Laptops,South,Home Office,3,1406.96,243.57
ORD-4583,2025-02-28,Office Supplies,Binders,East,Home Office,4,142.42,26.45
ORD-6898,2025-02-28,Office Supplies,Pens,East,Consumer,1,35.77,10.23
ORD-2921,2025-03-01,Furniture,Desks,East,Consumer,6,1618.95,128.98
ORD-4208,2025-03-01,Furniture,Chairs,Central,Home Office,5,1741.88,200.33
ORD-3911,2025-03-01,Office Supplies,Storage,East,Home Office,5,167.3,-21.69
ORD-6249,2025-03-01,Furniture,Chairs,East,Consumer,1,285.92,44.04
ORD-6421,2025-03-01,Technology,Laptops,South,Corporate,7,3232.12,349.83
ORD-5912,2025-03-01,Technology,Printers,East,Home Office,1,443.83,81.17
ORD-3415,2025-03-02,Furniture,Desks,Central,Consumer,5,1221.28,176.48
ORD-6945,2025-03-02,Furniture,Chairs,West,Consumer,3,916.0,110.57
ORD-6591,2025-03-02,Furniture,Bookcases,Central,Consumer,6,1986.83,195.57
ORD-2832,2025-03-02,Furniture,Bookcases,Central,Corporate,4,1345.49,166.05
ORD-6012,2025-03-02,Office Supplies,Pens,West,Consumer,4,130.58,27.56
ORD-4653,2025-03-02,Technology,Monitors,South,Consumer,2,939.02,204.35
ORD-4036,2025-03-02,Technology,Accessories,Central,Home Office,2,877.1,140.65
ORD-4190,2025-03-02,Technology,Laptops,Central,Home Office,1,489.92,63.56
ORD-5673,2025-03-02,Office Supplies,Binders,South,Home Office,3,114.34,21.7
ORD-4706,2025-03-02,Office Supplies,Pens,West,Consumer,6,234.64,49.04
ORD-1072,2025-03-02,Office Supplies,Paper,Central,Corporate,6,235.74,41.19
ORD-2335,2025-03-03,Furniture,Chairs,East,Corporate,7,2360.76,306.75
ORD-6183,2025-03-03,Office Supplies,Storage,South,Home Office,2,72.74,19.62
ORD-1117,2025-03-03,Furniture,Chairs,East,Home Office,4,1244.62,100.3
ORD-4903,2025-03-03,Technology,Laptops,West,Consumer,4,1705.91,272.64
ORD-4466,2025-03-03,Office Supplies,Pens,Central,Corporate,3,123.22,18.59
ORD-1787,2025-03-03,Technology,Laptops,South,Home Office,6,2201.47,339.91
ORD-4327,2025-03-03,Office Supplies,Binders,East,Consumer,5,161.92,25.39
ORD-6305,2025-03-03,Technology,Laptops,West,Home Office,4,2158.67,438.51
ORD-3719,2025-03-03,Office Supplies,Binders,East,Home Office,3,132.82,31.82
ORD-2000,2025-03-03,Furniture,Bookcases,West,Corporate,2,655.06,77.96
ORD-6846,2025-03-03,Office Supplies,Pens,Central,Consumer,4,136.32,25.0
ORD-5721,2025-03-03,Office Supplies,Paper,West,Home Office,5,188.8,33.8
ORD-6277,2025-03-04,Technology,Laptops,South,Home Office,4,2144.05,234.8
ORD-4386,2025-03-04,Technology,Printers,East,Corporate,5,2518.34,293.72
ORD-4719,2025-03-04,Technology,Printers,South,Corporate,7,3430.87,676.47
ORD-4126,2025-03-04,Technology,Monitors,Central,Home Office,6,2384.68,421.48
ORD-5293,2025-03-04,Office Supplies,Binders,East,Consumer,2,81.62,12.64
ORD-3161,2025-03-04,Office Supplies,Storage,Central,Consumer,4,172.57,43.84
ORD-2829,2025-03-04,Furniture,Desks,East,Consumer,1,294.38,25.06
ORD-5167,2025-03-05,Office Supplies,Storage,East,Corporate,6,229.19,57.72
ORD-6528,2025-03-05,Office Supplies,Pens,West,Home Office,7,306.09,-21.25
ORD-3843,2025-03-05,Furniture,Bookcases,South,Corporate,3,994.07,140.16
ORD-3237,2025-03-05,Office Supplies,Pens,South,Corporate,5,169.86,41.57
ORD-4906,2025-03-05,Technology,Printers,West,Home Office,2,1067.02,244.22
ORD-5278,2025-03-05,Furniture,Tables,Central,Consumer,4,1168.52,142.38
ORD-3190,2025-03-05,Technology,Accessories,East,Corporate,1,525.52,100.04
ORD-1288,2025-03-05,Furniture,Desks,Central,Consumer,2,614.76,73.22
ORD-3393,2025-03-05,Technology,Accessories,West,Corporate,7,3642.42,412.23
ORD-2245,2025-03-05,Furniture,Tables,West,Home Office,7,1798.53,221.47
ORD-1202,2025-03-05,Technology,Monitors,South,Corporate,7,3654.88,588.94
ORD-2805,2025-03-06,Technology,Laptops,East,Home Office,4,2121.69,255.99
ORD-5308,2025-03-06,Furniture,Bookcases,Central,Corporate,7,2339.97,211.65
ORD-1082,2025-03-06,Furniture,Bookcases,Central,Consumer,5,1583.62,221.11
ORD-6692,2025-03-06,Office Supplies,Binders,South,Home Office,7,267.28,-31.4
ORD-6035,2025-03-06,Technology,Accessories,West,Home Office,5,2057.25,258.56
ORD-6878,2025-03-06,Technology,Monitors,East,Consumer,2,1079.45,151.6
ORD-3958,2025-03-06,Technology,Monitors,West,Corporate,6,2497.39,335.15
ORD-5798,2025-03-06,Technology,Printers,East,Home Office,2,910.41,203.28
ORD-6092,2025-03-06,Furniture,Tables,West,Home Office,6,1509.3,195.31
ORD-5468,2025-03-06,Technology,Monitors,Central,Consumer,6,2455.68,418.18
ORD-4580,2025-03-07,Office Supplies,Storage,East,Home Office,5,165.42,-33.68
ORD-6470,2025-03-07,Technology,Laptops,Central,Consumer,1,408.78,76.15
ORD-6734,2025-03-07,Office Supplies,Paper,South,Home Office,5,220.2,57.51
ORD-6593,2025-03-07,Office Supplies,Binders,Central,Home Office,2,87.61,-13.82
ORD-2135,2025-03-07,Office Supplies,Binders,East,Corporate,1,44.47,11.55
ORD-4201,2025-03-07,Office Supplies,Paper,East,Consumer,6,249.11,40.87
ORD-3057,2025-03-07,Furniture,Tables,East,Consumer,2,528.43,41.18
ORD-2044,2025-03-08,Furniture,Tables,South,Home Office,1,331.6,27.68
ORD-1724,2025-03-08,Office Supplies,Binders,East,Consumer,5,226.39,44.22
ORD-4414,2025-03-08,Furniture,Desks,South,Home Office,4,1064.86,148.23
ORD-5914,2025-03-08,Office Supplies,Binders,Central,Home Office,1,41.31,5.89
ORD-5208,2025-03-08,Office Supplies,Paper,West,Corporate,4,186.43,48.91
ORD-3771,2025-03-08,Technology,Laptops,South,Consumer,1,362.27,40.44
ORD-6515,2025-03-09,Office Supplies,Paper,East,Consumer,1,38.47,-6.93
ORD-5099,2025-03-09,Office Supplies,Binders,Central,Corporate,2,70.86,20.15
ORD-1390,2025-03-09,Office Supplies,Storage,West,Consumer,6,215.7,38.98
ORD-1254,2025-03-09,Office Supplies,Storage,West,Consumer,4,182.49,-9.77
ORD-6221,2025-03-09,Office Supplies,Storage,East,Consumer,2,87.82,17.57
ORD-6657,2025-03-09,Office Supplies,Storage,West,Corporate,1,44.67,8.2
ORD-1430,2025-03-09,Technology,Monitors,East,Home Office,4,1652.57,361.61
ORD-4050,2025-03-09,Office Supplies,Binders,South,Home Office,5,168.73,38.04
ORD-2594,2025-03-09,Office Supplies,Paper,West,Consumer,3,112.07,26.53
ORD-3606,2025-03-10,Office Supplies,Pens,West,Consumer,6,244.17,37.75
ORD-5045,2025-03-10,Furniture,Desks,South,Home Office,3,1038.43,146.97
ORD-1705,2025-03-10,Furniture,Chairs,East,Consumer,6,1580.91,222.75
ORD-3841,2025-03-10,Office Supplies,Paper,West,Home Office,2,88.71,15.18
ORD-3324,2025-03-10,Office Supplies,Paper,South,Consumer,3,97.68,13.24
ORD-2627,2025-03-11,Office Supplies,Binders,East,Home Office,3,135.99,30.04
ORD-3030,2025-03-11,Technology,Printers,West,Consumer,5,1971.27,430.55
ORD-3027,2025-03-11,Office Supplies,Storage,East,Home Office,2,90.65,-6.57
ORD-3110,2025-03-11,Furniture,Bookcases,West,Consumer,5,1747.04,163.11
ORD-4225,2025-03-11,Office Supplies,Pens,Central,Home Office,4,154.63,40.04
ORD-3978,2025-03-11,Office Supplies,Paper,Central,Consumer,3,125.89,20.86
ORD-1237,2025-03-11,Office Supplies,Binders,West,Consumer,7,305.15,-36.07
ORD-5440,2025-03-11,Furniture,Chairs,South,Consumer,7,2294.8,205.92
ORD-4274,2025-03-11,Office Supplies,Binders,East,Home Office,4,159.64,45.3
ORD-3941,2025-03-11,Technology,Laptops,South,Consumer,6,2695.18,526.83
ORD-3080,2025-03-11,Furniture,Bookcases,West,Consumer,5,1459.23,169.77
ORD-5380,2025-03-11,Furniture,Chairs,West,Corporate,7,2144.2,238.67
ORD-6430,2025-03-11,Technology,Printers,Central,Home Office,7,3719.19,443.86
ORD-6144,2025-03-11,Office Supplies,Storage,East,Consumer,1,35.91,8.81
ORD-4049,2025-03-11,Furniture,Desks,East,Corporate,7,2019.97,285.02
ORD-1292,2025-03-12,Office Supplies,Pens,East,Corporate,5,173.88,36.24
ORD-2025,2025-03-12,Office Supplies,Storage,West,Corporate,3,132.97,22.35
ORD-2337,2025-03-12,Furniture,Tables,West,Consumer,7,2122.87,210.81
ORD-3362,2025-03-12,Technology,Accessories,East,Home Office,6,2351.42,456.08
ORD-4659,2025-03-13,Furniture,Bookcases,West,Home Office,3,803.42,76.24
ORD-2090,2025-03-13,Office Supplies,Paper,West,Corporate,3,119.05,18.82
ORD-1662,2025-03-13,Office Supplies,Storage,Central,Corporate,5,178.95,28.56
ORD-5581,2025-03-13,Office Supplies,Pens,West,Corporate,2,95.41,16.94
ORD-3624,2025-03-13,Technology,Printers,South,Corporate,3,1483.48,339.14
ORD-2583,2025-03-13,Office Supplies,Storage,Central,Consumer,6,265.37,37.93
ORD-4405,2025-03-13,Furniture,Chairs,East,Home Office,6,2127.91,310.74
ORD-6866,2025-03-13,Furniture,Bookcases,Central,Home Office,3,807.78,113.02
ORD-6361,2025-03-13,Technology,Accessories,West,Corporate,6,2326.61,252.89
ORD-5125,2025-03-14,Furniture,Bookcases,West,Corporate,5,1205.53,106.72
ORD-5575,2025-03-14,Furniture,Chairs,West,Consumer,1,331.74,49.95
ORD-5342,2025-03-14,Furniture,Bookcases,South,Corporate,5,1439.01,190.32
ORD-2167,2025-03-15,Furniture,Tables,Central,Consumer,7,2466.44,357.15
ORD-1255,2025-03-15,Furniture,Bookcases,Central,Consumer,3,789.04,70.85
ORD-1608,2025-03-15,Furniture,Bookcases,West,Home Office,2,641.72,91.85
ORD-6612,2025-03-15,Furniture,Tables,Central,Consumer,4,1344.44,206.89
ORD-2367,2025-03-15,Office Supplies,Paper,East,Consumer,3,135.09,33.88
ORD-4041,2025-03-16,Technology,Monitors,Central,Home Office,7,3041.53,626.75
ORD-6271,2025-03-16,Office Supplies,Binders,South,Consumer,6,275.29,46.58
ORD-6702,2025-03-16,Furniture,Desks,South,Corporate,1,302.41,22.66
ORD-1837,2025-03-16,Office Supplies,Binders,West,Home Office,3,106.7,19.8
ORD-1539,2025-03-16,Furniture,Bookcases,South,Corporate,1,334.28,31.17
ORD-2952,2025-03-16,Technology,Accessories,East,Consumer,3,1145.1,140.98
ORD-3305,2025-03-16,Office Supplies,Storage,West,Corporate,5,203.4,43.68
ORD-4741,2025-03-16,Technology,Monitors,West,Consumer,2,972.21,179.41
ORD-1289,2025-03-16,Office Supplies,Binders,Central,Home Office,4,180.8,26.01
ORD-2197,2025-03-16,Technology,Printers,West,Home Office,2,1036.77,242.57
ORD-2507,2025-03-16,Office Supplies,Pens,South,Home Office,2,65.1,11.39
ORD-4174,2025-03-17,Technology,Monitors,South,Corporate,4,1807.74,399.7
ORD-3446,2025-03-17,Technology,Laptops,East,Corporate,6,2564.63,331.88
ORD-5017,2025-03-17,Office Supplies,Pens,West,Corporate,2,83.77,14.15
ORD-6396,2025-03-17,Technology,Monitors,South,Corporate,1,392.91,48.56
ORD-1681,2025-03-17,Furniture,Tables,East,Consumer,1,275.22,25.97
ORD-2244,2025-03-17,Furniture,Chairs,Central,Corporate,2,505.91,39.39
ORD-2879,2025-03-17,Office Supplies,Pens,East,Consumer,7,260.99,48.5
ORD-6750,2025-03-17,Office Supplies,Pens,South,Consumer,1,39.01,9.97
ORD-6753,2025-03-18,Furniture,Tables,West,Consumer,1,316.31,41.81
ORD-5820,2025-03-18,Office Supplies,Binders,Central,Corporate,6,260.19,68.03
ORD-5187,2025-03-18,Technology,Laptops,Central,Home Office,7,3133.26,498.02
ORD-4086,2025-03-18,Furniture,Desks,Central,Consumer,3,898.84,86.63
ORD-5410,2025-03-18,Furniture,Chairs,East,Corporate,6,1464.36,197.14
ORD-5924,2025-03-18,Technology,Laptops,South,Corporate,4,1928.14,348.36
ORD-1943,2025-03-18,Office Supplies,Pens,South,Consumer,3,120.43,-15.27
ORD-3654,2025-03-18,Technology,Laptops,Central,Corporate,3,1088.81,141.47
ORD-5215,2025-03-18,Furniture,Desks,Central,Consumer,7,2278.19,242.46
ORD-3516,2025-03-18,Furniture,Chairs,Central,Home Office,4,1271.42,126.13
ORD-6768,2025-03-19,Office Supplies,Paper,Central,Consumer,2,95.52,19.98
ORD-1982,2025-03-19,Technology,Laptops,East,Consumer,5,2041.74,347.81
ORD-6595,2025-03-19,Office Supplies,Pens,South,Corporate,1,39.23,9.23
ORD-4470,2025-03-19,Office Supplies,Pens,South,Consumer,4,146.05,24.19
ORD-4899,2025-03-19,Office Supplies,Storage,South,Consumer,2,90.61,23.98
ORD-1121,2025-03-19,Furniture,Chairs,East,Corporate,4,1338.14,164.21
ORD-5360,2025-03-19,Technology,Monitors,South,Consumer,2,1070.95,131.92
ORD-6220,2025-03-19,Furniture,Chairs,East,Corporate,7,1916.92,202.5
ORD-5331,2025-03-20,Technology,Printers,West,Consumer,3,1197.26,193.09
ORD-5835,2025-03-20,Furniture,Chairs,South,Home Office,6,2051.6,248.55
ORD-1022,2025-03-20,Furniture,Desks,Central,Consumer,1,316.12,40.84
ORD-4606,2025-03-20,Office Supplies,Storage,South,Consumer,5,228.76,32.3
ORD-6961,2025-03-20,Furniture,Chairs,Central,Home Office,1,300.31,35.22
ORD-6646,2025-03-20,Technology,Monitors,West,Corporate,5,2181.55,303.82
ORD-5404,2025-03-21,Office Supplies,Pens,East,Home Office,4,132.13,34.0
ORD-1222,2025-03-21,Furniture,Bookcases,South,Consumer,1,311.58,36.72
ORD-1229,2025-03-21,Office Supplies,Paper,East,Corporate,1,40.36,10.67
ORD-2396,2025-03-21,Office Supplies,Binders,Central,Corporate,5,237.52,52.34
ORD-4246,2025-03-21,Furniture,Bookcases,East,Consumer,1,315.08,27.56
ORD-6503,2025-03-21,Office Supplies,Binders,West,Home Office,1,35.08,8.32
ORD-3679,2025-03-21,Technology,Accessories,West,Home Office,3,1589.45,224.93
ORD-5117,2025-03-21,Technology,Monitors,East,Home Office,4,1838.68,404.09
ORD-1997,2025-03-21,Technology,Monitors,South,Corporate,6,2404.87,442.13
ORD-4137,2025-03-21,Technology,Laptops,West,Consumer,2,857.08,148.23
ORD-3543,2025-03-22,Furniture,Desks,Central,Corporate,1,324.49,41.4
ORD-3045,2025-03-22,Technology,Accessories,Central,Home Office,4,1666.58,281.19
ORD-1003,2025-03-22,Technology,Accessories,South,Home Office,6,2257.85,419.77
ORD-2617,2025-03-22,Technology,Accessories,South,Consumer,3,1089.97,231.97
ORD-2351,2025-03-22,Furniture,Bookcases,West,Home Office,4,1290.35,148.46
ORD-2274,2025-03-22,Office Supplies,Pens,East,Corporate,4,131.35,31.93
ORD-5090,2025-03-23,Office Supplies,Paper,East,Corporate,5,218.29,-11.9
ORD-3217,2025-03-23,Technology,Monitors,West,Consumer,5,2046.91,401.24
ORD-2554,2025-03-23,Furniture,Desks,West,Home Office,7,1803.45,268.78
ORD-3171,2025-03-23,Office Supplies,Paper,East,Corporate,5,237.54,66.15
ORD-4987,2025-03-23,Furniture,Tables,South,Home Office,3,972.09,93.93
ORD-1576,2025-03-23,Office Supplies,Storage,Central,Consumer,3,113.02,21.94
ORD-5109,2025-03-23,Office Supplies,Paper,Central,Consumer,1,39.76,8.68
ORD-2947,2025-03-23,Technology,Printers,East,Home Office,5,1992.12,322.18
ORD-5457,2025-03-23,Furniture,Tables,East,Home Office,7,1809.49,173.98
ORD-2892,2025-03-23,Furniture,Bookcases,East,Consumer,5,1728.79,209.57
ORD-2181,2025-03-24,Office Supplies,Storage,West,Home Office,5,161.09,38.58
ORD-5458,2025-03-24,Technology,Monitors,West,Corporate,3,1300.68,261.95
ORD-4842,2025-03-24,Office Supplies,Storage,East,Home Office,7,259.76,54.39
ORD-5071,2025-03-24,Technology,Accessories,South,Corporate,5,2670.64,583.55
ORD-6137,2025-03-24,Technology,Monitors,South,Home Office,3,1135.13,182.9
ORD-6329,2025-03-25,Office Supplies,Storage,East,Consumer,3,129.31,21.82
ORD-4125,2025-03-25,Technology,Accessories,East,Consumer,1,361.53,44.6
ORD-2875,2025-03-25,Technology,Accessories,East,Home Office,4,1470.62,236.61
ORD-4117,2025-03-25,Office Supplies,Binders,Central,Corporate,7,224.52,45.09
ORD-2201,2025-03-25,Office Supplies,Pens,South,Corporate,5,222.72,56.57
ORD-4376,2025-03-25,Technology,Printers,South,Corporate,7,3641.89,788.67
ORD-5327,2025-03-25,Technology,Laptops,East,Corporate,3,1286.3,293.84
ORD-3693,2025-03-25,Technology,Printers,Central,Corporate,1,463.07,103.91
ORD-6081,2025-03-25,Office Supplies,Paper,East,Consumer,4,174.91,-35.97
ORD-3647,2025-03-25,Office Supplies,Pens,South,Home Office,3,141.47,24.14
ORD-2401,2025-03-25,Furniture,Chairs,West,Home Office,3,746.76,115.07
ORD-2914,2025-03-25,Technology,Accessories,South,Corporate,4,1538.61,260.82
ORD-6530,2025-03-25,Office Supplies,Pens,South,Home Office,3,110.94,19.01
ORD-1638,2025-03-25,Furniture,Desks,West,Home Office,1,352.86,44.64
ORD-5143,2025-03-26,Office Supplies,Paper,West,Consumer,4,161.2,31.71
ORD-1767,2025-03-26,Office Supplies,Paper,West,Corporate,6,225.62,60.52
ORD-5678,2025-03-26,Technology,Printers,West,Home Office,2,891.8,197.96
ORD-4429,2025-03-27,Office Supplies,Storage,East,Home Office,4,150.97,24.3
ORD-1055,2025-03-27,Technology,Monitors,South,Consumer,2,965.38,145.69
ORD-6257,2025-03-27,Technology,Accessories,West,Home Office,3,1477.84,298.07
ORD-5114,2025-03-27,Office Supplies,Binders,West,Corporate,6,265.22,65.08
ORD-4590,2025-03-27,Office Supplies,Pens,South,Home Office,5,188.65,44.9
ORD-4913,2025-03-27,Technology,Accessories,East,Corporate,2,798.64,162.47
ORD-3323,2025-03-27,Technology,Accessories,South,Corporate,6,2824.26,653.44
ORD-6912,2025-03-27,Technology,Accessories,South,Consumer,6,3055.66,337.91
ORD-4929,2025-03-27,Office Supplies,Pens,East,Home Office,1,35.56,7.44
ORD-3372,2025-03-27,Office Supplies,Pens,West,Consumer,3,143.32,28.94
ORD-1850,2025-03-28,Technology,Monitors,South,Consumer,6,2514.86,462.44
ORD-6201,2025-03-28,Technology,Accessories,East,Home Office,1,466.45,84.85
ORD-1940,2025-03-28,Office Supplies,Pens,West,Consumer,2,79.14,12.77
ORD-4878,2025-03-28,Technology,Laptops,South,Corporate,4,1687.59,317.67
ORD-6056,2025-03-28,Office Supplies,Pens,East,Corporate,4,169.44,34.22
ORD-6561,2025-03-28,Technology,Printers,East,Home Office,5,1955.66,257.54
ORD-1728,2025-03-28,Furniture,Chairs,West,Home Office,7,2208.0,276.43
ORD-5631,2025-03-28,Technology,Laptops,East,Corporate,1,412.54,91.52
ORD-4240,2025-03-29,Office Supplies,Paper,West,Consumer,7,289.53,64.42
ORD-6170,2025-03-29,Technology,Printers,West,Consumer,3,1391.67,176.59
ORD-4043,2025-03-29,Office Supplies,Storage,South,Consumer,6,271.1,51.92
ORD-1086,2025-03-29,Technology,Monitors,Central,Home Office,3,1120.97,139.27
ORD-4793,2025-03-29,Technology,Printers,South,Consumer,6,2923.49,673.78
ORD-5225,2025-03-29,Furniture,Desks,Central,Corporate,2,570.58,75.48
ORD-6867,2025-03-29,Furniture,Desks,South,Home Office,3,906.08,136.79
ORD-6306,2025-03-29,Furniture,Bookcases,Central,Corporate,5,1335.83,157.84
ORD-3990,2025-03-29,Technology,Printers,South,Corporate,4,1703.8,289.94
ORD-1779,2025-03-29,Technology,Monitors,West,Corporate,5,2200.75,373.03
ORD-1342,2025-03-30,Furniture,Tables,East,Consumer,5,1522.2,218.81
ORD-4184,2025-03-30,Technology,Monitors,South,Corporate,1,515.9,93.82
ORD-2941,2025-03-30,Office Supplies,Pens,West,Corporate,4,160.1,40.73
ORD-5560,2025-03-30,Office Supplies,Binders,Central,Consumer,1,32.57,5.59
ORD-2587,2025-03-30,Furniture,Bookcases,East,Home Office,7,2136.62,237.83
ORD-3617,2025-03-30,Furniture,Tables,East,Home Office,4,1321.74,191.24
ORD-1418,2025-03-30,Office Supplies,Storage,South,Home Office,5,232.63,65.1
ORD-2464,2025-03-30,Furniture,Bookcases,South,Corporate,4,1179.58,136.22
ORD-4582,2025-03-30,Technology,Printers,East,Home Office,4,1666.44,361.48
ORD-2768,2025-03-31,Office Supplies,Storage,East,Corporate,7,260.1,46.65
ORD-4333,2025-03-31,Technology,Laptops,South,Corporate,5,2076.88,297.38
ORD-6308,2025-03-31,Technology,Monitors,Central,Corporate,1,384.67,64.93
ORD-1303,2025-03-31,Furniture,Chairs,West,Consumer,3,981.06,86.39
ORD-5113,2025-03-31,Office Supplies,Binders,West,Consumer,7,305.49,84.62
ORD-5355,2025-03-31,Furniture,Bookcases,South,Home Office,6,2145.23,210.74
ORD-2426,2025-03-31,Technology,Printers,South,Consumer,4,1800.97,204.35
ORD-3602,2025-03-31,Technology,Accessories,South,Corporate,2,941.5,130.09
ORD-6738,2025-03-31,Office Supplies,Pens,Central,Corporate,1,41.11,6.92
ORD-1111,2025-03-31,Technology,Monitors,Central,Home Office,3,1260.85,158.3
ORD-5742,2025-03-31,Office Supplies,Storage,East,Home Office,3,141.29,27.76
ORD-5002,2025-03-31,Office Supplies,Pens,West,Consumer,4,164.18,-24.65
ORD-2078,2025-03-31,Technology,Monitors,South,Corporate,5,2234.71,491.06
ORD-4045,2025-03-31,Office Supplies,Storage,East,Corporate,2,94.01,21.18
ORD-4704,2025-03-31,Technology,Monitors,Central,Consumer,1,391.15,72.62
ORD-6489,2025-03-31,Technology,Monitors,Central,Consumer,3,1616.02,235.94
ORD-5841,2025-03-31,Office Supplies,Pens,South,Home Office,4,170.9,34.75
ORD-3353,2025-04-01,Furniture,Chairs,South,Consumer,6,2143.88,276.46
ORD-1927,2025-04-01,Technology,Printers,Central,Corporate,6,2729.17,487.87
ORD-5517,2025-04-01,Office Supplies,Storage,South,Corporate,3,113.36,16.18
ORD-1135,2025-04-01,Technology,Printers,West,Home Office,7,2563.13,545.08
ORD-5131,2025-04-01,Office Supplies,Binders,East,Consumer,3,134.39,30.39
ORD-2854,2025-04-01,Office Supplies,Binders,Central,Consumer,4,170.85,-36.57
ORD-4113,2025-04-02,Office Supplies,Binders,South,Consumer,6,280.31,43.69
ORD-3997,2025-04-02,Furniture,Bookcases,Central,Corporate,3,865.78,105.32
ORD-1186,2025-04-02,Technology,Laptops,South,Corporate,3,1180.15,196.17
ORD-6756,2025-04-02,Technology,Laptops,Central,Corporate,5,2229.91,359.4
ORD-6491,2025-04-02,Office Supplies,Pens,Central,Consumer,2,71.83,19.39
ORD-3622,2025-04-03,Office Supplies,Binders,South,Corporate,4,190.45,25.8
ORD-1488,2025-04-03,Office Supplies,Storage,South,Consumer,6,261.45,68.18
ORD-5634,2025-04-03,Technology,Laptops,East,Home Office,6,2948.04,339.04
ORD-1461,2025-04-03,Furniture,Bookcases,East,Consumer,4,1411.03,127.73
ORD-5254,2025-04-03,Office Supplies,Storage,South,Corporate,2,84.14,19.4
ORD-4533,2025-04-03,Office Supplies,Paper,West,Corporate,2,86.18,16.25
ORD-5796,2025-04-03,Technology,Accessories,West,Corporate,4,1494.25,247.32
ORD-1956,2025-04-04,Technology,Accessories,Central,Home Office,7,3154.43,364.57
ORD-6161,2025-04-04,Office Supplies,Pens,Central,Home Office,4,134.49,27.39
ORD-2222,2025-04-04,Technology,Laptops,South,Consumer,7,2520.31,312.5
ORD-6978,2025-04-04,Furniture,Desks,East,Consumer,1,297.79,44.59
ORD-1164,2025-04-04,Technology,Laptops,Central,Corporate,1,391.3,61.8
ORD-5715,2025-04-04,Office Supplies,Paper,East,Corporate,7,245.35,37.54
ORD-4401,2025-04-04,Office Supplies,Storage,East,Consumer,6,201.12,-30.35
ORD-3754,2025-04-04,Furniture,Desks,West,Home Office,3,1033.32,110.83
ORD-6254,2025-04-05,Office Supplies,Storage,West,Home Office,7,268.0,65.59
ORD-3186,2025-04-05,Office Supplies,Pens,West,Consumer,6,214.19,33.88
ORD-4182,2025-04-05,Technology,Accessories,East,Consumer,3,1368.97,244.88
ORD-3936,2025-04-05,Office Supplies,Paper,East,Consumer,2,92.64,18.13
ORD-3489,2025-04-05,Technology,Monitors,West,Consumer,3,1437.25,269.98
ORD-4304,2025-04-05,Office Supplies,Pens,West,Corporate,4,168.26,23.24
ORD-3168,2025-04-05,Furniture,Bookcases,South,Consumer,4,1331.23,101.67
ORD-4948,2025-04-05,Office Supplies,Storage,Central,Home Office,5,229.39,53.61
ORD-4774,2025-04-05,Furniture,Chairs,South,Consumer,1,246.32,33.32
ORD-2532,2025-04-05,Technology,Accessories,West,Consumer,3,1481.56,344.04
ORD-4740,2025-04-06,Technology,Printers,West,Consumer,4,1508.55,335.56
ORD-4832,2025-04-06,Technology,Accessories,East,Home Office,1,382.04,68.69
ORD-3374,2025-04-06,Office Supplies,Paper,South,Corporate,7,310.4,-60.09
ORD-5494,2025-04-06,Furniture,Tables,Central,Home Office,1,332.9,33.91
ORD-5779,2025-04-06,Technology,Accessories,Central,Home Office,6,2905.32,634.15
ORD-6870,2025-04-06,Office Supplies,Paper,East,Consumer,6,270.06,68.39
ORD-6925,2025-04-07,Technology,Monitors,Central,Home Office,1,503.85,72.08
ORD-4439,2025-04-07,Technology,Monitors,East,Corporate,7,2534.4,373.76
ORD-1324,2025-04-07,Technology,Accessories,West,Corporate,3,1450.62,169.4
ORD-2412,2025-04-07,Technology,Monitors,Central,Corporate,1,383.23,66.81
ORD-6662,2025-04-07,Technology,Monitors,East,Consumer,6,2478.34,297.26
ORD-1614,2025-04-07,Office Supplies,Binders,East,Home Office,4,165.89,22.53
ORD-6525,2025-04-07,Furniture,Bookcases,South,Corporate,4,973.73,144.95
ORD-6317,2025-04-07,Office Supplies,Pens,Central,Home Office,2,85.47,18.47
ORD-6304,2025-04-07,Technology,Monitors,South,Home Office,4,2126.33,415.45
ORD-5160,2025-04-08,Office Supplies,Binders,South,Corporate,3,114.29,20.18
ORD-6956,2025-04-08,Furniture,Chairs,Central,Home Office,5,1766.7,130.65
ORD-1581,2025-04-08,Office Supplies,Pens,West,Corporate,6,243.0,48.11
ORD-2722,2025-04-08,Office Supplies,Pens,West,Corporate,5,167.91,29.9
ORD-6587,2025-04-08,Office Supplies,Binders,Central,Corporate,6,226.45,55.13
ORD-2376,2025-04-08,Office Supplies,Storage,East,Home Office,5,234.61,54.8
ORD-6817,2025-04-08,Office Supplies,Pens,Central,Home Office,5,225.97,49.72
ORD-5194,2025-04-08,Office Supplies,Binders,West,Corporate,6,206.02,32.04
ORD-4357,2025-04-08,Technology,Laptops,East,Home Office,4,1975.51,420.68
ORD-1689,2025-04-09,Furniture,Tables,Central,Corporate,7,2454.07,344.1
ORD-4025,2025-04-09,Furniture,Chairs,West,Corporate,2,691.76,97.95
ORD-2492,2025-04-09,Technology,Accessories,South,Corporate,7,3385.48,696.82
ORD-3151,2025-04-09,Office Supplies,Paper,South,Corporate,2,86.06,-19.1
ORD-6159,2025-04-09,Furniture,Desks,South,Consumer,5,1695.01,174.23
ORD-6663,2025-04-09,Furniture,Desks,West,Home Office,7,2329.32,322.86
ORD-5118,2025-04-09,Office Supplies,Pens,East,Consumer,4,154.65,35.8
ORD-6602,2025-04-10,Furniture,Bookcases,East,Corporate,2,504.28,60.21
ORD-5955,2025-04-10,Furniture,Bookcases,West,Corporate,1,310.86,45.15
ORD-6621,2025-04-10,Furniture,Desks,Central,Home Office,3,838.68,119.81
ORD-5879,2025-04-10,Furniture,Desks,West,Corporate,3,1055.65,99.12
ORD-5006,2025-04-10,Office Supplies,Pens,East,Corporate,1,32.81,6.87
ORD-3613,2025-04-10,Furniture,Chairs,East,Corporate,5,1314.71,182.45
ORD-1232,2025-04-10,Furniture,Tables,East,Corporate,1,317.59,27.53
ORD-1922,2025-04-10,Office Supplies,Pens,South,Corporate,3,131.54,32.69
ORD-6049,2025-04-10,Furniture,Chairs,Central,Home Office,2,673.82,51.37
ORD-2310,2025-04-10,Furniture,Desks,West,Consumer,3,1040.08,148.73
ORD-2898,2025-04-11,Furniture,Desks,West,Corporate,2,487.55,63.59
ORD-5594,2025-04-11,Technology,Laptops,South,Corporate,7,3625.56,542.0
ORD-6926,2025-04-11,Furniture,Bookcases,West,Home Office,6,1697.58,216.46
ORD-3493,2025-04-12,Furniture,Desks,South,Corporate,2,480.06,65.34
ORD-4150,2025-04-12,Office Supplies,Pens,Central,Consumer,6,255.92,44.49
ORD-1420,2025-04-12,Office Supplies,Pens,South,Corporate,6,274.1,71.44
ORD-6751,2025-04-12,Technology,Printers,South,Consumer,4,1484.13,231.58
ORD-1816,2025-04-12,Office Supplies,Pens,West,Consumer,7,319.19,66.52
ORD-5389,2025-04-13,Technology,Accessories,East,Corporate,6,2661.92,556.29
ORD-2657,2025-04-13,Office Supplies,Pens,West,Consumer,3,120.61,33.76
ORD-4402,2025-04-13,Technology,Laptops,East,Home Office,3,1175.71,223.34
ORD-3125,2025-04-13,Technology,Laptops,South,Home Office,4,1743.86,211.63
ORD-1458,2025-04-13,Office Supplies,Binders,Central,Home Office,2,78.42,17.4
ORD-3586,2025-04-13,Furniture,Desks,Central,Corporate,4,1062.2,112.99
ORD-6162,2025-04-13,Technology,Monitors,South,Home Office,1,431.55,97.11
ORD-1314,2025-04-14,Technology,Monitors,South,Corporate,2,881.14,157.09
ORD-6868,2025-04-14,Furniture,Bookcases,Central,Corporate,1,290.6,34.65
ORD-6552,2025-04-14,Office Supplies,Binders,East,Home Office,7,269.45,49.35
ORD-3639,2025-04-14,Furniture,Chairs,East,Consumer,6,2110.11,310.64
ORD-2567,2025-04-14,Furniture,Bookcases,West,Home Office,4,1317.95,117.62
ORD-1860,2025-04-14,Technology,Laptops,South,Consumer,2,847.46,161.55
ORD-5041,2025-04-14,Office Supplies,Storage,East,Consumer,4,136.35,31.0
ORD-6444,2025-04-14,Technology,Accessories,Central,Corporate,7,2969.61,478.43
ORD-1520,2025-04-14,Technology,Printers,South,Home Office,6,2918.85,339.7
ORD-1732,2025-04-14,Office Supplies,Paper,South,Home Office,6,271.1,55.37
ORD-6828,2025-04-14,Furniture,Desks,West,Home Office,5,1784.69,223.08
ORD-1877,2025-04-14,Technology,Monitors,West,Home Office,7,2737.67,510.22
ORD-1130,2025-04-15,Furniture,Bookcases,Central,Corporate,7,2233.5,165.9
ORD-3315,2025-04-15,Furniture,Bookcases,East,Corporate,3,798.4,103.99
ORD-4536,2025-04-15,Furniture,Desks,East,Corporate,6,1950.69,292.48
ORD-5137,2025-04-15,Technology,Monitors,East,Corporate,4,1890.9,307.57
ORD-6318,2025-04-15,Office Supplies,Storage,South,Corporate,6,201.8,31.43
ORD-2727,2025-04-15,Office Supplies,Pens,West,Home Office,4,191.91,46.11
ORD-6434,2025-04-15,Furniture,Desks,East,Corporate,5,1305.26,144.55
ORD-2473,2025-04-16,Furniture,Tables,East,Corporate,1,264.0,21.91
ORD-2350,2025-04-16,Office Supplies,Storage,South,Consumer,3,132.47,26.78
ORD-3829,2025-04-16,Technology,Monitors,Central,Corporate,7,3550.98,824.58
ORD-5875,2025-04-16,Office Supplies,Paper,East,Corporate,2,81.96,23.14
ORD-1406,2025-04-16,Office Supplies,Pens,Central,Consumer,3,135.83,24.02
ORD-5193,2025-04-16,Office Supplies,Pens,Central,Consumer,7,235.68,41.97
ORD-4643,2025-04-16,Furniture,Chairs,West,Home Office,4,1071.84,111.98
ORD-4930,2025-04-16,Furniture,Chairs,Central,Consumer,6,1748.31,160.91
ORD-5345,2025-04-16,Technology,Printers,West,Consumer,2,917.56,145.46
ORD-1398,2025-04-17,Office Supplies,Pens,East,Consumer,2,76.63,11.6
ORD-3335,2025-04-17,Technology,Printers,West,Home Office,1,516.07,62.57
ORD-1949,2025-04-17,Technology,Accessories,Central,Consumer,5,2291.17,351.21
ORD-3460,2025-04-17,Office Supplies,Storage,West,Consumer,6,193.1,37.57
ORD-3035,2025-04-17,Furniture,Desks,West,Corporate,3,967.42,95.7
ORD-2466,2025-04-17,Technology,Monitors,South,Home Office,4,2149.39,299.16
ORD-2186,2025-04-17,Technology,Monitors,West,Home Office,2,917.86,201.81
ORD-4471,2025-04-17,Office Supplies,Storage,South,Corporate,1,42.26,-8.79
ORD-4158,2025-04-17,Furniture,Tables,South,Consumer,5,1290.58,182.2
ORD-3660,2025-04-18,Office Supplies,Storage,South,Consumer,6,275.58,56.99
ORD-1774,2025-04-18,Office Supplies,Paper,East,Consumer,6,221.73,60.3
ORD-1960,2025-04-18,Office Supplies,Paper,West,Consumer,2,78.17,20.54
ORD-6833,2025-04-18,Office Supplies,Paper,Central,Home Office,1,45.91,6.29
ORD-5007,2025-04-18,Office Supplies,Storage,East,Home Office,5,198.11,43.93
ORD-4799,2025-04-18,Furniture,Tables,West,Home Office,6,1973.0,184.7
ORD-3379,2025-04-18,Office Supplies,Paper,West,Corporate,6,259.16,-49.04
ORD-4637,2025-04-18,Office Supplies,Pens,South,Home Office,5,171.93,42.21
ORD-3766,2025-04-18,Technology,Laptops,West,Corporate,3,1368.56,213.05
ORD-3895,2025-04-18,Technology,Monitors,East,Corporate,2,958.36,165.41
ORD-6351,2025-04-18,Office Supplies,Binders,East,Consumer,5,238.14,44.24
ORD-1706,2025-04-18,Furniture,Chairs,South,Corporate,7,2311.78,266.04
ORD-5182,2025-04-18,Office Supplies,Pens,East,Home Office,3,138.05,37.68
ORD-4419,2025-04-19,Furniture,Bookcases,East,Home Office,2,719.39,110.37
ORD-2860,2025-04-19,Technology,Laptops,East,Consumer,2,956.21,206.27
ORD-1051,2025-04-19,Technology,Monitors,East,Corporate,4,1709.72,319.48
ORD-1220,2025-04-19,Office Supplies,Storage,West,Home Office,6,278.53,50.37
ORD-2846,2025-04-19,Technology,Laptops,East,Corporate,1,467.25,68.98
ORD-5657,2025-04-19,Office Supplies,Paper,South,Corporate,7,302.9,42.63
ORD-6668,2025-04-19,Technology,Printers,South,Home Office,3,1384.22,314.06
ORD-4698,2025-04-19,Technology,Monitors,South,Consumer,3,1425.48,259.07
ORD-1041,2025-04-19,Office Supplies,Storage,West,Home Office,7,227.09,45.31
ORD-3154,2025-04-19,Technology,Accessories,West,Home Office,5,2388.21,301.82
ORD-5298,2025-04-19,Office Supplies,Pens,South,Corporate,7,236.49,62.56
ORD-1188,2025-04-20,Technology,Monitors,South,Home Office,5,1934.62,322.19
ORD-1264,2025-04-20,Office Supplies,Paper,South,Consumer,6,229.67,35.03
ORD-1409,2025-04-20,Office Supplies,Storage,South,Corporate,1,35.28,8.02
ORD-5339,2025-04-20,Furniture,Desks,South,Home Office,1,274.02,21.7
ORD-5057,2025-04-20,Technology,Monitors,East,Home Office,4,1460.75,289.32
ORD-3682,2025-04-20,Office Supplies,Paper,East,Home Office,5,212.96,37.1
ORD-5948,2025-04-20,Technology,Printers,West,Corporate,5,2109.03,312.42
ORD-4349,2025-04-20,Office Supplies,Storage,Central,Corporate,5,233.85,56.65
ORD-3429,2025-04-20,Technology,Laptops,East,Corporate,6,2280.52,443.36
ORD-3491,2025-04-20,Furniture,Chairs,West,Consumer,7,2092.48,166.73
ORD-3530,2025-04-20,Furniture,Chairs,East,Consumer,3,980.38,76.41
ORD-4461,2025-04-20,Office Supplies,Binders,Central,Consumer,7,248.78,62.09
ORD-2558,2025-04-21,Office Supplies,Binders,South,Home Office,6,249.55,-51.28
ORD-4026,2025-04-21,Furniture,Bookcases,Central,Consumer,3,983.32,151.63
ORD-5190,2025-04-21,Technology,Accessories,East,Home Office,7,2659.16,432.77
ORD-6005,2025-04-21,Office Supplies,Storage,Central,Consumer,1,43.0,11.34
ORD-6475,2025-04-21,Technology,Printers,West,Home Office,6,2947.47,458.86
ORD-3499,2025-04-21,Technology,Printers,East,Home Office,5,2377.23,488.62
ORD-5641,2025-04-21,Furniture,Desks,South,Home Office,2,592.94,68.78
ORD-6464,2025-04-21,Furniture,Desks,Central,Consumer,5,1606.08,240.38
ORD-5076,2025-04-22,Office Supplies,Storage,Central,Consumer,7,329.22,80.28
ORD-3959,2025-04-22,Technology,Printers,West,Consumer,5,2426.31,426.29
ORD-5263,2025-04-22,Furniture,Bookcases,South,Home Office,1,264.5,24.56
ORD-5951,2025-04-22,Furniture,Desks,Central,Consumer,6,1806.35,236.99
ORD-1465,2025-04-22,Office Supplies,Pens,South,Home Office,7,263.87,-17.26
ORD-2348,2025-04-22,Office Supplies,Paper,East,Consumer,5,202.53,40.01
ORD-5707,2025-04-22,Technology,Monitors,West,Consumer,4,2090.98,231.13
ORD-5944,2025-04-22,Technology,Printers,South,Corporate,3,1307.05,204.89
ORD-3755,2025-04-22,Furniture,Desks,East,Corporate,4,1097.94,112.57
ORD-3932,2025-04-23,Office Supplies,Binders,East,Corporate,1,37.04,6.27
ORD-5789,2025-04-23,Furniture,Desks,South,Consumer,3,1037.28,138.8
ORD-6189,2025-04-23,Technology,Accessories,West,Consumer,2,934.48,169.21
ORD-1575,2025-04-24,Office Supplies,Paper,East,Corporate,6,198.57,29.77
ORD-4600,2025-04-24,Furniture,Bookcases,East,Consumer,4,1125.11,152.03
ORD-6841,2025-04-24,Office Supplies,Paper,South,Consumer,2,86.85,22.33
ORD-6984,2025-04-24,Furniture,Tables,West,Corporate,6,2045.54,261.24
ORD-5025,2025-04-24,Technology,Accessories,East,Home Office,1,477.36,61.09
ORD-4360,2025-04-24,Technology,Monitors,South,Consumer,3,1317.66,189.13
ORD-6815,2025-04-24,Office Supplies,Pens,West,Home Office,1,42.86,8.34
ORD-2468,2025-04-24,Office Supplies,Pens,Central,Home Office,6,264.52,54.34
ORD-3707,2025-04-24,Technology,Accessories,Central,Home Office,6,2343.76,254.41
ORD-3113,2025-04-24,Technology,Printers,South,Consumer,2,870.84,183.45
ORD-4541,2025-04-24,Furniture,Chairs,West,Consumer,6,1708.69,264.74
ORD-1873,2025-04-25,Office Supplies,Pens,West,Corporate,5,227.44,54.84
ORD-5686,2025-04-25,Technology,Laptops,South,Home Office,3,1335.6,147.32
ORD-1535,2025-04-25,Technology,Accessories,West,Home Office,7,3092.03,630.99
ORD-3029,2025-04-25,Furniture,Desks,South,Consumer,2,586.19,49.86
ORD-6569,2025-04-25,Furniture,Bookcases,West,Corporate,6,1909.33,238.63
ORD-4373,2025-04-25,Furniture,Desks,South,Corporate,1,280.14,27.81
ORD-3749,2025-04-25,Furniture,Bookcases,West,Corporate,5,1303.44,149.95
ORD-5840,2025-04-25,Furniture,Bookcases,South,Home Office,1,275.44,36.51
ORD-4140,2025-04-26,Furniture,Bookcases,South,Consumer,2,699.21,93.77
ORD-3008,2025-04-26,Technology,Printers,Central,Consumer,3,1256.14,287.75
ORD-6378,2025-04-26,Furniture,Bookcases,South,Home Office,1,256.31,23.58
ORD-2911,2025-04-26,Office Supplies,Storage,West,Consumer,5,179.67,44.41
ORD-1502,2025-04-26,Office Supplies,Storage,West,Corporate,1,36.22,8.33
ORD-4262,2025-04-27,Technology,Laptops,West,Consumer,7,3325.87,407.66
ORD-3524,2025-04-27,Furniture,Desks,Central,Consumer,2,606.57,55.94
ORD-2495,2025-04-27,Technology,Printers,South,Consumer,4,1634.25,281.81
ORD-6919,2025-04-27,Technology,Accessories,East,Consumer,1,452.48,88.15
ORD-2688,2025-04-27,Technology,Printers,East,Home Office,1,437.8,84.13
ORD-5503,2025-04-27,Technology,Accessories,Central,Consumer,4,1464.13,302.73
ORD-2478,2025-04-27,Furniture,Bookcases,South,Consumer,5,1797.31,147.35
ORD-5637,2025-04-27,Furniture,Chairs,West,Corporate,2,707.42,81.13
ORD-5850,2025-04-27,Furniture,Chairs,Central,Corporate,6,1946.8,251.78
ORD-6411,2025-04-27,Furniture,Tables,West,Consumer,5,1417.65,187.07
ORD-2819,2025-04-28,Furniture,Chairs,South,Corporate,2,620.7,73.56
ORD-5622,2025-04-28,Technology,Monitors,West,Home Office,2,800.78,94.45
ORD-5164,2025-04-28,Technology,Monitors,East,Corporate,5,2054.63,436.46
ORD-1597,2025-04-28,Office Supplies,Paper,East,Consumer,3,119.25,25.89
ORD-6934,2025-04-28,Office Supplies,Paper,East,Corporate,1,35.39,9.97
ORD-1842,2025-04-28,Office Supplies,Storage,West,Consumer,6,256.03,34.27
ORD-1618,2025-04-28,Office Supplies,Binders,Central,Home Office,6,261.96,61.41
ORD-1745,2025-04-28,Technology,Monitors,West,Corporate,7,3130.71,348.72
ORD-3820,2025-04-28,Office Supplies,Paper,East,Home Office,7,224.44,35.45
ORD-4891,2025-04-28,Technology,Accessories,East,Corporate,3,1239.84,182.81
ORD-2680,2025-04-28,Office Supplies,Storage,Central,Home Office,6,272.14,49.71
ORD-4010,2025-04-29,Furniture,Bookcases,Central,Consumer,6,1523.91,200.55
ORD-1560,2025-04-29,Furniture,Desks,Central,Home Office,2,694.94,103.11
ORD-1914,2025-04-29,Technology,Accessories,West,Home Office,1,490.1,111.31
ORD-6843,2025-04-29,Office Supplies,Pens,West,Consumer,3,117.63,32.69
ORD-1725,2025-04-29,Technology,Monitors,West,Home Office,2,799.38,105.06
ORD-3560,2025-04-29,Furniture,Desks,East,Corporate,4,1351.43,145.6
ORD-4956,2025-04-29,Technology,Printers,Central,Consumer,4,1687.69,267.78
ORD-5487,2025-04-29,Furniture,Chairs,East,Home Office,6,1745.16,223.29
ORD-4519,2025-04-29,Office Supplies,Pens,East,Home Office,2,68.7,18.69
ORD-4847,2025-04-29,Technology,Laptops,Central,Corporate,5,2388.28,273.83
ORD-2792,2025-04-29,Furniture,Chairs,South,Corporate,7,2484.15,386.6
ORD-5312,2025-04-30,Office Supplies,Storage,West,Corporate,4,139.26,33.55
ORD-2940,2025-04-30,Office Supplies,Paper,East,Consumer,1,33.21,6.61
ORD-6363,2025-04-30,Technology,Monitors,West,Corporate,2,743.61,107.98
ORD-2411,2025-04-30,Technology,Laptops,East,Corporate,5,2447.73,293.42
ORD-1925,2025-04-30,Furniture,Tables,South,Corporate,7,1992.74,186.11
ORD-6312,2025-04-30,Technology,Accessories,East,Consumer,1,365.49,54.9
ORD-3462,2025-04-30,Furniture,Bookcases,East,Corporate,4,1399.7,148.61
ORD-4689,2025-04-30,Office Supplies,Storage,South,Home Office,4,137.77,27.44
ORD-5466,2025-04-30,Technology,Printers,Central,Corporate,1,441.41,90.71
ORD-2890,2025-04-30,Office Supplies,Storage,South,Corporate,6,231.85,41.54
ORD-2164,2025-04-30,Technology,Accessories,South,Consumer,2,1010.11,235.06
ORD-6472,2025-04-30,Furniture,Chairs,Central,Home Office,4,1115.94,164.4
ORD-5473,2025-05-01,Furniture,Chairs,West,Corporate,6,1883.6,270.68
ORD-2542,2025-05-01,Technology,Monitors,West,Corporate,3,1195.05,169.88
ORD-6682,2025-05-01,Furniture,Chairs,West,Home Office,5,1698.23,192.38
ORD-2328,2025-05-01,Technology,Laptops,East,Corporate,5,1844.24,332.44
ORD-2659,2025-05-01,Technology,Printers,East,Consumer,2,1023.28,170.59
ORD-1755,2025-05-01,Furniture,Desks,Central,Corporate,2,703.24,81.8
ORD-1470,2025-05-01,Office Supplies,Paper,West,Consumer,2,71.95,14.24
ORD-6875,2025-05-01,Furniture,Desks,Central,Corporate,3,1067.35,119.01
ORD-5823,2025-05-01,Technology,Accessories,Central,Home Office,7,3551.57,399.34
ORD-1400,2025-05-01,Office Supplies,Binders,West,Consumer,4,134.39,22.75
ORD-5504,2025-05-01,Technology,Laptops,Central,Corporate,1,523.35,64.25
ORD-6243,2025-05-01,Furniture,Chairs,East,Corporate,7,2472.86,372.17
ORD-5584,2025-05-01,Furniture,Chairs,Central,Corporate,1,296.79,41.1
ORD-6717,2025-05-02,Office Supplies,Binders,South,Home Office,3,108.96,20.61
ORD-2641,2025-05-02,Furniture,Tables,South,Corporate,4,1157.66,129.43
ORD-1318,2025-05-02,Office Supplies,Storage,South,Corporate,2,77.68,10.4
ORD-3133,2025-05-02,Office Supplies,Paper,Central,Consumer,2,85.85,15.73
ORD-4657,2025-05-02,Technology,Monitors,South,Consumer,5,1840.77,414.87
ORD-2533,2025-05-02,Technology,Monitors,Central,Home Office,3,1194.37,257.08
ORD-4473,2025-05-03,Technology,Accessories,Central,Home Office,3,1293.71,246.65
ORD-3273,2025-05-03,Technology,Printers,Central,Home Office,5,1967.76,351.49
ORD-6275,2025-05-03,Technology,Monitors,South,Home Office,7,3320.54,556.88
ORD-6235,2025-05-03,Furniture,Tables,East,Home Office,7,2508.97,255.19
ORD-5211,2025-05-03,Office Supplies,Paper,Central,Home Office,5,183.07,45.23
ORD-5295,2025-05-03,Furniture,Bookcases,East,Consumer,3,1073.45,152.62
ORD-3923,2025-05-03,Office Supplies,Paper,East,Home Office,7,273.74,68.8
ORD-2152,2025-05-03,Furniture,Bookcases,West,Home Office,7,2202.03,302.43
ORD-1443,2025-05-04,Furniture,Tables,East,Consumer,3,893.7,102.38
ORD-5999,2025-05-04,Office Supplies,Binders,East,Corporate,6,235.01,49.2
ORD-4976,2025-05-04,Office Supplies,Storage,South,Home Office,5,236.67,54.5
ORD-2776,2025-05-04,Office Supplies,Pens,Central,Consumer,4,176.58,-32.6
ORD-2028,2025-05-04,Technology,Accessories,East,Corporate,1,489.46,98.82
ORD-2827,2025-05-04,Furniture,Desks,West,Consumer,2,535.72,78.12
ORD-5255,2025-05-04,Office Supplies,Paper,South,Corporate,2,87.87,23.46
ORD-6250,2025-05-04,Office Supplies,Paper,Central,Consumer,2,70.33,11.04
ORD-3038,2025-05-04,Office Supplies,Pens,West,Home Office,4,148.33,29.23
ORD-6263,2025-05-04,Furniture,Bookcases,Central,Corporate,3,1013.37,101.33
ORD-1328,2025-05-04,Furniture,Bookcases,West,Corporate,6,1603.25,166.83
ORD-2262,2025-05-04,Office Supplies,Paper,East,Home Office,6,250.18,69.98
ORD-1942,2025-05-04,Office Supplies,Paper,East,Corporate,2,94.77,21.59
ORD-2253,2025-05-05,Office Supplies,Paper,South,Home Office,7,307.37,78.59
ORD-2432,2025-05-05,Technology,Accessories,East,Corporate,5,2121.73,424.15
ORD-5279,2025-05-05,Technology,Printers,East,Home Office,6,2978.56,353.3
ORD-4986,2025-05-05,Furniture,Desks,South,Home Office,4,1296.57,163.15
ORD-3091,2025-05-05,Office Supplies,Storage,Central,Corporate,4,170.56,41.2
ORD-5735,2025-05-05,Technology,Monitors,South,Home Office,3,1244.26,138.43
ORD-5373,2025-05-05,Furniture,Bookcases,South,Consumer,4,1103.52,99.06
ORD-3844,2025-05-05,Furniture,Desks,Central,Consumer,5,1266.91,103.6
ORD-1042,2025-05-05,Technology,Monitors,Central,Corporate,5,2555.04,552.94
ORD-3789,2025-05-05,Technology,Monitors,East,Home Office,7,2937.07,580.92
ORD-5378,2025-05-06,Furniture,Tables,East,Corporate,7,1897.32,156.41
ORD-3478,2025-05-06,Technology,Printers,South,Consumer,4,1942.1,264.68
ORD-2635,2025-05-06,Furniture,Bookcases,East,Corporate,3,793.82,100.21
ORD-6085,2025-05-06,Office Supplies,Pens,West,Home Office,2,93.78,18.4
ORD-5728,2025-05-06,Technology,Accessories,South,Corporate,3,1276.35,213.35
ORD-5351,2025-05-07,Furniture,Chairs,West,Corporate,4,1037.66,84.19
ORD-1786,2025-05-07,Technology,Monitors,West,Home Office,6,2243.68,322.13
ORD-4789,2025-05-07,Office Supplies,Storage,West,Corporate,7,252.25,36.11
ORD-4410,2025-05-07,Office Supplies,Storage,East,Home Office,5,228.47,42.31
ORD-1546,2025-05-07,Office Supplies,Storage,Central,Consumer,3,125.53,26.43
ORD-1863,2025-05-07,Office Supplies,Pens,West,Home Office,2,71.8,10.66
ORD-4593,2025-05-07,Technology,Accessories,East,Home Office,4,1538.34,268.07
ORD-1713,2025-05-08,Furniture,Bookcases,West,Home Office,6,1447.14,198.77
ORD-1634,2025-05-08,Furniture,Chairs,Central,Corporate,2,578.95,87.14
ORD-5614,2025-05-08,Technology,Monitors,South,Home Office,7,3707.7,544.8
ORD-6577,2025-05-08,Office Supplies,Binders,East,Home Office,2,67.31,15.53
ORD-6568,2025-05-08,Technology,Printers,Central,Corporate,1,455.68,63.5
ORD-5286,2025-05-08,Office Supplies,Paper,Central,Corporate,4,153.97,26.9
ORD-5116,2025-05-08,Office Supplies,Paper,Central,Consumer,4,129.61,18.52
ORD-3981,2025-05-08,Technology,Printers,West,Corporate,6,2550.37,478.74
ORD-2502,2025-05-08,Technology,Printers,East,Home Office,6,3183.7,538.42
ORD-4077,2025-05-08,Office Supplies,Binders,East,Consumer,3,122.1,24.44
ORD-6101,2025-05-08,Office Supplies,Paper,Central,Consumer,5,163.32,-14.87
ORD-6019,2025-05-08,Technology,Accessories,West,Consumer,1,512.16,89.77
ORD-1617,2025-05-08,Office Supplies,Binders,West,Home Office,7,224.12,37.1
ORD-2474,2025-05-08,Furniture,Desks,Central,Home Office,7,2205.18,341.49
ORD-3887,2025-05-09,Office Supplies,Pens,West,Corporate,7,254.39,71.95
ORD-1359,2025-05-09,Office Supplies,Binders,South,Corporate,1,33.68,9.49
ORD-2275,2025-05-09,Furniture,Desks,East,Home Office,7,2009.23,227.37
ORD-3721,2025-05-09,Technology,Accessories,Central,Home Office,1,524.12,111.12
ORD-1170,2025-05-09,Furniture,Chairs,East,Corporate,3,1032.54,95.62
ORD-6645,2025-05-09,Technology,Laptops,West,Corporate,1,503.58,65.25
ORD-3263,2025-05-09,Office Supplies,Binders,Central,Consumer,3,107.09,15.05
ORD-3041,2025-05-10,Furniture,Bookcases,East,Home Office,6,1513.13,153.05
ORD-6029,2025-05-10,Office Supplies,Paper,West,Consumer,4,171.67,32.57
ORD-2676,2025-05-10,Furniture,Tables,East,Corporate,2,696.0,90.35
ORD-6564,2025-05-10,Furniture,Desks,Central,Consumer,7,2416.26,251.53
ORD-4811,2025-05-10,Office Supplies,Paper,West,Consumer,4,162.79,-11.41
ORD-5551,2025-05-10,Furniture,Chairs,West,Corporate,2,687.14,84.64
ORD-1484,2025-05-10,Furniture,Desks,East,Consumer,2,558.61,65.87
ORD-2383,2025-05-10,Furniture,Bookcases,Central,Home Office,4,1247.66,139.75
ORD-5521,2025-05-10,Technology,Laptops,Central,Consumer,3,1329.23,309.41
ORD-6967,2025-05-11,Furniture,Tables,West,Home Office,2,569.59,85.7
ORD-4680,2025-05-11,Furniture,Tables,South,Corporate,2,708.25,84.33
ORD-1659,2025-05-11,Technology,Printers,Central,Corporate,7,3438.27,391.68
ORD-1189,2025-05-11,Furniture,Bookcases,Central,Corporate,3,970.19,139.95
ORD-1059,2025-05-11,Office Supplies,Pens,East,Corporate,1,40.55,7.79
ORD-2480,2025-05-11,Office Supplies,Paper,East,Consumer,7,290.2,67.17
ORD-4752,2025-05-11,Technology,Printers,Central,Corporate,1,405.7,46.35
ORD-3225,2025-05-11,Office Supplies,Paper,South,Corporate,7,306.43,85.74
ORD-2838,2025-05-11,Technology,Laptops,East,Consumer,5,2486.42,289.95
ORD-5510,2025-05-11,Technology,Accessories,East,Home Office,7,3008.72,649.71
ORD-4164,2025-05-12,Office Supplies,Pens,Central,Consumer,7,245.4,40.09
ORD-3635,2025-05-12,Furniture,Tables,South,Consumer,2,513.61,54.27
ORD-6007,2025-05-12,Office Supplies,Pens,South,Consumer,5,171.18,39.05
ORD-3927,2025-05-12,Furniture,Chairs,East,Consumer,4,988.67,131.46
ORD-2224,2025-05-12,Technology,Accessories,East,Consumer,5,2285.08,329.67
ORD-5485,2025-05-12,Technology,Monitors,West,Home Office,7,3563.92,525.92
ORD-3531,2025-05-12,Office Supplies,Binders,East,Consumer,4,165.43,-19.26
ORD-3523,2025-05-12,Office Supplies,Paper,West,Home Office,5,218.09,53.93
ORD-1261,2025-05-12,Technology,Laptops,East,Consumer,5,2550.87,477.76
ORD-3350,2025-05-12,Furniture,Chairs,Central,Consumer,2,616.91,96.1
ORD-5251,2025-05-12,Technology,Monitors,East,Corporate,7,3301.37,570.11
ORD-1180,2025-05-13,Furniture,Desks,West,Consumer,4,1164.57,128.01
ORD-1006,2025-05-13,Office Supplies,Storage,Central,Home Office,6,229.54,57.0
ORD-5873,2025-05-13,Office Supplies,Binders,Central,Corporate,5,167.58,27.64
ORD-4826,2025-05-13,Furniture,Bookcases,Central,Corporate,5,1221.29,173.7
ORD-3514,2025-05-13,Furniture,Desks,South,Consumer,5,1710.93,131.17
ORD-5061,2025-05-13,Technology,Accessories,East,Corporate,5,2346.53,527.34
ORD-3475,2025-05-13,Furniture,Tables,Central,Corporate,2,689.74,68.6
ORD-6253,2025-05-13,Technology,Monitors,West,Home Office,3,1207.85,205.52
ORD-6710,2025-05-13,Technology,Monitors,West,Consumer,5,2491.98,543.39
ORD-2234,2025-05-14,Technology,Laptops,West,Consumer,5,2165.62,444.28
ORD-2999,2025-05-14,Technology,Monitors,South,Corporate,6,2626.97,496.17
ORD-2110,2025-05-14,Furniture,Desks,West,Consumer,7,2167.0,268.69
ORD-5403,2025-05-14,Technology,Printers,Central,Consumer,3,1086.92,142.25
ORD-4711,2025-05-14,Technology,Accessories,Central,Consumer,5,2529.22,317.63
ORD-2288,2025-05-14,Office Supplies,Pens,Central,Consumer,2,79.61,12.99
ORD-4319,2025-05-15,Office Supplies,Pens,East,Home Office,7,319.71,50.14
ORD-5319,2025-05-15,Office Supplies,Pens,East,Consumer,5,195.39,26.11
ORD-2273,2025-05-15,Office Supplies,Binders,Central,Corporate,3,141.76,25.45
ORD-2339,2025-05-16,Technology,Monitors,West,Corporate,2,790.45,88.14
ORD-4573,2025-05-16,Office Supplies,Binders,West,Consumer,6,213.32,30.19
ORD-6954,2025-05-16,Technology,Monitors,West,Consumer,2,806.47,178.1
ORD-1849,2025-05-16,Office Supplies,Binders,South,Consumer,3,129.31,32.19
ORD-6539,2025-05-16,Technology,Monitors,South,Corporate,7,3076.75,427.12
ORD-4400,2025-05-16,Furniture,Tables,Central,Consumer,2,590.35,57.34
ORD-5392,2025-05-17,Technology,Monitors,East,Consumer,2,871.43,115.74
ORD-1177,2025-05-17,Technology,Printers,South,Consumer,4,1488.49,269.94
ORD-2935,2025-05-17,Office Supplies,Paper,South,Corporate,2,71.67,20.18
ORD-2199,2025-05-17,Office Supplies,Pens,West,Consumer,3,100.05,13.5
ORD-3769,2025-05-17,Furniture,Tables,West,Home Office,7,2508.32,304.79
ORD-5414,2025-05-17,Office Supplies,Binders,East,Corporate,1,34.97,4.66
ORD-3449,2025-05-17,Office Supplies,Storage,Central,Corporate,6,227.84,32.31
ORD-1790,2025-05-18,Office Supplies,Binders,Central,Consumer,4,163.18,43.6
ORD-1693,2025-05-18,Office Supplies,Paper,West,Consumer,7,280.06,58.99
ORD-2150,2025-05-18,Furniture,Tables,East,Consumer,4,1244.07,97.12
ORD-6184,2025-05-18,Office Supplies,Pens,South,Home Office,5,234.54,49.45
ORD-3023,2025-05-18,Office Supplies,Paper,West,Consumer,4,177.56,32.42
ORD-5860,2025-05-18,Furniture,Tables,East,Consumer,3,858.66,113.22
ORD-2928,2025-05-19,Furniture,Chairs,East,Corporate,5,1560.4,176.74
ORD-5994,2025-05-19,Office Supplies,Paper,South,Corporate,3,130.57,20.1
ORD-3378,2025-05-19,Technology,Accessories,Central,Corporate,7,3397.15,471.66
ORD-4144,2025-05-20,Office Supplies,Paper,East,Corporate,7,240.52,58.09
ORD-5616,2025-05-20,Furniture,Desks,South,Home Office,1,329.82,33.04
ORD-4682,2025-05-20,Technology,Printers,Central,Home Office,2,1069.05,215.85
ORD-6855,2025-05-20,Furniture,Tables,Central,Home Office,4,1353.82,150.14
ORD-5958,2025-05-20,Office Supplies,Binders,West,Consumer,4,188.68,34.03
ORD-4290,2025-05-20,Furniture,Chairs,Central,Consumer,3,749.32,96.89
ORD-5693,2025-05-20,Office Supplies,Binders,West,Consumer,5,208.87,58.12
ORD-4874,2025-05-20,Technology,Accessories,East,Corporate,4,1898.4,415.7
ORD-2985,2025-05-20,Furniture,Bookcases,East,Home Office,5,1705.02,154.18
ORD-2753,2025-05-21,Office Supplies,Binders,East,Consumer,6,240.45,64.57
ORD-3948,2025-05-21,Technology,Printers,South,Consumer,5,2122.75,469.0
ORD-5080,2025-05-21,Office Supplies,Paper,West,Corporate,4,163.56,33.04
ORD-4959,2025-05-21,Furniture,Chairs,East,Consumer,5,1662.75,171.41
ORD-6096,2025-05-21,Office Supplies,Paper,South,Corporate,3,136.0,36.56
ORD-6881,2025-05-21,Furniture,Bookcases,South,Consumer,2,556.42,84.3
ORD-2804,2025-05-22,Office Supplies,Storage,East,Home Office,7,283.6,54.54
ORD-2159,2025-05-22,Office Supplies,Pens,Central,Corporate,4,158.69,-10.85
ORD-4374,2025-05-22,Furniture,Chairs,South,Corporate,4,1165.31,139.31
ORD-5717,2025-05-22,Office Supplies,Paper,West,Home Office,7,233.71,62.89
ORD-4941,2025-05-22,Office Supplies,Binders,Central,Consumer,7,225.52,41.16
ORD-6729,2025-05-22,Technology,Accessories,Central,Home Office,1,360.74,52.33
ORD-4394,2025-05-22,Furniture,Chairs,East,Consumer,3,840.77,109.88
ORD-3302,2025-05-23,Office Supplies,Pens,East,Consumer,1,42.37,11.43
ORD-4422,2025-05-23,Office Supplies,Paper,Central,Consumer,7,306.76,82.25
ORD-3076,2025-05-23,Technology,Printers,Central,Corporate,2,812.03,118.09
ORD-4882,2025-05-23,Technology,Monitors,West,Home Office,2,799.3,162.16
ORD-3099,2025-05-23,Technology,Monitors,Central,Home Office,1,411.47,91.99
ORD-5723,2025-05-23,Office Supplies,Storage,West,Corporate,3,104.11,21.65
ORD-5816,2025-05-23,Technology,Printers,Central,Home Office,7,3318.23,705.91
ORD-1998,2025-05-24,Technology,Printers,Central,Consumer,4,1961.56,258.7
ORD-3607,2025-05-24,Technology,Laptops,Central,Home Office,3,1143.13,234.42
ORD-3261,2025-05-24,Furniture,Bookcases,East,Corporate,2,504.86,59.38
ORD-5004,2025-05-24,Technology,Monitors,Central,Home Office,2,779.83,94.89
ORD-4707,2025-05-24,Furniture,Desks,South,Corporate,7,2109.23,259.42
ORD-1085,2025-05-24,Office Supplies,Binders,South,Consumer,2,88.61,-5.24
ORD-5149,2025-05-25,Office Supplies,Binders,Central,Corporate,4,172.51,37.91
ORD-5379,2025-05-25,Office Supplies,Binders,East,Corporate,2,90.48,24.33
ORD-6315,2025-05-25,Office Supplies,Binders,South,Consumer,4,175.7,23.84
ORD-6382,2025-05-25,Technology,Printers,East,Consumer,6,2482.02,281.36
ORD-1172,2025-05-25,Technology,Laptops,Central,Consumer,2,887.57,194.17
ORD-1672,2025-05-25,Technology,Laptops,East,Consumer,7,2766.65,477.69
ORD-5300,2025-05-25,Office Supplies,Pens,South,Home Office,2,68.52,12.69
ORD-6043,2025-05-25,Technology,Printers,East,Home Office,5,2437.62,567.66
ORD-2134,2025-05-26,Office Supplies,Storage,South,Corporate,5,191.49,27.08
ORD-4732,2025-05-26,Technology,Accessories,West,Consumer,7,2808.96,324.95
ORD-5612,2025-05-26,Office Supplies,Binders,Central,Consumer,3,99.61,25.9
ORD-2418,2025-05-26,Technology,Laptops,South,Consumer,6,2943.61,403.15
ORD-6512,2025-05-26,Technology,Monitors,South,Consumer,1,417.04,82.59
ORD-4313,2025-05-26,Furniture,Desks,East,Home Office,6,1709.96,155.14
ORD-4183,2025-05-26,Office Supplies,Binders,East,Corporate,4,132.99,20.35
ORD-1971,2025-05-27,Office Supplies,Pens,Central,Corporate,3,141.44,23.46
ORD-2381,2025-05-27,Office Supplies,Pens,East,Consumer,1,47.26,12.82
ORD-4969,2025-05-27,Furniture,Bookcases,West,Home Office,7,2111.02,265.1
ORD-5946,2025-05-27,Technology,Laptops,West,Consumer,6,2297.25,336.09
ORD-3142,2025-05-27,Office Supplies,Paper,Central,Home Office,6,242.09,51.26
ORD-3455,2025-05-27,Furniture,Bookcases,Central,Consumer,4,1383.66,125.51
ORD-4305,2025-05-27,Technology,Printers,South,Corporate,5,1887.97,352.67
ORD-1339,2025-05-27,Technology,Printers,South,Corporate,4,1791.12,340.64
ORD-4279,2025-05-27,Furniture,Bookcases,East,Home Office,5,1479.2,216.69
ORD-4375,2025-05-27,Office Supplies,Paper,East,Consumer,4,135.05,23.51
ORD-2136,2025-05-28,Office Supplies,Binders,South,Consumer,7,252.59,54.45
ORD-4481,2025-05-28,Office Supplies,Storage,Central,Consumer,5,198.65,38.26
ORD-1050,2025-05-28,Furniture,Desks,West,Consumer,7,1970.9,218.83
ORD-4286,2025-05-28,Office Supplies,Paper,East,Home Office,5,182.29,50.3
ORD-4674,2025-05-28,Technology,Printers,West,Corporate,4,1971.13,315.17
ORD-6869,2025-05-28,Office Supplies,Paper,West,Home Office,4,163.28,22.92
ORD-6433,2025-05-28,Office Supplies,Storage,Central,Home Office,2,88.13,24.03
ORD-3527,2025-05-28,Technology,Monitors,South,Corporate,6,2809.66,361.06
ORD-6166,2025-05-28,Furniture,Tables,West,Home Office,6,1770.88,230.36
ORD-6090,2025-05-29,Office Supplies,Paper,West,Consumer,3,127.54,29.34
ORD-3341,2025-05-29,Office Supplies,Storage,South,Corporate,6,229.86,63.57
ORD-3867,2025-05-29,Office Supplies,Paper,South,Consumer,7,306.31,51.05
ORD-6758,2025-05-29,Technology,Laptops,Central,Corporate,5,2629.38,606.7
ORD-2607,2025-05-29,Furniture,Tables,Central,Corporate,1,241.78,24.57
ORD-4169,2025-05-29,Furniture,Tables,East,Consumer,3,940.18,78.19
ORD-2140,2025-05-30,Office Supplies,Paper,West,Consumer,1,33.92,8.0
ORD-2446,2025-05-30,Technology,Monitors,East,Home Office,4,1758.35,205.74
ORD-2107,2025-05-30,Technology,Accessories,East,Home Office,5,1975.09,395.4
ORD-5056,2025-05-30,Office Supplies,Paper,West,Home Office,6,194.09,27.07
ORD-6130,2025-05-30,Furniture,Bookcases,West,Corporate,3,804.16,81.37
ORD-1508,2025-05-30,Office Supplies,Pens,South,Home Office,5,219.85,58.07
ORD-1555,2025-05-30,Office Supplies,Binders,Central,Corporate,4,149.76,-20.75
ORD-1795,2025-05-30,Furniture,Chairs,South,Consumer,7,2214.17,301.86
ORD-5318,2025-05-30,Office Supplies,Paper,East,Corporate,2,64.3,16.1
ORD-5906,2025-05-30,Furniture,Bookcases,South,Home Office,7,2246.82,194.33
ORD-6440,2025-05-30,Technology,Monitors,South,Home Office,4,1546.45,328.85
ORD-5815,2025-05-30,Office Supplies,Binders,East,Corporate,6,253.7,-61.43
ORD-6733,2025-05-31,Technology,Accessories,South,Home Office,6,3181.1,473.28
ORD-4958,2025-05-31,Technology,Accessories,Central,Home Office,5,2517.95,340.3
ORD-4275,2025-05-31,Furniture,Chairs,East,Consumer,5,1790.36,207.57
ORD-6210,2025-05-31,Office Supplies,Binders,South,Corporate,4,178.48,29.5
ORD-3316,2025-05-31,Office Supplies,Pens,South,Consumer,3,139.32,33.77
ORD-4482,2025-05-31,Technology,Monitors,East,Corporate,4,1817.28,227.98
ORD-1513,2025-05-31,Furniture,Tables,South,Home Office,7,2459.67,369.07
ORD-2700,2025-05-31,Furniture,Chairs,West,Consumer,3,1027.13,95.87
ORD-4442,2025-05-31,Technology,Accessories,Central,Consumer,2,1063.17,246.17
ORD-6534,2025-05-31,Office Supplies,Paper,Central,Home Office,5,194.28,53.72
ORD-2634,2025-06-01,Technology,Printers,Central,Corporate,2,885.72,108.61
ORD-1719,2025-06-01,Office Supplies,Binders,West,Home Office,1,45.51,11.04
ORD-3138,2025-06-01,Technology,Accessories,East,Corporate,1,490.32,87.86
ORD-3348,2025-06-01,Office Supplies,Binders,Central,Home Office,4,146.97,34.26
ORD-4478,2025-06-01,Office Supplies,Binders,Central,Home Office,4,181.81,49.18
ORD-4016,2025-06-01,Technology,Laptops,Central,Corporate,1,416.47,55.25
ORD-6320,2025-06-01,Office Supplies,Storage,West,Corporate,2,71.98,17.54
ORD-6852,2025-06-01,Furniture,Desks,South,Consumer,7,2307.57,254.92
ORD-3675,2025-06-01,Office Supplies,Pens,West,Home Office,4,190.2,49.54
ORD-4936,2025-06-01,Technology,Printers,West,Consumer,7,3317.63,609.12
ORD-4881,2025-06-02,Technology,Accessories,West,Home Office,4,1633.4,278.18
ORD-1383,2025-06-02,Office Supplies,Pens,South,Corporate,7,268.95,41.81
ORD-2980,2025-06-02,Office Supplies,Pens,East,Home Office,3,99.19,17.4
ORD-2633,2025-06-03,Furniture,Desks,East,Home Office,5,1368.35,162.52
ORD-1026,2025-06-03,Office Supplies,Storage,South,Home Office,4,188.19,39.85
ORD-4556,2025-06-03,Furniture,Chairs,East,Consumer,5,1445.08,185.45
ORD-4926,2025-06-03,Office Supplies,Storage,Central,Home Office,5,219.24,-13.48
ORD-4596,2025-06-03,Office Supplies,Paper,East,Consumer,7,275.81,66.09
ORD-5241,2025-06-03,Office Supplies,Binders,West,Corporate,2,95.43,15.47
ORD-6383,2025-06-03,Office Supplies,Binders,East,Corporate,2,66.65,11.45
ORD-4156,2025-06-03,Furniture,Chairs,East,Home Office,4,1111.21,80.82
ORD-3280,2025-06-03,Furniture,Bookcases,South,Consumer,5,1221.11,94.04
ORD-2775,2025-06-03,Technology,Accessories,East,Corporate,4,1744.59,374.44
ORD-4676,2025-06-04,Office Supplies,Pens,West,Corporate,2,76.39,16.95
ORD-4531,2025-06-04,Office Supplies,Paper,South,Consumer,3,98.49,18.97
ORD-3224,2025-06-04,Furniture,Tables,Central,Consumer,6,2119.87,225.62
ORD-6482,2025-06-04,Office Supplies,Binders,West,Home Office,4,170.3,45.14
ORD-6990,2025-06-04,Office Supplies,Binders,Central,Corporate,1,35.08,4.72
ORD-4809,2025-06-04,Office Supplies,Pens,Central,Home Office,3,134.81,35.2
ORD-4381,2025-06-05,Office Supplies,Pens,East,Corporate,4,179.21,33.04
ORD-2871,2025-06-05,Office Supplies,Paper,East,Consumer,5,234.86,40.59
ORD-4462,2025-06-05,Office Supplies,Paper,East,Corporate,4,173.34,42.61
ORD-1676,2025-06-05,Furniture,Tables,East,Home Office,6,1902.3,180.99
ORD-4597,2025-06-05,Office Supplies,Paper,Central,Home Office,2,66.12,17.43
ORD-2116,2025-06-05,Technology,Laptops,South,Corporate,4,1739.36,290.68
ORD-5003,2025-06-05,Technology,Laptops,West,Home Office,4,2017.46,240.84
ORD-5216,2025-06-05,Office Supplies,Pens,West,Home Office,6,217.54,43.58
ORD-2263,2025-06-06,Office Supplies,Pens,South,Corporate,3,109.22,20.59
ORD-3102,2025-06-06,Technology,Monitors,East,Home Office,5,2101.94,323.13
ORD-2624,2025-06-06,Technology,Printers,East,Consumer,5,2436.54,469.35
ORD-6856,2025-06-06,Office Supplies,Binders,East,Corporate,3,102.04,-6.76
ORD-5690,2025-06-06,Office Supplies,Pens,South,Consumer,2,89.95,23.92
ORD-4418,2025-06-06,Furniture,Bookcases,Central,Corporate,7,1754.96,211.58
ORD-6381,2025-06-06,Furniture,Desks,South,Home Office,4,1167.9,118.31
ORD-2982,2025-06-06,Office Supplies,Pens,Central,Consumer,1,37.61,5.33
ORD-5150,2025-06-06,Office Supplies,Binders,South,Consumer,5,184.14,29.62
ORD-2517,2025-06-06,Furniture,Bookcases,West,Consumer,7,1815.59,187.46
ORD-1789,2025-06-07,Furniture,Tables,South,Corporate,4,1188.22,161.1
ORD-2644,2025-06-07,Furniture,Desks,Central,Consumer,4,1063.08,151.06
ORD-3409,2025-06-07,Office Supplies,Pens,South,Consumer,3,96.02,13.11
ORD-4149,2025-06-07,Technology,Monitors,South,Home Office,4,1551.5,182.29
ORD-3744,2025-06-07,Technology,Laptops,South,Consumer,2,833.37,152.24
ORD-3787,2025-06-07,Furniture,Tables,East,Consumer,6,1491.09,148.91
ORD-4621,2025-06-07,Technology,Accessories,South,Home Office,5,1916.07,298.24
ORD-4576,2025-06-07,Office Supplies,Storage,West,Consumer,3,103.64,16.99
ORD-5453,2025-06-07,Furniture,Desks,Central,Corporate,2,702.55,82.59
ORD-6892,2025-06-07,Technology,Laptops,Central,Consumer,1,519.18,59.09
ORD-2708,2025-06-08,Office Supplies,Pens,East,Home Office,3,117.02,26.2
ORD-1226,2025-06-08,Office Supplies,Paper,East,Home Office,3,96.36,26.05
ORD-4281,2025-06-08,Furniture,Desks,East,Consumer,4,1154.4,132.84
ORD-3890,2025-06-08,Technology,Accessories,East,Home Office,6,3036.48,532.09
ORD-5727,2025-06-08,Furniture,Chairs,West,Home Office,7,1783.52,130.11
ORD-2545,2025-06-08,Furniture,Tables,West,Home Office,4,983.31,120.66
ORD-6665,2025-06-08,Furniture,Desks,South,Corporate,2,500.16,39.37
ORD-6241,2025-06-08,Technology,Printers,West,Corporate,5,2528.29,340.51
ORD-1766,2025-06-08,Furniture,Chairs,East,Corporate,2,504.14,52.95
ORD-1711,2025-06-08,Technology,Accessories,South,Corporate,6,2411.35,276.78
ORD-4611,2025-06-09,Office Supplies,Pens,South,Consumer,4,135.25,37.9
ORD-3935,2025-06-09,Furniture,Bookcases,East,Corporate,7,1862.12,135.03
ORD-3056,2025-06-09,Office Supplies,Binders,East,Corporate,4,137.23,24.12
ORD-4864,2025-06-10,Office Supplies,Pens,East,Home Office,6,196.24,53.77
ORD-6051,2025-06-10,Furniture,Bookcases,South,Consumer,4,1038.43,119.66
ORD-4751,2025-06-10,Technology,Accessories,South,Consumer,7,3636.09,570.56
ORD-6508,2025-06-10,Office Supplies,Paper,Central,Consumer,4,169.29,33.53
ORD-3904,2025-06-10,Office Supplies,Pens,Central,Consumer,6,244.93,38.39
ORD-3861,2025-06-10,Furniture,Bookcases,West,Consumer,2,549.16,39.96
ORD-3580,2025-06-10,Office Supplies,Pens,West,Corporate,4,170.87,28.72
ORD-6384,2025-06-10,Technology,Monitors,South,Corporate,2,970.41,169.89
ORD-2342,2025-06-10,Technology,Monitors,West,Consumer,7,2969.69,361.25
ORD-4951,2025-06-10,Office Supplies,Paper,West,Corporate,4,155.56,36.47
ORD-6023,2025-06-10,Office Supplies,Paper,Central,Home Office,7,225.74,49.6
ORD-2365,2025-06-11,Technology,Printers,West,Consumer,2,989.19,161.81
ORD-1101,2025-06-11,Office Supplies,Binders,Central,Home Office,2,72.96,11.73
ORD-6195,2025-06-11,Office Supplies,Binders,East,Corporate,7,226.7,57.68
ORD-5751,2025-06-11,Office Supplies,Paper,West,Consumer,5,235.86,-39.52
ORD-1434,2025-06-11,Technology,Printers,West,Consumer,5,2193.73,480.92
ORD-4922,2025-06-11,Technology,Accessories,South,Corporate,7,3540.42,436.13
ORD-1827,2025-06-11,Technology,Monitors,West,Corporate,3,1107.63,152.12
ORD-6541,2025-06-11,Office Supplies,Paper,South,Home Office,4,154.41,31.68
ORD-3657,2025-06-11,Technology,Laptops,East,Corporate,1,371.05,83.04
ORD-4352,2025-06-11,Office Supplies,Paper,West,Home Office,6,279.83,68.71
ORD-1035,2025-06-11,Technology,Printers,South,Consumer,1,539.02,90.13
ORD-3156,2025-06-12,Technology,Monitors,South,Home Office,4,1954.04,220.1
ORD-4071,2025-06-12,Office Supplies,Storage,West,Home Office,3,102.56,20.87
ORD-6962,2025-06-12,Furniture,Desks,West,Corporate,5,1642.67,152.08
ORD-5205,2025-06-12,Technology,Printers,West,Corporate,4,2035.68,452.12
ORD-5095,2025-06-12,Office Supplies,Storage,West,Consumer,7,299.1,58.02
ORD-3089,2025-06-12,Office Supplies,Paper,West,Corporate,3,125.67,31.73
ORD-2702,2025-06-12,Office Supplies,Binders,South,Consumer,2,94.24,19.31
ORD-2709,2025-06-12,Technology,Accessories,South,Home Office,3,1432.96,158.17
ORD-6630,2025-06-12,Technology,Laptops,Central,Home Office,4,1762.68,390.68
ORD-3896,2025-06-13,Technology,Laptops,East,Home Office,6,2505.24,416.79
ORD-1462,2025-06-13,Office Supplies,Storage,South,Corporate,6,201.78,-27.59
ORD-2953,2025-06-13,Furniture,Desks,East,Home Office,5,1216.58,171.78
ORD-4445,2025-06-13,Office Supplies,Paper,West,Corporate,3,139.91,24.34
ORD-4764,2025-06-13,Technology,Accessories,South,Home Office,4,1548.81,350.81
ORD-2894,2025-06-13,Technology,Printers,West,Corporate,6,3204.7,673.75
ORD-4781,2025-06-13,Technology,Printers,East,Home Office,7,2856.11,335.03
ORD-5762,2025-06-13,Office Supplies,Pens,East,Home Office,2,65.93,12.19
ORD-6719,2025-06-13,Furniture,Bookcases,South,Home Office,2,645.92,88.95
ORD-4234,2025-06-13,Office Supplies,Paper,East,Home Office,5,233.98,63.49
ORD-2778,2025-06-13,Technology,Accessories,Central,Corporate,3,1242.1,252.53
ORD-6409,2025-06-13,Technology,Monitors,South,Corporate,4,1469.77,296.7
ORD-4398,2025-06-13,Office Supplies,Storage,West,Consumer,1,36.45,8.07
ORD-2336,2025-06-13,Office Supplies,Pens,South,Corporate,2,69.59,12.38
ORD-1910,2025-06-14,Office Supplies,Binders,Central,Consumer,2,74.69,12.61
ORD-3575,2025-06-14,Office Supplies,Storage,West,Corporate,2,87.87,17.38
ORD-1084,2025-06-14,Furniture,Chairs,South,Home Office,4,1103.02,127.93
ORD-4282,2025-06-14,Furniture,Tables,South,Corporate,1,319.36,45.72
ORD-6280,2025-06-15,Technology,Laptops,West,Consumer,2,801.39,132.94
ORD-2977,2025-06-15,Furniture,Desks,South,Corporate,7,1853.05,235.35
ORD-5022,2025-06-15,Office Supplies,Paper,Central,Home Office,2,75.17,17.7
ORD-3646,2025-06-15,Office Supplies,Pens,South,Corporate,3,136.47,33.41
ORD-1919,2025-06-15,Furniture,Desks,East,Home Office,3,1079.81,150.52
ORD-3709,2025-06-15,Office Supplies,Paper,East,Consumer,7,292.29,61.54
ORD-2513,2025-06-15,Technology,Monitors,South,Home Office,7,3090.49,428.5
ORD-2612,2025-06-15,Technology,Monitors,Central,Home Office,3,1484.87,185.86
ORD-6649,2025-06-15,Furniture,Chairs,West,Corporate,6,1989.6,154.48
ORD-4526,2025-06-16,Technology,Monitors,West,Corporate,5,2493.81,522.08
ORD-3236,2025-06-16,Office Supplies,Paper,South,Corporate,3,137.37,32.59
ORD-1938,2025-06-16,Furniture,Bookcases,West,Consumer,5,1678.45,222.38
ORD-5623,2025-06-16,Furniture,Bookcases,Central,Home Office,3,1050.71,154.93
ORD-3885,2025-06-16,Office Supplies,Paper,Central,Consumer,6,244.16,42.45
ORD-4351,2025-06-16,Furniture,Chairs,West,Corporate,5,1704.11,240.7
ORD-4277,2025-06-16,Furniture,Chairs,West,Home Office,3,824.67,115.28
ORD-2020,2025-06-16,Office Supplies,Paper,West,Corporate,1,40.81,7.29
ORD-6715,2025-06-16,Technology,Accessories,East,Home Office,4,1760.62,248.47
ORD-2572,2025-06-16,Office Supplies,Paper,Central,Consumer,2,90.06,15.38
ORD-6707,2025-06-16,Technology,Printers,West,Consumer,4,1654.91,225.11
ORD-2217,2025-06-16,Technology,Accessories,West,Corporate,5,2198.99,399.82
ORD-4838,2025-06-17,Office Supplies,Paper,Central,Corporate,5,214.42,44.82
ORD-2793,2025-06-17,Technology,Accessories,West,Corporate,4,2056.73,409.2
ORD-4068,2025-06-17,Furniture,Desks,South,Corporate,4,1169.35,95.74
ORD-1627,2025-06-17,Office Supplies,Paper,East,Consumer,6,221.52,56.41
ORD-2924,2025-06-17,Technology,Laptops,East,Home Office,4,1626.3,239.02
ORD-4263,2025-06-17,Technology,Laptops,West,Consumer,7,2846.58,582.57
ORD-1582,2025-06-17,Office Supplies,Paper,Central,Consumer,6,243.87,48.39
ORD-5020,2025-06-18,Furniture,Tables,West,Home Office,6,1910.11,293.25
ORD-1874,2025-06-18,Technology,Laptops,West,Consumer,6,2236.35,343.4
ORD-2399,2025-06-18,Technology,Printers,South,Consumer,6,2929.79,521.3
ORD-6686,2025-06-18,Office Supplies,Pens,South,Consumer,1,45.98,7.15
ORD-6394,2025-06-18,Office Supplies,Paper,Central,Home Office,1,37.86,5.53
ORD-4617,2025-06-18,Technology,Monitors,South,Corporate,6,2526.67,573.01
ORD-5601,2025-06-18,Office Supplies,Paper,South,Home Office,4,174.21,23.86
ORD-6088,2025-06-18,Furniture,Bookcases,East,Consumer,6,1896.48,147.93
ORD-1197,2025-06-18,Technology,Monitors,South,Home Office,4,1554.87,338.72
ORD-4602,2025-06-19,Office Supplies,Binders,West,Consumer,4,188.81,37.33
ORD-2366,2025-06-19,Office Supplies,Binders,East,Home Office,5,190.31,-13.4
ORD-4727,2025-06-19,Office Supplies,Pens,Central,Consumer,3,111.41,26.28
ORD-2986,2025-06-19,Office Supplies,Pens,Central,Consumer,5,197.64,27.49
ORD-3504,2025-06-19,Furniture,Bookcases,South,Consumer,2,625.47,70.74
ORD-6696,2025-06-19,Office Supplies,Paper,South,Consumer,7,233.36,50.66
ORD-3893,2025-06-19,Furniture,Desks,South,Corporate,4,1230.56,163.69
ORD-6340,2025-06-19,Furniture,Chairs,South,Home Office,1,353.51,48.12
ORD-5371,2025-06-19,Furniture,Bookcases,South,Home Office,7,2402.46,347.73
ORD-6331,2025-06-19,Technology,Monitors,South,Consumer,7,3085.68,655.31
ORD-2716,2025-06-19,Technology,Laptops,East,Consumer,7,3090.23,676.86
ORD-5036,2025-06-20,Technology,Laptops,South,Home Office,4,1654.14,194.06
ORD-2795,2025-06-20,Office Supplies,Paper,East,Corporate,4,134.55,27.09
ORD-4675,2025-06-20,Furniture,Tables,South,Home Office,4,964.67,124.06
ORD-2341,2025-06-20,Technology,Laptops,Central,Home Office,5,2387.69,408.98
ORD-3651,2025-06-20,Furniture,Desks,East,Home Office,3,1018.97,93.63
ORD-5086,2025-06-21,Technology,Monitors,East,Consumer,6,2625.17,325.26
ORD-1134,2025-06-21,Office Supplies,Storage,East,Home Office,4,169.15,46.05
ORD-5960,2025-06-21,Office Supplies,Pens,South,Consumer,1,40.76,9.75
ORD-4967,2025-06-21,Furniture,Tables,Central,Consumer,4,1071.79,143.47
ORD-4176,2025-06-21,Office Supplies,Storage,South,Corporate,5,239.92,38.36
ORD-6230,2025-06-21,Technology,Printers,West,Home Office,5,2144.39,266.99
ORD-6813,2025-06-21,Technology,Accessories,East,Consumer,6,2714.77,465.51
ORD-3367,2025-06-22,Furniture,Desks,Central,Consumer,7,1739.85,260.03
ORD-3482,2025-06-22,Technology,Printers,South,Home Office,7,2558.89,329.77
ORD-2014,2025-06-22,Office Supplies,Paper,South,Home Office,7,335.97,50.26
ORD-2867,2025-06-22,Technology,Accessories,East,Home Office,1,360.67,50.8
ORD-1399,2025-06-22,Office Supplies,Storage,East,Corporate,6,247.6,34.32
ORD-1979,2025-06-22,Office Supplies,Paper,West,Consumer,7,231.47,31.44
ORD-4409,2025-06-22,Furniture,Chairs,West,Home Office,3,847.86,80.94
ORD-4813,2025-06-23,Office Supplies,Pens,South,Corporate,2,76.23,19.93
ORD-4937,2025-06-23,Technology,Printers,Central,Consumer,3,1388.81,192.39
ORD-2580,2025-06-23,Technology,Accessories,East,Consumer,1,518.71,97.82
ORD-5511,2025-06-23,Technology,Laptops,South,Home Office,4,1775.38,250.05
ORD-2156,2025-06-23,Furniture,Desks,Central,Home Office,1,314.5,41.64
ORD-1626,2025-06-23,Office Supplies,Storage,South,Consumer,4,176.22,36.83
ORD-3571,2025-06-23,Office Supplies,Storage,West,Consumer,2,67.3,14.78
ORD-1554,2025-06-23,Technology,Printers,South,Corporate,5,1809.26,358.64
ORD-2637,2025-06-23,Technology,Laptops,South,Home Office,6,3198.95,378.31
ORD-1352,2025-06-24,Furniture,Bookcases,South,Corporate,2,482.81,51.88
ORD-3751,2025-06-24,Office Supplies,Storage,East,Corporate,5,164.55,24.0
ORD-2848,2025-06-24,Furniture,Chairs,East,Corporate,2,669.91,84.72
ORD-2293,2025-06-24,Furniture,Chairs,East,Consumer,1,302.46,38.43
ORD-3590,2025-06-24,Office Supplies,Paper,West,Home Office,1,41.95,10.02
ORD-6822,2025-06-24,Furniture,Bookcases,South,Consumer,1,325.0,32.61
ORD-1456,2025-06-24,Office Supplies,Storage,West,Corporate,6,205.82,32.62
ORD-6471,2025-06-24,Office Supplies,Storage,Central,Home Office,4,178.41,27.73
ORD-3255,2025-06-25,Technology,Laptops,West,Home Office,6,2564.21,522.74
ORD-1138,2025-06-25,Office Supplies,Paper,Central,Consumer,6,253.93,38.69
ORD-1834,2025-06-25,Office Supplies,Binders,West,Consumer,3,106.55,28.82
ORD-3278,2025-06-25,Furniture,Desks,West,Corporate,3,997.46,81.06
ORD-3804,2025-06-25,Office Supplies,Binders,Central,Consumer,6,252.23,65.42
ORD-2102,2025-06-26,Office Supplies,Pens,Central,Corporate,7,248.11,68.75
ORD-2504,2025-06-26,Technology,Accessories,West,Home Office,3,1584.02,234.36
ORD-5695,2025-06-26,Technology,Laptops,Central,Consumer,4,1524.81,176.53
ORD-3684,2025-06-26,Furniture,Chairs,West,Corporate,3,804.19,61.53
ORD-4498,2025-06-26,Furniture,Bookcases,South,Consumer,2,696.45,64.48
ORD-2738,2025-06-26,Technology,Laptops,South,Home Office,2,746.3,124.07
ORD-6006,2025-06-27,Office Supplies,Pens,East,Home Office,3,105.27,30.01
ORD-2713,2025-06-27,Furniture,Tables,West,Corporate,2,555.22,57.73
ORD-6709,2025-06-27,Furniture,Chairs,South,Home Office,5,1300.47,98.86
ORD-5307,2025-06-28,Furniture,Desks,South,Home Office,3,995.35,78.23
ORD-2963,2025-06-28,Furniture,Tables,West,Home Office,6,1751.45,163.67
ORD-3183,2025-06-28,Technology,Printers,Central,Consumer,5,2151.63,440.06
ORD-4507,2025-06-28,Office Supplies,Pens,Central,Consumer,1,44.94,6.62
ORD-3494,2025-06-29,Furniture,Desks,East,Corporate,2,605.74,74.55
ORD-3006,2025-06-29,Technology,Laptops,West,Corporate,3,1186.73,199.89
ORD-4907,2025-06-29,Technology,Laptops,East,Consumer,3,1115.93,239.13
ORD-1274,2025-06-30,Office Supplies,Storage,West,Home Office,2,74.82,12.46
ORD-1278,2025-06-30,Furniture,Bookcases,South,Home Office,6,1982.29,187.57
ORD-6936,2025-06-30,Furniture,Desks,West,Consumer,4,962.5,124.5
ORD-6536,2025-06-30,Technology,Accessories,South,Home Office,5,2581.58,499.52
ORD-5395,2025-06-30,Technology,Monitors,South,Consumer,3,1319.28,240.13
ORD-2162,2025-06-30,Office Supplies,Storage,West,Home Office,3,129.96,33.3
ORD-5971,2025-06-30,Furniture,Desks,West,Consumer,4,1075.27,80.91
ORD-5088,2025-07-01,Office Supplies,Pens,Central,Home Office,7,147.13,22.35
ORD-1973,2025-07-01,Office Supplies,Pens,West,Consumer,3,63.51,9.48
ORD-2155,2025-07-01,Office Supplies,Paper,East,Home Office,3,57.35,12.48
ORD-4052,2025-07-01,Technology,Laptops,West,Consumer,4,1995.13,420.08
ORD-1678,2025-07-01,Office Supplies,Paper,West,Home Office,1,19.97,3.4
ORD-2922,2025-07-01,Technology,Laptops,Central,Home Office,1,384.67,49.94
ORD-6126,2025-07-01,Office Supplies,Binders,West,Consumer,4,83.53,21.22
ORD-1483,2025-07-01,Furniture,Bookcases,East,Consumer,7,2313.25,335.89
ORD-6335,2025-07-01,Office Supplies,Binders,East,Home Office,4,99.7,19.58
ORD-2170,2025-07-01,Furniture,Desks,West,Corporate,4,1382.02,101.02
ORD-6064,2025-07-01,Office Supplies,Binders,East,Consumer,4,85.54,19.91
ORD-6981,2025-07-02,Furniture,Bookcases,East,Corporate,7,2180.66,255.75
ORD-5536,2025-07-02,Office Supplies,Storage,Central,Corporate,5,123.57,25.8
ORD-3598,2025-07-02,Furniture,Bookcases,East,Home Office,3,825.25,97.64
ORD-5472,2025-07-02,Furniture,Tables,West,Corporate,6,1512.95,168.33
ORD-1311,2025-07-02,Furniture,Desks,East,Corporate,3,1047.32,122.8
ORD-1550,2025-07-02,Technology,Laptops,East,Corporate,5,2570.84,548.15
ORD-5652,2025-07-03,Office Supplies,Binders,East,Consumer,4,88.69,16.77
ORD-6437,2025-07-03,Technology,Accessories,East,Corporate,6,3119.66,337.95
ORD-2405,2025-07-03,Office Supplies,Paper,West,Home Office,3,61.98,10.11
ORD-5660,2025-07-03,Furniture,Desks,West,Home Office,6,1487.91,197.26
ORD-6787,2025-07-03,Office Supplies,Pens,West,Consumer,4,103.6,18.78
ORD-4108,2025-07-03,Office Supplies,Paper,South,Corporate,6,121.97,32.04
ORD-6808,2025-07-03,Office Supplies,Binders,East,Home Office,6,141.45,22.86
ORD-4980,2025-07-04,Technology,Monitors,East,Corporate,2,845.56,129.37
ORD-5782,2025-07-05,Office Supplies,Paper,West,Consumer,1,20.19,3.22
ORD-5317,2025-07-05,Office Supplies,Pens,East,Consumer,7,145.09,21.88
ORD-2866,2025-07-05,Furniture,Tables,South,Consumer,2,710.58,58.32
ORD-2037,2025-07-05,Furniture,Bookcases,West,Corporate,2,556.81,59.82
ORD-2601,2025-07-05,Office Supplies,Pens,Central,Consumer,2,50.94,14.14
ORD-1016,2025-07-05,Technology,Accessories,Central,Home Office,3,1167.06,262.75
ORD-4718,2025-07-06,Office Supplies,Binders,South,Consumer,5,121.56,34.09
ORD-5993,2025-07-06,Office Supplies,Binders,South,Corporate,2,47.96,10.95
ORD-5155,2025-07-06,Technology,Laptops,East,Consumer,3,1289.17,147.71
ORD-2388,2025-07-06,Technology,Printers,West,Home Office,6,2835.16,427.17
ORD-4803,2025-07-06,Technology,Printers,East,Home Office,7,2544.62,314.4
ORD-3821,2025-07-06,Technology,Laptops,West,Home Office,6,2304.36,472.97
ORD-5070,2025-07-07,Office Supplies,Binders,Central,Home Office,5,124.53,27.04
ORD-4007,2025-07-07,Office Supplies,Binders,South,Home Office,6,118.09,26.04
ORD-4851,2025-07-07,Technology,Monitors,Central,Consumer,2,755.25,127.13
ORD-4952,2025-07-07,Technology,Monitors,South,Consumer,1,403.21,84.06
ORD-1165,2025-07-07,Office Supplies,Storage,Central,Home Office,6,138.49,19.02
ORD-2973,2025-07-07,Furniture,Bookcases,South,Corporate,6,2142.45,309.48
ORD-5925,2025-07-07,Office Supplies,Binders,Central,Corporate,3,61.91,10.44
ORD-1049,2025-07-07,Technology,Monitors,South,Consumer,7,2571.32,554.86
ORD-3194,2025-07-07,Office Supplies,Storage,West,Corporate,2,52.54,13.18
ORD-5733,2025-07-07,Furniture,Chairs,South,Consumer,5,1766.16,262.04
ORD-6300,2025-07-07,Furniture,Bookcases,Central,Home Office,2,709.51,89.68
ORD-1436,2025-07-08,Office Supplies,Binders,West,Consumer,1,19.82,3.0
ORD-5922,2025-07-08,Furniture,Bookcases,South,Corporate,2,559.94,81.28
ORD-6260,2025-07-08,Office Supplies,Binders,East,Home Office,1,21.27,4.97
ORD-5569,2025-07-08,Office Supplies,Paper,Central,Corporate,6,134.36,26.75
ORD-4931,2025-07-08,Office Supplies,Binders,West,Consumer,7,138.81,25.22
ORD-3525,2025-07-08,Furniture,Desks,Central,Home Office,3,752.89,115.59
ORD-4551,2025-07-08,Furniture,Bookcases,South,Home Office,1,321.57,42.14
ORD-5077,2025-07-08,Office Supplies,Storage,South,Consumer,6,113.99,28.52
ORD-4008,2025-07-08,Technology,Printers,East,Consumer,1,517.87,58.98
ORD-4222,2025-07-08,Office Supplies,Paper,East,Home Office,4,77.81,12.04
ORD-1775,2025-07-09,Office Supplies,Pens,Central,Consumer,6,130.64,29.65
ORD-5599,2025-07-09,Office Supplies,Storage,West,Home Office,2,44.6,6.53
ORD-3702,2025-07-09,Furniture,Desks,South,Consumer,1,330.63,32.78
ORD-2730,2025-07-09,Furniture,Chairs,East,Home Office,1,289.88,40.03
ORD-5802,2025-07-09,Office Supplies,Storage,Central,Corporate,1,22.85,5.93
ORD-1964,2025-07-10,Furniture,Desks,South,Home Office,4,987.95,92.9
ORD-4933,2025-07-10,Technology,Laptops,Central,Home Office,3,1273.08,248.22
ORD-6204,2025-07-10,Technology,Laptops,West,Home Office,3,1153.68,167.3
ORD-3767,2025-07-10,Furniture,Chairs,Central,Consumer,7,2295.06,197.08
ORD-1376,2025-07-10,Office Supplies,Binders,Central,Home Office,6,133.44,30.86
ORD-3850,2025-07-10,Office Supplies,Pens,West,Home Office,6,111.65,14.74
ORD-2257,2025-07-10,Office Supplies,Pens,Central,Consumer,5,108.7,31.08
ORD-5055,2025-07-10,Technology,Laptops,Central,Corporate,6,2866.29,564.68
ORD-5490,2025-07-10,Office Supplies,Storage,South,Consumer,7,147.43,24.59
ORD-1403,2025-07-10,Furniture,Tables,Central,Consumer,4,1428.49,117.92
ORD-6008,2025-07-10,Office Supplies,Pens,Central,Corporate,2,41.74,9.27
ORD-5903,2025-07-11,Office Supplies,Storage,East,Consumer,4,88.11,24.67
ORD-1511,2025-07-11,Office Supplies,Storage,South,Home Office,7,154.72,-36.77
ORD-5011,2025-07-11,Office Supplies,Storage,South,Consumer,5,89.95,17.15
ORD-5661,2025-07-11,Office Supplies,Paper,Central,Corporate,6,128.73,25.15
ORD-4165,2025-07-11,Technology,Accessories,East,Corporate,3,1612.57,377.32
ORD-3466,2025-07-11,Office Supplies,Binders,East,Home Office,2,37.35,5.7
ORD-6969,2025-07-11,Office Supplies,Storage,East,Consumer,7,163.9,27.89
ORD-6505,2025-07-11,Office Supplies,Storage,South,Consumer,3,77.96,22.06
ORD-1429,2025-07-11,Office Supplies,Storage,Central,Corporate,4,77.6,13.78
ORD-6123,2025-07-12,Furniture,Bookcases,South,Consumer,5,1758.68,201.44
ORD-6442,2025-07-12,Technology,Accessories,South,Home Office,2,900.9,184.45
ORD-6999,2025-07-12,Furniture,Chairs,West,Home Office,3,807.52,75.86
ORD-4361,2025-07-12,Technology,Laptops,West,Home Office,1,523.58,105.34
ORD-3312,2025-07-12,Furniture,Bookcases,Central,Corporate,1,278.29,40.78
ORD-4910,2025-07-12,Furniture,Desks,South,Home Office,6,1953.49,150.82
ORD-2154,2025-07-12,Technology,Printers,West,Home Office,2,906.35,163.88
ORD-6461,2025-07-13,Technology,Printers,South,Home Office,3,1336.03,275.93
ORD-6887,2025-07-13,Technology,Accessories,West,Home Office,3,1400.53,277.47
ORD-2083,2025-07-13,Office Supplies,Binders,Central,Home Office,2,50.6,13.81
ORD-4772,2025-07-13,Technology,Monitors,East,Home Office,7,3655.1,671.9
ORD-5983,2025-07-13,Office Supplies,Pens,East,Corporate,6,129.05,34.71
ORD-3700,2025-07-13,Office Supplies,Binders,East,Home Office,1,20.87,4.6
ORD-6637,2025-07-14,Office Supplies,Pens,East,Home Office,2,41.01,-7.4
ORD-6874,2025-07-14,Furniture,Chairs,West,Home Office,7,2264.0,338.8
ORD-1830,2025-07-14,Technology,Accessories,East,Consumer,5,2488.3,352.0
ORD-4039,2025-07-15,Technology,Printers,Central,Corporate,3,1365.48,238.68
ORD-3077,2025-07-15,Furniture,Chairs,Central,Consumer,5,1757.69,238.26
ORD-3328,2025-07-15,Furniture,Tables,Central,Consumer,7,2310.5,354.8
ORD-4890,2025-07-15,Technology,Monitors,East,Corporate,7,3287.8,656.05
ORD-4669,2025-07-15,Technology,Monitors,East,Consumer,3,1142.22,138.88
ORD-1894,2025-07-15,Office Supplies,Paper,Central,Corporate,3,63.53,13.12
ORD-4476,2025-07-16,Furniture,Chairs,West,Consumer,2,482.87,48.98
ORD-1870,2025-07-16,Office Supplies,Paper,Central,Consumer,1,18.14,3.85
ORD-3178,2025-07-16,Office Supplies,Binders,East,Home Office,6,107.72,19.87
ORD-4243,2025-07-16,Office Supplies,Binders,East,Consumer,7,129.02,21.4
ORD-6616,2025-07-16,Office Supplies,Pens,East,Corporate,2,47.92,11.55
ORD-5710,2025-07-16,Furniture,Tables,West,Corporate,4,1005.42,129.59
ORD-3874,2025-07-16,Furniture,Chairs,South,Home Office,6,1646.64,167.54
ORD-4087,2025-07-16,Technology,Printers,Central,Home Office,6,2294.9,530.32
ORD-1143,2025-07-16,Technology,Printers,South,Home Office,4,1957.71,284.72
ORD-2050,2025-07-17,Technology,Monitors,West,Consumer,1,510.29,109.28
ORD-3111,2025-07-17,Technology,Laptops,Central,Corporate,3,1090.42,250.4
ORD-4972,2025-07-17,Office Supplies,Binders,Central,Home Office,2,42.18,8.18
ORD-2010,2025-07-17,Technology,Printers,West,Consumer,5,2336.46,278.73
ORD-5902,2025-07-17,Furniture,Chairs,West,Consumer,2,559.85,53.8
ORD-6324,2025-07-17,Technology,Laptops,East,Corporate,7,2560.48,506.16
ORD-6499,2025-07-17,Office Supplies,Storage,West,Consumer,5,118.15,29.32
ORD-3750,2025-07-18,Technology,Printers,South,Home Office,1,484.49,67.24
ORD-1405,2025-07-18,Furniture,Tables,East,Corporate,4,960.65,93.36
ORD-1338,2025-07-18,Office Supplies,Binders,South,Consumer,6,137.65,30.71
ORD-2212,2025-07-18,Furniture,Tables,South,Consumer,1,279.33,40.29
ORD-4092,2025-07-18,Furniture,Tables,East,Corporate,2,511.91,42.87
ORD-1364,2025-07-18,Office Supplies,Paper,East,Consumer,2,38.16,9.96
ORD-3058,2025-07-18,Technology,Laptops,South,Corporate,2,889.65,194.32
ORD-5214,2025-07-19,Furniture,Chairs,West,Home Office,1,286.72,35.89
ORD-4953,2025-07-19,Technology,Laptops,East,Consumer,5,2019.28,296.7
ORD-4651,2025-07-19,Office Supplies,Paper,South,Consumer,6,122.37,25.27
ORD-2434,2025-07-19,Technology,Printers,East,Home Office,4,1689.08,256.48
ORD-3743,2025-07-19,Office Supplies,Paper,East,Corporate,4,96.49,14.29
ORD-6642,2025-07-19,Furniture,Tables,South,Consumer,1,304.78,28.3
ORD-2646,2025-07-19,Furniture,Bookcases,West,Consumer,6,1582.64,117.38
ORD-5124,2025-07-19,Office Supplies,Storage,West,Corporate,4,88.68,21.2
ORD-5382,2025-07-20,Office Supplies,Pens,South,Home Office,3,78.67,21.61
ORD-6261,2025-07-20,Office Supplies,Pens,South,Consumer,7,170.52,38.07
ORD-3919,2025-07-21,Technology,Laptops,South,Home Office,3,1354.07,204.61
ORD-5289,2025-07-21,Office Supplies,Storage,West,Home Office,6,134.24,19.48
ORD-3152,2025-07-21,Technology,Printers,Central,Corporate,7,2793.73,324.65
ORD-4420,2025-07-21,Furniture,Desks,Central,Corporate,5,1449.77,123.39
ORD-3915,2025-07-21,Furniture,Chairs,East,Corporate,6,1449.16,214.1
ORD-2878,2025-07-21,Technology,Monitors,West,Corporate,1,384.61,68.26
ORD-3202,2025-07-21,Furniture,Chairs,Central,Consumer,7,1798.3,196.51
ORD-3135,2025-07-21,Office Supplies,Binders,Central,Consumer,1,22.76,-2.31
ORD-3204,2025-07-22,Technology,Laptops,East,Corporate,4,1572.87,224.01
ORD-4915,2025-07-22,Office Supplies,Binders,Central,Corporate,3,59.47,16.82
ORD-2893,2025-07-22,Technology,Laptops,East,Home Office,3,1288.3,265.61
ORD-5648,2025-07-22,Office Supplies,Binders,Central,Corporate,1,22.31,-2.27
ORD-5087,2025-07-22,Technology,Accessories,South,Home Office,1,363.45,54.09
ORD-2958,2025-07-22,Furniture,Desks,West,Corporate,3,1051.4,158.27
ORD-4335,2025-07-22,Office Supplies,Binders,South,Consumer,7,176.52,48.6
ORD-4363,2025-07-22,Office Supplies,Binders,Central,Consumer,6,130.2,19.07
ORD-3025,2025-07-22,Office Supplies,Paper,East,Home Office,2,48.36,12.01
ORD-5919,2025-07-23,Office Supplies,Storage,South,Home Office,6,143.21,29.88
ORD-1190,2025-07-23,Technology,Monitors,Central,Consumer,1,378.5,68.11
ORD-6819,2025-07-23,Technology,Accessories,East,Consumer,4,1551.92,359.19
ORD-3733,2025-07-23,Office Supplies,Paper,East,Corporate,7,171.45,34.24
ORD-1566,2025-07-23,Technology,Laptops,Central,Consumer,3,1609.51,217.37
ORD-6940,2025-07-23,Office Supplies,Pens,South,Corporate,5,96.56,19.4
ORD-3503,2025-07-23,Technology,Printers,South,Home Office,6,2779.86,472.48
ORD-1864,2025-07-23,Office Supplies,Storage,South,Consumer,7,136.61,-22.5
ORD-4082,2025-07-23,Office Supplies,Storage,South,Corporate,4,99.62,-20.72
ORD-3596,2025-07-23,Office Supplies,Binders,Central,Home Office,2,45.66,8.38
ORD-3572,2025-07-23,Office Supplies,Binders,East,Consumer,5,89.96,17.75
ORD-3153,2025-07-23,Office Supplies,Binders,East,Consumer,3,66.03,10.3
ORD-5288,2025-07-23,Office Supplies,Binders,Central,Home Office,4,80.66,18.96
ORD-1440,2025-07-23,Office Supplies,Pens,South,Consumer,1,21.55,3.44
ORD-6604,2025-07-23,Office Supplies,Storage,West,Home Office,4,79.61,-10.64
ORD-6529,2025-07-24,Furniture,Tables,South,Home Office,6,1582.84,228.55
ORD-2939,2025-07-24,Technology,Accessories,South,Consumer,5,1960.84,356.29
ORD-6583,2025-07-24,Technology,Accessories,Central,Home Office,6,3089.0,392.92
ORD-1395,2025-07-24,Office Supplies,Binders,East,Consumer,6,156.12,31.01
ORD-5991,2025-07-24,Technology,Laptops,West,Home Office,6,3020.06,334.93
ORD-3100,2025-07-24,Technology,Monitors,Central,Consumer,5,2386.68,481.15
ORD-6769,2025-07-24,Office Supplies,Binders,West,Consumer,5,95.87,16.83
ORD-3032,2025-07-24,Office Supplies,Pens,Central,Corporate,3,59.07,15.58
ORD-4568,2025-07-25,Office Supplies,Pens,Central,Consumer,1,24.6,6.36
ORD-4712,2025-07-25,Office Supplies,Storage,West,Corporate,1,21.71,5.67
ORD-6450,2025-07-25,Furniture,Tables,South,Corporate,4,972.88,125.45
ORD-3474,2025-07-25,Office Supplies,Paper,South,Consumer,5,117.09,28.15
ORD-6389,2025-07-25,Office Supplies,Pens,East,Consumer,7,184.38,35.09
ORD-4083,2025-07-25,Technology,Accessories,East,Consumer,1,522.0,102.11
ORD-3837,2025-07-25,Technology,Printers,South,Corporate,7,3060.44,436.47
ORD-5597,2025-07-25,Technology,Printers,South,Home Office,2,1024.14,167.77
ORD-2737,2025-07-25,Furniture,Bookcases,West,Corporate,4,1269.76,149.74
ORD-5038,2025-07-25,Office Supplies,Paper,East,Consumer,6,146.01,24.66
ORD-4310,2025-07-25,Office Supplies,Paper,Central,Home Office,3,76.74,19.58
ORD-6273,2025-07-25,Office Supplies,Storage,Central,Home Office,7,134.04,18.02
ORD-1257,2025-07-25,Technology,Printers,South,Consumer,4,1895.9,259.44
ORD-5435,2025-07-26,Office Supplies,Pens,East,Home Office,6,150.23,33.24
ORD-1421,2025-07-26,Furniture,Tables,West,Home Office,3,736.58,103.03
ORD-6554,2025-07-26,Office Supplies,Pens,Central,Corporate,6,146.4,36.91
ORD-3369,2025-07-26,Office Supplies,Pens,West,Consumer,2,41.59,10.3
ORD-4762,2025-07-26,Technology,Printers,Central,Home Office,5,1846.1,226.67
ORD-4664,2025-07-27,Furniture,Desks,East,Home Office,5,1387.81,183.09
ORD-6497,2025-07-27,Office Supplies,Binders,West,Corporate,4,76.62,-9.47
ORD-6684,2025-07-27,Office Supplies,Binders,West,Home Office,4,95.18,14.53
ORD-1309,2025-07-27,Technology,Printers,East,Corporate,7,3475.62,705.61
ORD-6779,2025-07-27,Office Supplies,Binders,South,Home Office,1,23.26,3.09
ORD-5079,2025-07-27,Furniture,Desks,East,Consumer,5,1325.93,198.64
ORD-5620,2025-07-27,Technology,Monitors,West,Home Office,1,531.14,108.32
ORD-2936,2025-07-27,Furniture,Chairs,East,Home Office,5,1487.09,174.23
ORD-4283,2025-07-27,Technology,Accessories,Central,Home Office,7,3766.33,530.39
ORD-4856,2025-07-27,Technology,Printers,East,Corporate,4,2070.19,482.98
ORD-4324,2025-07-27,Office Supplies,Binders,South,Corporate,5,104.95,16.34
ORD-5497,2025-07-28,Technology,Monitors,West,Home Office,3,1231.64,226.04
ORD-1161,2025-07-28,Technology,Monitors,Central,Home Office,6,2808.86,623.2
ORD-1468,2025-07-28,Furniture,Desks,East,Home Office,3,907.72,70.58
ORD-1920,2025-07-28,Furniture,Bookcases,Central,Home Office,7,2240.25,199.07
ORD-3582,2025-07-28,Technology,Monitors,Central,Home Office,4,1941.83,281.76
ORD-1474,2025-07-28,Office Supplies,Binders,Central,Home Office,5,124.37,31.85
ORD-1593,2025-07-28,Technology,Accessories,West,Consumer,4,2141.14,378.06
ORD-6995,2025-07-28,Office Supplies,Paper,West,Consumer,4,105.29,28.05
ORD-2494,2025-07-28,Office Supplies,Storage,Central,Consumer,6,155.16,-8.14
ORD-6124,2025-07-29,Technology,Laptops,South,Home Office,7,2975.12,414.79
ORD-3729,2025-07-29,Office Supplies,Binders,East,Home Office,5,94.54,-5.92
ORD-4992,2025-07-29,Furniture,Desks,West,Home Office,5,1756.65,240.0
ORD-2249,2025-07-29,Technology,Accessories,West,Home Office,5,1836.3,244.86
ORD-4766,2025-07-29,Furniture,Tables,Central,Consumer,1,291.55,39.16
ORD-4291,2025-07-30,Office Supplies,Storage,East,Corporate,3,67.78,15.49
ORD-2857,2025-07-30,Office Supplies,Storage,Central,Corporate,6,115.88,32.89
ORD-2182,2025-07-30,Technology,Printers,East,Corporate,2,867.79,119.02
ORD-3396,2025-07-30,Technology,Monitors,South,Home Office,6,2443.85,441.22
ORD-4065,2025-07-30,Furniture,Desks,Central,Consumer,7,2254.41,174.02
ORD-5240,2025-07-30,Technology,Printers,East,Corporate,6,2653.44,537.71
ORD-1525,2025-07-30,Furniture,Desks,West,Home Office,4,986.51,149.12
ORD-2552,2025-07-30,Furniture,Chairs,East,Corporate,6,1744.18,240.82
ORD-4679,2025-07-30,Furniture,Chairs,South,Corporate,6,1449.33,213.4
ORD-6014,2025-07-30,Technology,Monitors,South,Corporate,2,837.6,110.39
ORD-2398,2025-07-31,Technology,Printers,South,Consumer,6,2310.08,322.96
ORD-6739,2025-07-31,Technology,Printers,West,Corporate,6,2398.74,465.32
ORD-2408,2025-07-31,Furniture,Tables,Central,Corporate,7,1747.08,239.96
ORD-4460,2025-07-31,Technology,Monitors,Central,Home Office,1,438.06,58.43
ORD-3938,2025-07-31,Technology,Monitors,West,Consumer,7,2583.13,445.72
ORD-1867,2025-07-31,Office Supplies,Storage,West,Corporate,1,18.44,5.09
ORD-3074,2025-07-31,Furniture,Chairs,South,Corporate,5,1624.78,170.03
ORD-6972,2025-07-31,Technology,Laptops,South,Corporate,7,2599.3,510.43
ORD-5425,2025-07-31,Technology,Monitors,Central,Consumer,1,386.55,75.3
ORD-2017,2025-08-01,Office Supplies,Binders,South,Consumer,7,139.48,29.39
ORD-1798,2025-08-01,Office Supplies,Storage,West,Home Office,6,153.59,31.8
ORD-2129,2025-08-01,Technology,Laptops,South,Home Office,6,3114.43,556.69
ORD-5655,2025-08-01,Office Supplies,Binders,South,Home Office,1,20.3,-3.05
ORD-5877,2025-08-01,Furniture,Tables,Central,Corporate,1,272.42,27.6
ORD-5270,2025-08-01,Furniture,Tables,South,Home Office,2,480.28,34.66
ORD-5977,2025-08-01,Office Supplies,Binders,East,Home Office,6,137.19,33.44
ORD-4961,2025-08-02,Furniture,Tables,South,Home Office,5,1698.8,194.2
ORD-6349,2025-08-02,Furniture,Desks,East,Home Office,1,335.77,31.24
ORD-6957,2025-08-02,Technology,Printers,Central,Corporate,1,370.76,86.38
ORD-5677,2025-08-02,Office Supplies,Binders,Central,Corporate,6,115.48,21.94
ORD-3798,2025-08-02,Office Supplies,Storage,South,Consumer,5,88.51,15.49
ORD-2282,2025-08-02,Office Supplies,Pens,West,Corporate,1,22.26,5.07
ORD-5084,2025-08-02,Office Supplies,Paper,South,Corporate,6,156.81,30.84
ORD-6211,2025-08-02,Technology,Printers,West,Corporate,7,2744.56,545.61
ORD-4022,2025-08-02,Technology,Printers,South,Corporate,6,2176.98,314.58
ORD-1604,2025-08-02,Office Supplies,Paper,East,Consumer,7,141.03,32.07
ORD-1112,2025-08-02,Office Supplies,Storage,West,Home Office,3,73.62,13.25
ORD-1244,2025-08-03,Office Supplies,Paper,Central,Home Office,6,158.0,33.99
ORD-3774,2025-08-03,Technology,Accessories,East,Consumer,2,756.11,116.27
ORD-3522,2025-08-03,Technology,Monitors,West,Home Office,3,1184.35,198.55
ORD-4207,2025-08-03,Office Supplies,Binders,East,Corporate,1,26.05,7.33
ORD-5828,2025-08-03,Furniture,Desks,South,Corporate,4,1104.24,134.41
ORD-6989,2025-08-03,Office Supplies,Storage,East,Home Office,2,38.31,8.53
ORD-6357,2025-08-03,Technology,Monitors,West,Corporate,4,1805.52,220.4
ORD-2527,2025-08-03,Furniture,Tables,West,Home Office,1,255.73,28.19
ORD-4152,2025-08-03,Office Supplies,Storage,West,Corporate,1,18.87,2.79
ORD-6629,2025-08-03,Technology,Monitors,South,Home Office,4,1524.32,221.46
ORD-2791,2025-08-03,Technology,Laptops,Central,Home Office,4,2028.87,395.99
ORD-6749,2025-08-03,Office Supplies,Binders,South,Consumer,5,117.3,32.77
ORD-4127,2025-08-03,Technology,Printers,South,Home Office,2,757.29,167.93
ORD-4693,2025-08-03,Office Supplies,Paper,East,Consumer,5,130.1,18.43
ORD-2585,2025-08-03,Technology,Laptops,Central,Corporate,1,466.58,98.57
ORD-6299,2025-08-04,Furniture,Bookcases,East,Home Office,2,644.26,80.02
ORD-2239,2025-08-04,Furniture,Desks,South,Consumer,3,1047.32,84.36
ORD-3458,2025-08-04,Technology,Accessories,East,Corporate,5,2011.08,267.26
ORD-3683,2025-08-04,Technology,Accessories,East,Home Office,2,851.61,132.34
ORD-2691,2025-08-04,Office Supplies,Pens,East,Home Office,5,96.22,20.54
ORD-3391,2025-08-05,Furniture,Chairs,Central,Consumer,6,1587.2,205.95
ORD-3338,2025-08-05,Office Supplies,Pens,South,Corporate,6,110.22,30.02
ORD-1663,2025-08-05,Office Supplies,Pens,East,Corporate,7,180.02,-19.1
ORD-4530,2025-08-05,Office Supplies,Paper,East,Home Office,4,95.33,15.0
ORD-5310,2025-08-05,Furniture,Tables,West,Consumer,4,1424.96,126.74
ORD-3968,2025-08-05,Office Supplies,Paper,South,Consumer,6,135.97,26.79
ORD-6727,2025-08-05,Office Supplies,Paper,Central,Consumer,2,50.68,8.95
ORD-5051,2025-08-05,Technology,Printers,Central,Consumer,5,1869.37,212.47
ORD-2292,2025-08-05,Furniture,Bookcases,Central,Home Office,6,1730.08,256.41
ORD-3235,2025-08-05,Office Supplies,Paper,South,Consumer,3,68.48,17.85
ORD-2369,2025-08-06,Furniture,Chairs,East,Home Office,2,606.67,71.2
ORD-6519,2025-08-06,Furniture,Tables,West,Consumer,6,1542.87,198.61
ORD-1230,2025-08-06,Technology,Printers,South,Consumer,2,786.68,175.93
ORD-5461,2025-08-06,Furniture,Bookcases,South,Corporate,6,2117.3,254.26
ORD-5726,2025-08-06,Furniture,Desks,West,Home Office,6,1506.85,143.77
ORD-5675,2025-08-06,Furniture,Chairs,West,Corporate,7,1793.44,211.61
ORD-1733,2025-08-07,Technology,Accessories,West,Home Office,5,2108.64,409.43
ORD-5391,2025-08-07,Technology,Accessories,West,Corporate,7,3201.71,463.81
ORD-3930,2025-08-07,Office Supplies,Paper,South,Corporate,3,60.68,14.29
ORD-3984,2025-08-07,Office Supplies,Binders,Central,Home Office,7,147.09,39.54
ORD-5520,2025-08-07,Office Supplies,Binders,South,Consumer,3,63.69,15.84
ORD-1349,2025-08-07,Office Supplies,Paper,Central,Home Office,4,89.75,17.43
ORD-6979,2025-08-07,Technology,Monitors,South,Corporate,7,3658.37,427.05
ORD-4547,2025-08-07,Furniture,Chairs,East,Corporate,2,563.53,66.19
ORD-2546,2025-08-07,Furniture,Desks,Central,Home Office,1,329.86,42.24
ORD-3002,2025-08-08,Office Supplies,Paper,South,Home Office,3,72.53,20.13
ORD-1906,2025-08-08,Furniture,Tables,West,Consumer,4,1098.79,120.77
ORD-5482,2025-08-08,Furniture,Tables,East,Corporate,1,300.48,21.92
ORD-3435,2025-08-08,Furniture,Chairs,East,Consumer,6,2118.57,330.02
ORD-3384,2025-08-08,Furniture,Bookcases,East,Consumer,7,2470.8,363.0
ORD-2976,2025-08-08,Office Supplies,Paper,East,Corporate,5,103.16,21.23
ORD-6927,2025-08-08,Office Supplies,Binders,South,Home Office,5,123.32,26.86
ORD-6326,2025-08-08,Technology,Printers,Central,Consumer,7,3018.44,510.89
ORD-2703,2025-08-08,Office Supplies,Paper,South,Corporate,3,77.74,17.47
ORD-6832,2025-08-09,Office Supplies,Binders,South,Corporate,6,125.73,35.8
ORD-6547,2025-08-09,Technology,Monitors,West,Home Office,5,2319.98,329.4
ORD-2831,2025-08-09,Technology,Accessories,Central,Corporate,7,3506.15,749.11
ORD-6592,2025-08-09,Office Supplies,Storage,East,Consumer,1,18.84,4.32
ORD-1519,2025-08-09,Office Supplies,Pens,South,Corporate,6,152.15,39.62
ORD-6298,2025-08-09,Office Supplies,Pens,Central,Consumer,7,175.03,49.31
ORD-6671,2025-08-09,Office Supplies,Pens,East,Consumer,2,42.28,9.99
ORD-1530,2025-08-09,Technology,Monitors,West,Corporate,3,1081.7,140.57
ORD-1590,2025-08-10,Technology,Printers,South,Corporate,2,804.17,89.25
ORD-2340,2025-08-10,Technology,Monitors,Central,Consumer,1,535.44,98.57
ORD-1515,2025-08-10,Office Supplies,Paper,West,Home Office,3,74.79,19.82
ORD-3285,2025-08-10,Office Supplies,Binders,South,Home Office,5,111.04,-8.17
ORD-5681,2025-08-10,Furniture,Desks,West,Consumer,4,1327.23,205.45
ORD-2208,2025-08-11,Furniture,Desks,Central,Corporate,1,253.11,35.11
ORD-5302,2025-08-11,Technology,Accessories,Central,Corporate,6,2332.73,497.95
ORD-6302,2025-08-11,Office Supplies,Paper,Central,Corporate,5,94.86,19.96
ORD-1953,2025-08-11,Office Supplies,Pens,West,Consumer,3,71.22,20.36
ORD-6608,2025-08-11,Office Supplies,Storage,Central,Home Office,7,168.82,31.67
ORD-2018,2025-08-11,Technology,Accessories,South,Home Office,6,2955.74,488.08
ORD-2483,2025-08-11,Office Supplies,Paper,East,Corporate,5,96.69,15.36
ORD-6374,2025-08-11,Office Supplies,Binders,Central,Consumer,5,120.88,34.23
ORD-1831,2025-08-11,Technology,Monitors,West,Corporate,5,2579.57,440.84
ORD-4667,2025-08-11,Technology,Printers,South,Home Office,3,1396.48,286.86
ORD-6068,2025-08-11,Office Supplies,Paper,East,Consumer,7,142.34,32.79
ORD-1613,2025-08-11,Office Supplies,Pens,South,Corporate,1,23.52,4.89
ORD-1017,2025-08-12,Office Supplies,Binders,South,Corporate,6,134.08,36.2
ORD-1977,2025-08-12,Office Supplies,Paper,East,Home Office,3,70.84,-14.63
ORD-6223,2025-08-12,Office Supplies,Storage,East,Home Office,7,166.47,42.29
ORD-6937,2025-08-12,Office Supplies,Binders,South,Home Office,4,94.46,25.99
ORD-5204,2025-08-12,Furniture,Chairs,South,Corporate,4,1192.45,128.03
ORD-5478,2025-08-12,Office Supplies,Binders,Central,Corporate,6,136.85,32.36
ORD-3213,2025-08-12,Office Supplies,Binders,East,Home Office,7,135.74,38.71
ORD-3452,2025-08-12,Furniture,Desks,South,Consumer,6,2154.81,267.84
ORD-1040,2025-08-13,Office Supplies,Paper,South,Consumer,4,88.4,22.54
ORD-1573,2025-08-13,Office Supplies,Pens,East,Consumer,7,141.88,21.32
ORD-2835,2025-08-13,Furniture,Chairs,West,Corporate,3,937.39,101.93
ORD-3697,2025-08-13,Technology,Printers,South,Home Office,1,513.35,105.56
ORD-3663,2025-08-13,Furniture,Tables,Central,Corporate,3,955.84,106.12
ORD-3229,2025-08-13,Office Supplies,Storage,South,Corporate,5,89.67,13.65
ORD-3356,2025-08-13,Office Supplies,Pens,East,Consumer,3,53.79,14.03
ORD-2974,2025-08-14,Technology,Monitors,East,Consumer,5,2215.49,296.45
ORD-5639,2025-08-14,Office Supplies,Pens,Central,Corporate,1,18.76,3.65
ORD-3717,2025-08-14,Office Supplies,Pens,South,Home Office,4,93.89,18.55
ORD-2528,2025-08-14,Office Supplies,Pens,South,Corporate,3,53.69,10.43
ORD-6580,2025-08-15,Office Supplies,Storage,West,Corporate,6,108.53,-9.33
ORD-5827,2025-08-15,Office Supplies,Binders,East,Consumer,6,117.73,17.1
ORD-2740,2025-08-15,Office Supplies,Pens,East,Home Office,5,125.88,18.99
ORD-1780,2025-08-16,Technology,Monitors,South,Consumer,1,398.73,74.59
ORD-6427,2025-08-16,Technology,Printers,South,Consumer,7,3505.1,732.4
ORD-4852,2025-08-16,Furniture,Tables,Central,Consumer,1,328.88,34.78
ORD-3016,2025-08-16,Office Supplies,Paper,South,Corporate,2,46.79,-6.96
ORD-1066,2025-08-16,Office Supplies,Paper,East,Corporate,4,73.34,15.99
ORD-4107,2025-08-16,Office Supplies,Binders,East,Home Office,6,106.63,26.25
ORD-3511,2025-08-16,Furniture,Desks,West,Corporate,6,2037.3,241.08
ORD-6824,2025-08-16,Technology,Monitors,West,Corporate,3,1301.87,167.67
ORD-5961,2025-08-16,Technology,Accessories,West,Home Office,2,904.45,163.53
ORD-1876,2025-08-16,Office Supplies,Pens,Central,Corporate,2,37.92,5.17
ORD-5050,2025-08-17,Furniture,Bookcases,East,Consumer,1,269.97,22.49
ORD-3853,2025-08-17,Furniture,Bookcases,East,Home Office,3,972.6,132.62
ORD-4369,2025-08-17,Office Supplies,Paper,East,Home Office,6,117.42,27.75
ORD-4636,2025-08-17,Office Supplies,Binders,East,Corporate,7,172.96,27.09
ORD-5217,2025-08-17,Technology,Monitors,Central,Corporate,7,2526.81,344.93
ORD-1731,2025-08-17,Furniture,Chairs,East,Corporate,3,805.49,78.29
ORD-1818,2025-08-17,Furniture,Tables,Central,Home Office,6,1927.54,158.05
ORD-6722,2025-08-17,Office Supplies,Paper,East,Corporate,4,78.29,20.67
ORD-4654,2025-08-18,Technology,Monitors,East,Home Office,2,1076.34,243.11
ORD-1011,2025-08-18,Office Supplies,Pens,Central,Consumer,3,54.75,8.2
ORD-4248,2025-08-18,Office Supplies,Storage,West,Corporate,1,22.69,3.99
ORD-5577,2025-08-18,Office Supplies,Pens,Central,Home Office,3,77.87,20.31
ORD-5053,2025-08-18,Technology,Printers,East,Consumer,1,387.45,81.14
ORD-3649,2025-08-18,Office Supplies,Binders,Central,Home Office,1,23.81,6.02
ORD-1683,2025-08-18,Technology,Laptops,West,Consumer,7,2687.49,506.46
ORD-1109,2025-08-19,Furniture,Desks,South,Home Office,5,1380.83,186.13
ORD-4844,2025-08-19,Technology,Printers,West,Corporate,7,3703.87,677.6
ORD-4515,2025-08-19,Technology,Laptops,South,Corporate,2,952.84,116.26
ORD-4508,2025-08-19,Office Supplies,Pens,Central,Corporate,5,111.9,15.72
ORD-3423,2025-08-19,Office Supplies,Binders,Central,Corporate,4,95.1,16.77
ORD-5500,2025-08-19,Office Supplies,Pens,East,Consumer,3,64.92,13.78
ORD-5166,2025-08-19,Office Supplies,Storage,West,Corporate,4,94.49,26.85
ORD-1996,2025-08-19,Furniture,Chairs,West,Consumer,2,496.63,54.8
ORD-2629,2025-08-19,Office Supplies,Paper,South,Consumer,3,57.66,16.22
ORD-6948,2025-08-20,Office Supplies,Pens,West,Home Office,4,103.98,-24.37
ORD-4944,2025-08-20,Furniture,Desks,Central,Corporate,6,2129.11,306.4
ORD-1238,2025-08-20,Office Supplies,Binders,West,Home Office,5,91.49,24.68
ORD-4963,2025-08-20,Office Supplies,Binders,Central,Consumer,6,144.07,40.07
ORD-2124,2025-08-20,Technology,Accessories,Central,Consumer,6,2914.74,628.38
ORD-1250,2025-08-20,Technology,Printers,West,Home Office,2,800.5,183.01
ORD-4453,2025-08-20,Technology,Laptops,South,Consumer,4,1861.41,264.17
ORD-1377,2025-08-21,Technology,Printers,South,Corporate,1,502.81,117.06
ORD-6798,2025-08-21,Technology,Accessories,East,Consumer,5,1960.7,224.4
ORD-4408,2025-08-21,Office Supplies,Binders,South,Corporate,3,73.13,-14.44
ORD-6895,2025-08-21,Office Supplies,Binders,Central,Consumer,2,47.4,12.88
ORD-3551,2025-08-21,Office Supplies,Paper,East,Home Office,7,171.53,41.52
ORD-5516,2025-08-21,Technology,Printers,West,Corporate,1,370.08,71.87
ORD-2046,2025-08-21,Furniture,Tables,Central,Consumer,1,324.32,49.39
ORD-1321,2025-08-22,Furniture,Chairs,South,Corporate,6,2036.34,203.95
ORD-5865,2025-08-22,Furniture,Desks,West,Consumer,2,653.41,62.51
ORD-2194,2025-08-22,Office Supplies,Paper,South,Home Office,6,129.1,24.03
ORD-1489,2025-08-22,Office Supplies,Pens,South,Home Office,6,147.39,23.62
ORD-1114,2025-08-22,Technology,Accessories,East,Home Office,5,2285.87,386.95
ORD-6816,2025-08-22,Technology,Monitors,East,Consumer,3,1424.24,210.82
ORD-3912,2025-08-22,Office Supplies,Binders,East,Consumer,6,114.5,-12.44
ORD-1916,2025-08-22,Furniture,Bookcases,Central,Consumer,2,544.21,62.92
ORD-3884,2025-08-22,Office Supplies,Paper,West,Consumer,6,147.44,25.39
ORD-5064,2025-08-22,Technology,Laptops,Central,Home Office,6,2274.95,385.84
ORD-2900,2025-08-22,Furniture,Chairs,East,Consumer,4,1375.79,201.96
ORD-1065,2025-08-22,Office Supplies,Paper,East,Consumer,6,157.69,29.82
ORD-5957,2025-08-23,Technology,Laptops,West,Consumer,7,3765.38,823.13
ORD-3506,2025-08-23,Office Supplies,Pens,South,Consumer,6,131.65,37.18
ORD-2836,2025-08-23,Office Supplies,Pens,East,Home Office,4,72.48,11.68
ORD-6404,2025-08-23,Furniture,Bookcases,Central,Consumer,3,775.02,92.8
ORD-6387,2025-08-23,Office Supplies,Pens,Central,Consumer,1,18.84,4.34
ORD-3397,2025-08-23,Office Supplies,Storage,East,Consumer,3,59.09,7.93
ORD-2469,2025-08-23,Technology,Laptops,Central,Home Office,7,3105.71,545.76
ORD-6918,2025-08-23,Technology,Laptops,East,Home Office,2,895.87,179.4
ORD-3232,2025-08-24,Technology,Monitors,South,Corporate,6,2840.6,594.46
ORD-1571,2025-08-24,Office Supplies,Binders,Central,Consumer,6,148.14,24.32
ORD-6356,2025-08-24,Technology,Laptops,East,Home Office,4,1684.58,267.78
ORD-3003,2025-08-24,Office Supplies,Binders,West,Consumer,5,128.11,33.45
ORD-2592,2025-08-24,Furniture,Bookcases,South,Consumer,2,612.92,71.41
ORD-1602,2025-08-24,Furniture,Tables,Central,Corporate,3,849.77,109.1
ORD-6163,2025-08-25,Technology,Accessories,South,Home Office,7,3209.81,573.66
ORD-4038,2025-08-25,Office Supplies,Pens,East,Home Office,6,117.49,31.0
ORD-1690,2025-08-25,Office Supplies,Storage,Central,Home Office,7,132.02,30.47
ORD-2363,2025-08-25,Technology,Accessories,Central,Home Office,1,514.38,72.81
ORD-6407,2025-08-25,Office Supplies,Binders,Central,Home Office,2,45.69,9.37
ORD-3727,2025-08-25,Technology,Accessories,West,Consumer,1,360.15,83.36
ORD-1653,2025-08-25,Office Supplies,Paper,South,Home Office,2,44.76,10.22
ORD-5309,2025-08-25,Technology,Monitors,South,Consumer,3,1134.61,244.01
ORD-2586,2025-08-25,Technology,Laptops,South,Consumer,1,417.73,79.79
ORD-1116,2025-08-26,Office Supplies,Storage,West,Corporate,7,151.66,23.6
ORD-2724,2025-08-26,Technology,Printers,Central,Consumer,5,2187.69,414.92
ORD-5917,2025-08-26,Technology,Printers,West,Corporate,6,2973.57,343.69
ORD-2300,2025-08-26,Furniture,Chairs,South,Consumer,1,304.34,33.39
ORD-2437,2025-08-26,Technology,Monitors,West,Consumer,2,931.26,198.29
ORD-5812,2025-08-26,Technology,Monitors,Central,Corporate,3,1184.83,194.12
ORD-5188,2025-08-26,Technology,Monitors,Central,Consumer,4,2123.65,495.19
ORD-5341,2025-08-26,Office Supplies,Pens,East,Corporate,7,160.07,38.94
ORD-6558,2025-08-27,Technology,Accessories,East,Corporate,7,2584.55,572.08
ORD-1699,2025-08-27,Office Supplies,Storage,Central,Corporate,3,74.95,17.94
ORD-6219,2025-08-27,Furniture,Tables,South,Home Office,7,2106.28,235.12
ORD-5175,2025-08-27,Furniture,Desks,East,Consumer,3,1015.45,122.27
ORD-5306,2025-08-27,Technology,Laptops,East,Consumer,4,2043.98,316.76
ORD-4474,2025-08-27,Office Supplies,Storage,Central,Consumer,1,19.51,5.15
ORD-1644,2025-08-27,Technology,Printers,West,Corporate,4,2004.1,286.41
ORD-4802,2025-08-27,Furniture,Chairs,Central,Corporate,5,1650.88,213.16
ORD-5432,2025-08-28,Technology,Monitors,West,Corporate,4,1668.29,316.52
ORD-5595,2025-08-28,Furniture,Tables,South,Consumer,3,753.2,113.89
ORD-2556,2025-08-28,Office Supplies,Storage,South,Corporate,2,35.34,7.56
ORD-1337,2025-08-28,Office Supplies,Paper,South,Consumer,7,149.71,29.78
ORD-3833,2025-08-28,Office Supplies,Paper,East,Consumer,6,120.24,25.9
ORD-6459,2025-08-28,Office Supplies,Pens,South,Corporate,3,58.95,11.98
ORD-6439,2025-08-29,Furniture,Desks,West,Corporate,6,2153.45,296.94
ORD-1562,2025-08-29,Technology,Monitors,East,Consumer,4,1647.32,280.2
ORD-6666,2025-08-29,Office Supplies,Binders,Central,Home Office,6,112.77,32.07
ORD-5854,2025-08-29,Office Supplies,Pens,East,Home Office,3,67.82,19.06
ORD-1366,2025-08-29,Furniture,Chairs,South,Home Office,5,1466.43,182.72
ORD-4993,2025-08-29,Technology,Printers,West,Home Office,4,2148.51,281.98
ORD-2488,2025-08-29,Technology,Accessories,East,Home Office,6,2320.69,413.91
ORD-3390,2025-08-29,Technology,Monitors,South,Corporate,1,473.16,103.88
ORD-5799,2025-08-29,Office Supplies,Storage,East,Corporate,6,119.49,27.15
ORD-3805,2025-08-30,Office Supplies,Paper,West,Home Office,2,48.4,6.61
ORD-2465,2025-08-30,Office Supplies,Storage,West,Corporate,7,162.77,42.58
ORD-5272,2025-08-31,Technology,Monitors,South,Corporate,1,409.07,67.69
ORD-2706,2025-08-31,Technology,Laptops,South,Consumer,1,389.64,69.86
ORD-6963,2025-08-31,Office Supplies,Paper,West,Consumer,3,58.97,15.49
ORD-5415,2025-08-31,Furniture,Bookcases,South,Home Office,5,1235.72,188.62
ORD-6939,2025-08-31,Furniture,Tables,South,Consumer,2,580.84,89.85
ORD-1577,2025-08-31,Office Supplies,Paper,East,Consumer,7,138.93,25.93
ORD-6783,2025-08-31,Furniture,Tables,South,Corporate,4,1096.85,130.22
ORD-3946,2025-08-31,Office Supplies,Pens,Central,Corporate,5,121.09,19.05
ORD-3900,2025-09-01,Furniture,Desks,East,Home Office,5,1449.92,144.17
ORD-6120,2025-09-01,Furniture,Bookcases,West,Home Office,6,1836.97,200.92
ORD-1980,2025-09-01,Furniture,Chairs,East,Corporate,1,348.2,52.16
ORD-2967,2025-09-01,Technology,Accessories,West,Consumer,2,1052.31,188.56
ORD-6414,2025-09-01,Office Supplies,Storage,West,Consumer,5,114.0,29.51
ORD-6466,2025-09-01,Office Supplies,Pens,East,Home Office,4,101.24,15.94
ORD-2457,2025-09-01,Office Supplies,Binders,Central,Consumer,7,175.35,38.05
ORD-3292,2025-09-01,Office Supplies,Paper,Central,Consumer,7,151.84,24.64
ORD-1591,2025-09-01,Office Supplies,Pens,East,Corporate,2,51.51,7.2
ORD-5299,2025-09-01,Furniture,Tables,East,Consumer,7,1826.7,143.45
ORD-1362,2025-09-01,Furniture,Tables,East,Home Office,7,2053.07,319.39
ORD-2828,2025-09-02,Technology,Accessories,West,Consumer,1,470.79,56.83
ORD-3228,2025-09-02,Technology,Printers,South,Home Office,2,983.0,225.74
ORD-5573,2025-09-02,Furniture,Tables,South,Corporate,7,2461.09,314.52
ORD-4753,2025-09-02,Technology,Printers,West,Corporate,4,1486.99,266.08
ORD-4106,2025-09-03,Technology,Printers,Central,Corporate,3,1361.75,218.62
ORD-6809,2025-09-03,Office Supplies,Paper,South,Home Office,3,66.04,9.78
ORD-1027,2025-09-03,Office Supplies,Paper,East,Corporate,7,156.55,26.17
ORD-1335,2025-09-03,Technology,Accessories,Central,Home Office,6,3084.15,535.72
ORD-5349,2025-09-04,Technology,Accessories,East,Corporate,5,2182.51,301.9
ORD-2202,2025-09-04,Office Supplies,Binders,East,Home Office,2,45.05,10.3
ORD-2205,2025-09-04,Furniture,Chairs,South,Home Office,4,1285.0,175.88
ORD-1331,2025-09-04,Office Supplies,Binders,Central,Consumer,3,69.39,15.95
ORD-4314,2025-09-04,Furniture,Tables,East,Home Office,5,1534.08,238.71
ORD-1428,2025-09-04,Technology,Printers,Central,Home Office,7,3585.77,568.41
ORD-6791,2025-09-04,Office Supplies,Paper,Central,Corporate,3,70.38,12.24
ORD-4938,2025-09-04,Furniture,Bookcases,Central,Consumer,2,694.88,92.76
ORD-4672,2025-09-04,Office Supplies,Binders,Central,Home Office,1,18.79,3.27
ORD-2771,2025-09-04,Office Supplies,Paper,South,Consumer,7,130.09,22.15
ORD-5570,2025-09-04,Furniture,Chairs,West,Consumer,2,510.55,41.88
ORD-5227,2025-09-05,Technology,Accessories,West,Corporate,6,2465.84,452.6
ORD-2145,2025-09-05,Furniture,Tables,South,Consumer,4,1317.32,202.32
ORD-1296,2025-09-06,Technology,Laptops,East,Corporate,5,2435.42,456.71
ORD-4297,2025-09-06,Furniture,Desks,South,Home Office,5,1765.91,142.04
ORD-5509,2025-09-06,Technology,Laptops,West,Home Office,6,2577.36,318.01
ORD-5277,2025-09-06,Office Supplies,Binders,East,Home Office,4,81.32,18.17
ORD-5220,2025-09-06,Office Supplies,Paper,Central,Consumer,6,133.31,-15.36
ORD-4423,2025-09-06,Office Supplies,Binders,South,Home Office,6,106.18,21.13
ORD-6526,2025-09-06,Furniture,Chairs,West,Consumer,1,346.72,42.29
ORD-4457,2025-09-06,Technology,Laptops,South,Corporate,5,2487.6,304.2
ORD-1658,2025-09-06,Technology,Laptops,West,Consumer,1,503.37,102.36
ORD-2036,2025-09-06,Furniture,Bookcases,East,Consumer,3,891.74,126.74
ORD-5236,2025-09-06,Technology,Accessories,South,Home Office,2,868.31,192.18
ORD-1245,2025-09-06,Furniture,Desks,West,Corporate,7,2406.34,296.25
ORD-5818,2025-09-06,Office Supplies,Pens,West,Home Office,4,92.47,23.64
ORD-1445,2025-09-07,Technology,Accessories,Central,Consumer,3,1461.34,256.2
ORD-6192,2025-09-07,Technology,Printers,West,Home Office,5,2337.05,302.58
ORD-6648,2025-09-07,Office Supplies,Storage,East,Consumer,1,20.24,5.71
ORD-2402,2025-09-07,Technology,Monitors,South,Home Office,7,2995.16,665.54
ORD-4516,2025-09-07,Office Supplies,Paper,South,Consumer,2,51.89,14.32
ORD-4512,2025-09-07,Technology,Laptops,South,Consumer,7,2855.44,406.81
ORD-3714,2025-09-07,Office Supplies,Storage,South,Consumer,2,39.65,11.04
ORD-2258,2025-09-07,Furniture,Tables,West,Consumer,5,1622.35,205.5
ORD-2500,2025-09-07,Furniture,Desks,East,Corporate,7,2197.47,181.15
ORD-2048,2025-09-07,Furniture,Desks,Central,Home Office,7,1847.1,226.35
ORD-4388,2025-09-07,Furniture,Bookcases,West,Corporate,5,1519.11,182.57
ORD-4723,2025-09-08,Technology,Monitors,West,Consumer,6,3092.8,634.21
ORD-2158,2025-09-08,Office Supplies,Paper,South,Consumer,1,18.48,-3.0
ORD-1810,2025-09-08,Technology,Accessories,West,Home Office,7,3619.38,502.23
ORD-4104,2025-09-08,Office Supplies,Pens,East,Consumer,4,104.59,27.78
ORD-1709,2025-09-08,Office Supplies,Pens,East,Corporate,3,54.58,15.01
ORD-2908,2025-09-08,Office Supplies,Pens,West,Home Office,4,84.53,22.56
ORD-5976,2025-09-08,Office Supplies,Paper,Central,Home Office,1,25.79,7.34
ORD-5774,2025-09-08,Office Supplies,Pens,Central,Consumer,7,170.35,27.48
ORD-4747,2025-09-08,Furniture,Desks,West,Corporate,6,2067.26,178.37
ORD-6635,2025-09-08,Furniture,Tables,South,Corporate,5,1706.69,172.44
ORD-2549,2025-09-09,Office Supplies,Storage,Central,Home Office,6,158.29,38.55
ORD-3910,2025-09-09,Office Supplies,Storage,South,Corporate,7,134.97,21.97
ORD-2359,2025-09-09,Office Supplies,Binders,East,Corporate,5,130.95,26.48
ORD-1201,2025-09-09,Office Supplies,Storage,South,Corporate,4,88.17,18.62
ORD-2636,2025-09-09,Furniture,Desks,South,Home Office,1,358.83,48.27
ORD-3158,2025-09-09,Technology,Printers,Central,Corporate,3,1438.05,289.48
ORD-1978,2025-09-09,Office Supplies,Pens,East,Corporate,5,120.88,25.95
ORD-6982,2025-09-09,Technology,Accessories,South,Consumer,4,2137.81,445.18
ORD-2523,2025-09-10,Office Supplies,Storage,South,Home Office,2,39.29,7.97
ORD-3303,2025-09-10,Technology,Accessories,East,Corporate,5,2362.95,371.95
ORD-2809,2025-09-10,Technology,Printers,East,Home Office,3,1571.38,350.99
ORD-2518,2025-09-10,Office Supplies,Paper,Central,Corporate,7,167.6,26.46
ORD-2144,2025-09-10,Office Supplies,Pens,West,Consumer,7,160.31,43.09
ORD-5718,2025-09-10,Technology,Printers,West,Home Office,2,845.78,107.23
ORD-4432,2025-09-10,Technology,Printers,East,Consumer,6,2469.8,299.03
ORD-4616,2025-09-11,Furniture,Bookcases,Central,Consumer,1,330.0,41.81
ORD-2741,2025-09-11,Furniture,Bookcases,East,Corporate,7,2042.9,285.81
ORD-4348,2025-09-11,Furniture,Desks,East,Home Office,6,1944.58,229.87
ORD-5588,2025-09-12,Office Supplies,Binders,East,Corporate,1,26.03,4.03
ORD-2989,2025-09-12,Office Supplies,Binders,East,Home Office,3,57.71,-8.76
ORD-4450,2025-09-12,Technology,Printers,West,Corporate,5,2665.19,370.03
ORD-6521,2025-09-12,Furniture,Chairs,West,Home Office,1,272.46,22.41
ORD-4099,2025-09-13,Technology,Accessories,West,Consumer,2,861.46,169.2
ORD-6266,2025-09-13,Office Supplies,Paper,West,Home Office,3,66.22,-16.5
ORD-6388,2025-09-13,Technology,Accessories,West,Corporate,7,2782.92,436.76
ORD-1169,2025-09-13,Furniture,Tables,West,Consumer,3,1016.89,102.93
ORD-4193,2025-09-13,Office Supplies,Paper,South,Consumer,1,18.87,4.41
ORD-1234,2025-09-13,Office Supplies,Paper,West,Home Office,4,75.67,11.77
ORD-6799,2025-09-13,Technology,Accessories,South,Home Office,4,1757.3,255.78
ORD-4710,2025-09-13,Office Supplies,Storage,Central,Home Office,1,22.82,3.4
ORD-6418,2025-09-14,Furniture,Chairs,South,Corporate,5,1767.32,173.99
ORD-1037,2025-09-14,Technology,Laptops,South,Home Office,1,417.05,53.95
ORD-1727,2025-09-14,Technology,Laptops,East,Corporate,7,3564.73,613.23
ORD-5900,2025-09-14,Furniture,Tables,East,Corporate,2,664.36,68.81
ORD-3813,2025-09-14,Office Supplies,Pens,East,Home Office,3,72.42,19.01
ORD-1499,2025-09-14,Furniture,Desks,West,Corporate,5,1629.84,154.44
ORD-2694,2025-09-14,Furniture,Bookcases,East,Consumer,1,348.21,34.68
ORD-3447,2025-09-14,Technology,Monitors,South,Home Office,6,2594.51,519.66
ORD-4542,2025-09-15,Furniture,Desks,Central,Home Office,6,1920.89,294.28
ORD-6200,2025-09-15,Office Supplies,Paper,East,Home Office,6,135.03,35.61
ORD-1416,2025-09-15,Technology,Monitors,East,Home Office,4,2156.27,426.25
ORD-3656,2025-09-15,Technology,Accessories,Central,Corporate,7,3534.39,507.3
ORD-1752,2025-09-15,Technology,Printers,East,Home Office,5,2499.12,536.79
ORD-2329,2025-09-15,Technology,Laptops,West,Corporate,5,2639.8,503.69
ORD-1538,2025-09-15,Technology,Printers,South,Home Office,5,2165.9,480.4
ORD-2378,2025-09-15,Technology,Laptops,East,Consumer,4,1635.05,352.81
ORD-3761,2025-09-15,Office Supplies,Paper,Central,Corporate,3,64.32,9.08
ORD-2991,2025-09-16,Office Supplies,Paper,East,Consumer,4,73.17,12.02
ORD-3320,2025-09-16,Technology,Monitors,Central,Corporate,7,2676.47,305.89
ORD-2030,2025-09-16,Furniture,Bookcases,East,Home Office,5,1561.46,126.49
ORD-3889,2025-09-16,Office Supplies,Storage,West,Home Office,5,111.17,-17.81
ORD-5301,2025-09-16,Office Supplies,Storage,West,Home Office,7,158.55,-25.14
ORD-1490,2025-09-16,Office Supplies,Pens,Central,Consumer,6,126.08,34.15
ORD-1655,2025-09-16,Office Supplies,Pens,South,Home Office,2,37.76,5.35
ORD-3010,2025-09-17,Technology,Monitors,West,Consumer,2,1019.83,115.84
ORD-5406,2025-09-17,Furniture,Chairs,East,Home Office,2,610.73,60.73
ORD-5714,2025-09-17,Technology,Laptops,East,Consumer,1,405.5,57.39
ORD-4537,2025-09-18,Technology,Monitors,West,Home Office,1,419.39,79.11
ORD-5444,2025-09-18,Office Supplies,Pens,Central,Home Office,7,137.1,20.74
ORD-3648,2025-09-18,Furniture,Chairs,Central,Consumer,4,974.2,99.84
ORD-4640,2025-09-18,Office Supplies,Paper,South,Consumer,3,60.88,16.19
ORD-5783,2025-09-18,Office Supplies,Paper,Central,Corporate,2,50.76,10.13
ORD-1478,2025-09-18,Office Supplies,Paper,South,Home Office,3,63.74,-6.96
ORD-6801,2025-09-18,Technology,Accessories,Central,Home Office,1,493.45,78.53
ORD-2526,2025-09-18,Furniture,Desks,Central,Home Office,5,1368.13,104.61
ORD-5888,2025-09-18,Technology,Monitors,South,Consumer,7,3608.12,478.51
ORD-6033,2025-09-18,Technology,Printers,Central,Home Office,4,1852.32,405.48
ORD-2003,2025-09-18,Office Supplies,Storage,West,Corporate,2,44.49,7.47
ORD-3644,2025-09-19,Office Supplies,Pens,South,Home Office,4,102.04,25.74
ORD-6399,2025-09-19,Technology,Printers,East,Corporate,1,381.21,82.05
ORD-2643,2025-09-19,Technology,Monitors,West,Home Office,4,1878.64,267.97
ORD-6173,2025-09-19,Office Supplies,Paper,South,Home Office,5,108.05,26.26
ORD-1306,2025-09-19,Office Supplies,Paper,Central,Corporate,1,22.38,4.53
ORD-5889,2025-09-19,Furniture,Tables,South,Home Office,7,1791.49,212.5
ORD-3756,2025-09-19,Furniture,Tables,South,Consumer,4,1272.09,172.65
ORD-3556,2025-09-20,Technology,Accessories,West,Corporate,1,472.5,99.31
ORD-4097,2025-09-20,Furniture,Bookcases,Central,Corporate,3,896.59,115.89
ORD-5018,2025-09-20,Office Supplies,Binders,West,Home Office,6,115.33,27.26
ORD-4346,2025-09-20,Technology,Printers,East,Consumer,5,2353.07,459.71
ORD-4145,2025-09-20,Office Supplies,Paper,West,Corporate,7,164.22,33.26
ORD-6116,2025-09-20,Office Supplies,Storage,Central,Home Office,7,175.13,31.31
ORD-5680,2025-09-20,Furniture,Chairs,East,Corporate,6,1991.66,195.39
ORD-6141,2025-09-21,Technology,Accessories,Central,Consumer,3,1343.71,302.37
ORD-5171,2025-09-21,Furniture,Desks,West,Home Office,7,2363.38,354.63
ORD-5181,2025-09-21,Office Supplies,Paper,Central,Consumer,2,40.27,-7.46
ORD-2371,2025-09-21,Office Supplies,Binders,West,Consumer,7,178.34,49.96
ORD-1480,2025-09-21,Furniture,Tables,West,Corporate,6,1829.79,184.81
ORD-1167,2025-09-21,Office Supplies,Storage,East,Consumer,3,55.1,10.44
ORD-2269,2025-09-21,Office Supplies,Binders,East,Home Office,4,71.18,13.93
ORD-3325,2025-09-21,Technology,Accessories,West,Consumer,7,2949.36,492.38
ORD-5058,2025-09-21,Office Supplies,Pens,Central,Consumer,5,120.23,21.96
ORD-2059,2025-09-21,Technology,Laptops,East,Home Office,1,387.11,87.3
ORD-3180,2025-09-21,Furniture,Desks,East,Corporate,2,713.61,67.09
ORD-5407,2025-09-22,Technology,Monitors,Central,Consumer,1,532.19,58.49
ORD-5996,2025-09-22,Technology,Accessories,Central,Home Office,6,2918.86,607.06
ORD-6032,2025-09-22,Technology,Monitors,South,Corporate,5,1978.3,241.1
ORD-5147,2025-09-22,Office Supplies,Pens,East,Corporate,3,69.6,14.92
ORD-6256,2025-09-22,Office Supplies,Pens,East,Home Office,5,105.95,25.96
ORD-1012,2025-09-22,Office Supplies,Binders,East,Home Office,7,164.4,36.67
ORD-5753,2025-09-22,Office Supplies,Storage,East,Consumer,1,23.19,3.33
ORD-3140,2025-09-23,Office Supplies,Paper,West,Home Office,2,52.07,13.88
ORD-6944,2025-09-23,Furniture,Desks,East,Consumer,2,579.42,57.79
ORD-5869,2025-09-23,Furniture,Bookcases,West,Consumer,4,1383.05,175.19
ORD-5046,2025-09-23,Furniture,Chairs,Central,Consumer,5,1671.35,197.69
ORD-6066,2025-09-23,Office Supplies,Pens,South,Corporate,2,37.06,5.6
ORD-2004,2025-09-23,Technology,Laptops,East,Corporate,6,2562.47,390.3
ORD-3859,2025-09-23,Office Supplies,Paper,South,Home Office,6,126.01,17.89
ORD-5752,2025-09-24,Office Supplies,Pens,West,Corporate,5,121.04,33.96
ORD-2698,2025-09-24,Furniture,Bookcases,Central,Home Office,7,2319.53,218.15
ORD-3274,2025-09-24,Office Supplies,Binders,South,Home Office,4,90.05,12.85
ORD-1882,2025-09-24,Office Supplies,Pens,East,Home Office,2,38.79,7.26
ORD-1001,2025-09-24,Office Supplies,Storage,Central,Corporate,5,130.68,21.52
ORD-3608,2025-09-24,Office Supplies,Paper,South,Consumer,3,59.92,13.54
ORD-2074,2025-09-24,Office Supplies,Pens,East,Consumer,2,51.85,13.03
ORD-6198,2025-09-24,Office Supplies,Storage,South,Corporate,1,24.1,4.43
ORD-1386,2025-09-24,Furniture,Tables,South,Corporate,4,1265.8,147.1
ORD-6496,2025-09-25,Office Supplies,Paper,Central,Corporate,1,20.38,2.78
ORD-6854,2025-09-25,Office Supplies,Storage,East,Consumer,5,111.37,20.46
ORD-4186,2025-09-25,Furniture,Tables,West,Consumer,4,1363.15,105.46
ORD-3382,2025-09-25,Office Supplies,Binders,Central,Consumer,4,80.02,17.47
ORD-1805,2025-09-25,Office Supplies,Pens,East,Home Office,4,73.81,-5.6
ORD-5550,2025-09-25,Office Supplies,Binders,West,Home Office,3,75.11,16.06
ORD-1382,2025-09-26,Office Supplies,Paper,Central,Corporate,2,39.46,6.09
ORD-3284,2025-09-26,Furniture,Bookcases,East,Home Office,4,1191.59,166.39
ORD-1221,2025-09-26,Furniture,Desks,West,Home Office,1,279.41,34.91
ORD-1217,2025-09-26,Furniture,Tables,Central,Consumer,6,2101.45,257.33
ORD-2180,2025-09-26,Furniture,Desks,East,Home Office,3,887.29,125.06
ORD-1783,2025-09-26,Technology,Printers,West,Home Office,1,418.72,85.12
ORD-5234,2025-09-26,Technology,Monitors,South,Consumer,1,511.43,59.22
ORD-4166,2025-09-26,Office Supplies,Paper,South,Home Office,7,182.13,-28.7
ORD-6958,2025-09-27,Furniture,Desks,South,Home Office,2,484.04,63.49
ORD-5330,2025-09-27,Technology,Laptops,South,Home Office,4,1865.98,291.88
ORD-6283,2025-09-27,Furniture,Desks,South,Consumer,7,2134.71,269.79
ORD-6202,2025-09-27,Office Supplies,Paper,South,Corporate,2,46.68,6.82
ORD-1643,2025-09-27,Furniture,Chairs,East,Home Office,6,1983.7,240.58
ORD-3440,2025-09-27,Technology,Accessories,West,Consumer,7,2615.25,591.03
ORD-1156,2025-09-27,Technology,Printers,East,Consumer,2,1058.06,220.76
ORD-1542,2025-09-27,Office Supplies,Storage,South,Consumer,1,18.94,3.52
ORD-2655,2025-09-27,Furniture,Bookcases,Central,Home Office,5,1354.31,161.68
ORD-5024,2025-09-27,Office Supplies,Storage,Central,Home Office,5,95.37,20.88
ORD-3562,2025-09-27,Furniture,Desks,East,Consumer,2,525.63,52.53
ORD-6891,2025-09-27,Technology,Laptops,East,Home Office,4,1874.81,287.56
ORD-5336,2025-09-27,Office Supplies,Storage,West,Corporate,2,35.23,9.42
ORD-4189,2025-09-28,Office Supplies,Pens,South,Home Office,3,53.37,14.14
ORD-5320,2025-09-28,Furniture,Tables,Central,Corporate,3,748.95,90.93
ORD-2944,2025-09-28,Furniture,Tables,West,Consumer,5,1317.96,190.18
ORD-6193,2025-09-28,Office Supplies,Binders,East,Home Office,1,24.86,7.1
ORD-3251,2025-09-28,Technology,Printers,Central,Corporate,6,2887.86,399.88
ORD-4249,2025-09-28,Furniture,Desks,South,Home Office,2,648.8,84.59
ORD-2237,2025-09-28,Technology,Printers,East,Home Office,7,2960.87,525.45
ORD-5530,2025-09-29,Technology,Monitors,East,Consumer,6,2994.01,513.12
ORD-1989,2025-09-29,Furniture,Desks,West,Consumer,3,978.85,94.07
ORD-3053,2025-09-29,Office Supplies,Binders,West,Home Office,6,135.16,-32.06
ORD-2803,2025-09-29,Furniture,Bookcases,Central,Consumer,4,1152.64,85.73
ORD-6456,2025-09-29,Office Supplies,Pens,West,Corporate,1,19.55,5.07
ORD-1158,2025-09-29,Office Supplies,Binders,West,Consumer,7,149.16,25.17
ORD-1476,2025-09-29,Office Supplies,Binders,South,Home Office,5,102.38,21.49
ORD-3132,2025-09-29,Furniture,Chairs,Central,Corporate,7,2386.01,338.62
ORD-5847,2025-09-29,Office Supplies,Binders,South,Consumer,2,45.86,9.78
ORD-1568,2025-09-29,Office Supplies,Storage,Central,Consumer,5,124.02,21.33
ORD-4639,2025-09-30,Office Supplies,Storage,West,Consumer,7,158.51,25.05
ORD-5801,2025-09-30,Technology,Monitors,South,Corporate,2,892.77,144.52
ORD-6071,2025-09-30,Office Supplies,Binders,West,Corporate,1,24.48,3.71
ORD-5030,2025-09-30,Office Supplies,Binders,East,Corporate,1,18.13,4.02
ORD-1967,2025-09-30,Office Supplies,Binders,South,Home Office,4,71.54,15.38
ORD-6228,2025-09-30,Furniture,Bookcases,East,Corporate,4,1276.96,102.96
ORD-1692,2025-10-01,Technology,Laptops,Central,Home Office,2,995.27,125.89
ORD-5343,2025-10-01,Office Supplies,Pens,East,Home Office,7,254.79,41.36
ORD-2692,2025-10-01,Furniture,Bookcases,West,Home Office,6,2069.46,178.73
ORD-5144,2025-10-01,Furniture,Chairs,South,Consumer,6,1764.47,230.46
ORD-2179,2025-10-01,Technology,Laptops,Central,Consumer,6,2907.21,454.3
ORD-6573,2025-10-01,Office Supplies,Storage,West,Consumer,2,65.31,14.66
ORD-5927,2025-10-01,Office Supplies,Pens,Central,Home Office,5,181.08,37.61
ORD-3450,2025-10-01,Office Supplies,Binders,South,Consumer,3,126.19,19.99
ORD-1531,2025-10-01,Furniture,Bookcases,Central,Corporate,1,325.82,31.17
ORD-6634,2025-10-02,Office Supplies,Storage,Central,Consumer,5,162.21,26.86
ORD-1426,2025-10-02,Office Supplies,Pens,West,Home Office,3,132.09,36.89
ORD-1334,2025-10-02,Office Supplies,Paper,West,Corporate,1,47.82,10.23
ORD-4760,2025-10-02,Office Supplies,Binders,West,Consumer,5,215.63,45.65
ORD-6111,2025-10-02,Office Supplies,Paper,East,Consumer,5,164.51,21.78
ORD-6406,2025-10-02,Technology,Monitors,West,Home Office,1,427.66,62.48
ORD-2514,2025-10-02,Office Supplies,Pens,Central,Home Office,3,143.54,20.86
ORD-3264,2025-10-02,Office Supplies,Pens,Central,Home Office,1,32.14,7.65
ORD-3736,2025-10-02,Technology,Accessories,Central,Consumer,7,2880.47,352.08
ORD-3618,2025-10-03,Office Supplies,Paper,South,Corporate,1,38.07,5.97
ORD-4697,2025-10-03,Office Supplies,Paper,West,Consumer,3,120.73,33.61
ORD-6026,2025-10-03,Office Supplies,Binders,Central,Consumer,1,33.59,7.04
ORD-4294,2025-10-03,Office Supplies,Pens,East,Consumer,1,40.1,6.77
ORD-1277,2025-10-03,Technology,Printers,West,Consumer,5,1998.96,462.32
ORD-3398,2025-10-03,Technology,Monitors,Central,Home Office,1,426.26,48.14
ORD-4620,2025-10-03,Furniture,Chairs,South,Consumer,6,1980.84,194.56
ORD-4109,2025-10-04,Furniture,Tables,East,Corporate,4,1351.37,170.73
ORD-5016,2025-10-04,Office Supplies,Paper,Central,Home Office,7,319.31,76.51
ORD-6181,2025-10-04,Office Supplies,Binders,South,Home Office,4,168.34,24.16
ORD-2855,2025-10-04,Office Supplies,Binders,East,Home Office,5,193.57,25.8
ORD-2845,2025-10-04,Furniture,Chairs,Central,Home Office,1,241.09,33.07
ORD-3565,2025-10-04,Office Supplies,Paper,Central,Corporate,3,132.48,31.68
ORD-6882,2025-10-04,Technology,Accessories,West,Home Office,6,3223.82,623.56
ORD-2785,2025-10-04,Office Supplies,Pens,West,Consumer,6,226.25,56.28
ORD-1921,2025-10-04,Technology,Accessories,West,Home Office,4,1735.56,391.51
ORD-1878,2025-10-05,Office Supplies,Pens,South,Consumer,3,115.53,17.81
ORD-3782,2025-10-05,Office Supplies,Pens,West,Corporate,5,174.79,43.91
ORD-4142,2025-10-05,Technology,Laptops,South,Consumer,7,2992.29,394.62
ORD-1029,2025-10-06,Technology,Laptops,Central,Home Office,3,1542.42,245.2
ORD-5933,2025-10-06,Furniture,Desks,Central,Consumer,1,273.77,37.53
ORD-2858,2025-10-06,Office Supplies,Pens,Central,Consumer,7,269.79,43.92
ORD-4645,2025-10-06,Furniture,Desks,South,Home Office,2,637.08,50.4
ORD-5915,2025-10-06,Technology,Printers,South,Consumer,3,1095.48,252.45
ORD-6553,2025-10-06,Technology,Accessories,East,Home Office,5,1869.45,224.54
ORD-6548,2025-10-06,Office Supplies,Pens,Central,Consumer,4,186.15,45.2
ORD-5630,2025-10-06,Technology,Accessories,East,Home Office,5,1965.19,222.46
ORD-3880,2025-10-06,Office Supplies,Storage,Central,Consumer,7,286.61,46.18
ORD-4236,2025-10-07,Office Supplies,Pens,Central,Corporate,5,164.75,26.08
ORD-2794,2025-10-07,Office Supplies,Binders,South,Home Office,3,98.3,16.65
ORD-2424,2025-10-07,Technology,Monitors,Central,Consumer,7,3629.12,519.95
ORD-6658,2025-10-07,Furniture,Tables,East,Corporate,4,1438.34,222.71
ORD-2964,2025-10-07,Technology,Printers,West,Consumer,1,445.6,64.94
ORD-4528,2025-10-07,Technology,Printers,West,Home Office,6,3180.15,471.76
ORD-2850,2025-10-07,Office Supplies,Paper,Central,Home Office,3,106.37,24.62
ORD-6286,2025-10-07,Office Supplies,Binders,South,Corporate,4,191.79,53.73
ORD-4364,2025-10-07,Furniture,Chairs,West,Consumer,5,1340.58,112.94
ORD-2758,2025-10-07,Office Supplies,Paper,East,Corporate,2,71.03,16.12
ORD-5688,2025-10-07,Technology,Monitors,East,Corporate,5,1830.44,284.21
ORD-6240,2025-10-07,Technology,Printers,East,Corporate,5,2481.83,364.93
ORD-3630,2025-10-08,Furniture,Bookcases,South,Home Office,2,693.48,90.15
ORD-6050,2025-10-08,Furniture,Bookcases,West,Consumer,4,1377.25,113.06
ORD-6454,2025-10-08,Furniture,Desks,Central,Corporate,3,918.41,90.1
ORD-4880,2025-10-08,Office Supplies,Paper,Central,Consumer,2,72.7,14.01
ORD-1522,2025-10-08,Technology,Laptops,Central,Home Office,1,539.5,60.31
ORD-3998,2025-10-08,Furniture,Chairs,West,Consumer,3,782.66,115.03
ORD-1132,2025-10-09,Furniture,Tables,West,Home Office,6,1874.3,261.98
ORD-2563,2025-10-09,Furniture,Desks,East,Corporate,2,559.93,59.13
ORD-5548,2025-10-09,Technology,Accessories,South,Home Office,7,2828.95,334.39
ORD-6973,2025-10-09,Office Supplies,Paper,Central,Home Office,4,128.86,26.45
ORD-3007,2025-10-09,Furniture,Chairs,West,Consumer,3,925.71,101.44
ORD-3758,2025-10-09,Technology,Monitors,South,Consumer,1,500.24,85.6
ORD-1588,2025-10-09,Furniture,Tables,South,Home Office,6,1998.93,165.84
ORD-3432,2025-10-09,Office Supplies,Pens,West,Corporate,5,183.8,36.71
ORD-1933,2025-10-10,Office Supplies,Storage,Central,Consumer,1,44.85,8.45
ORD-1030,2025-10-10,Office Supplies,Paper,South,Corporate,4,165.16,45.71
ORD-3373,2025-10-10,Office Supplies,Paper,West,Corporate,1,33.02,5.28
ORD-1962,2025-10-10,Technology,Monitors,West,Consumer,5,2646.62,301.77
ORD-3114,2025-10-10,Technology,Accessories,East,Corporate,1,411.99,65.73
ORD-6164,2025-10-10,Technology,Laptops,South,Consumer,7,3215.22,713.56
ORD-3145,2025-10-10,Office Supplies,Storage,East,Home Office,7,273.35,43.47
ORD-4037,2025-10-10,Furniture,Tables,West,Home Office,1,303.78,25.54
ORD-3051,2025-10-10,Technology,Laptops,South,Consumer,4,2035.12,473.72
ORD-2852,2025-10-10,Furniture,Chairs,East,Corporate,2,541.54,79.53
ORD-1267,2025-10-11,Furniture,Chairs,Central,Consumer,4,1205.87,155.73
ORD-4735,2025-10-11,Office Supplies,Paper,Central,Corporate,7,299.53,77.32
ORD-5398,2025-10-11,Office Supplies,Paper,South,Consumer,6,252.69,68.67
ORD-6538,2025-10-11,Office Supplies,Paper,East,Corporate,7,295.73,52.09
ORD-6196,2025-10-11,Furniture,Tables,West,Consumer,5,1212.82,91.0
ORD-2569,2025-10-11,Office Supplies,Binders,Central,Consumer,2,85.12,16.33
ORD-2147,2025-10-11,Furniture,Desks,East,Home Office,3,895.9,109.9
ORD-5565,2025-10-11,Furniture,Tables,West,Home Office,2,550.22,56.04
ORD-2628,2025-10-11,Office Supplies,Storage,South,Corporate,2,68.31,10.14
ORD-5781,2025-10-12,Office Supplies,Binders,East,Home Office,6,214.91,-40.71
ORD-4261,2025-10-12,Technology,Laptops,West,Home Office,5,2434.8,514.43
ORD-3933,2025-10-12,Office Supplies,Paper,West,Home Office,7,242.54,55.6
ORD-2597,2025-10-12,Technology,Laptops,East,Consumer,3,1512.54,239.05
ORD-5010,2025-10-12,Office Supplies,Storage,South,Corporate,1,32.12,8.97
ORD-6239,2025-10-12,Office Supplies,Binders,West,Corporate,3,126.86,31.81
ORD-4896,2025-10-12,Furniture,Desks,East,Home Office,4,1222.75,131.19
ORD-1862,2025-10-12,Furniture,Chairs,Central,Corporate,1,259.63,33.78
ORD-6821,2025-10-13,Office Supplies,Storage,South,Consumer,1,43.18,7.54
ORD-6987,2025-10-13,Office Supplies,Paper,West,Consumer,5,218.39,46.35
ORD-4783,2025-10-13,Office Supplies,Pens,Central,Consumer,6,247.21,39.37
ORD-4841,2025-10-13,Technology,Laptops,Central,Corporate,3,1254.94,252.4
ORD-2584,2025-10-13,Technology,Laptops,South,Corporate,7,3021.68,441.47
ORD-2121,2025-10-13,Furniture,Desks,South,Home Office,1,251.28,24.23
ORD-3295,2025-10-13,Furniture,Desks,Central,Consumer,7,2278.59,244.98
ORD-6550,2025-10-13,Furniture,Desks,Central,Consumer,3,985.56,79.25
ORD-1392,2025-10-13,Furniture,Chairs,West,Home Office,5,1269.61,95.92
ORD-6723,2025-10-13,Office Supplies,Storage,West,Consumer,6,278.31,-37.09
ORD-1959,2025-10-13,Office Supplies,Storage,Central,Corporate,5,181.29,35.85
ORD-1999,2025-10-13,Furniture,Bookcases,West,Corporate,4,1156.2,124.9
ORD-1034,2025-10-13,Office Supplies,Binders,East,Corporate,1,41.23,6.68
ORD-3327,2025-10-14,Technology,Accessories,East,Home Office,2,1051.06,206.59
ORD-4163,2025-10-14,Office Supplies,Paper,Central,Corporate,5,226.83,39.28
ORD-2056,2025-10-14,Technology,Accessories,East,Corporate,7,3602.03,706.92
ORD-4818,2025-10-14,Furniture,Tables,West,Consumer,6,1940.93,255.05
ORD-5136,2025-10-14,Technology,Laptops,South,Consumer,7,3639.38,491.87
ORD-3176,2025-10-14,Furniture,Bookcases,Central,Corporate,7,2424.85,209.11
ORD-2562,2025-10-14,Technology,Monitors,East,Consumer,5,2581.49,569.34
ORD-1166,2025-10-15,Office Supplies,Pens,East,Home Office,3,102.22,28.54
ORD-3905,2025-10-15,Furniture,Chairs,West,Consumer,1,266.4,26.73
ORD-3917,2025-10-15,Office Supplies,Paper,Central,Corporate,1,41.53,10.4
ORD-1196,2025-10-15,Furniture,Desks,West,Corporate,7,2220.61,258.07
ORD-1273,2025-10-15,Technology,Accessories,South,Home Office,2,936.68,169.9
ORD-2142,2025-10-15,Technology,Printers,West,Consumer,3,1204.91,241.69
ORD-1423,2025-10-15,Technology,Accessories,East,Corporate,7,3678.61,857.67
ORD-3872,2025-10-15,Office Supplies,Pens,East,Consumer,3,134.35,22.34
ORD-3105,2025-10-15,Office Supplies,Binders,West,Corporate,7,261.2,-23.52
ORD-1857,2025-10-15,Technology,Printers,West,Consumer,7,2732.62,628.53
ORD-3144,2025-10-15,Office Supplies,Pens,West,Corporate,3,120.47,30.86
ORD-3124,2025-10-15,Office Supplies,Storage,West,Corporate,3,130.8,-14.11
ORD-5667,2025-10-15,Technology,Printers,South,Consumer,6,2852.35,556.07
ORD-4827,2025-10-16,Technology,Printers,South,Consumer,5,1960.54,315.94
ORD-5388,2025-10-16,Furniture,Tables,West,Corporate,6,1779.36,228.03
ORD-4529,2025-10-16,Office Supplies,Paper,West,Consumer,4,162.2,29.0
ORD-5760,2025-10-16,Technology,Laptops,South,Consumer,5,1811.91,239.97
ORD-5443,2025-10-16,Technology,Printers,East,Home Office,5,2531.24,430.86
ORD-1410,2025-10-16,Office Supplies,Pens,East,Home Office,3,143.12,38.87
ORD-3973,2025-10-16,Technology,Monitors,Central,Home Office,6,2691.45,377.43
ORD-6653,2025-10-16,Furniture,Desks,West,Corporate,7,2056.39,318.46
ORD-3977,2025-10-17,Furniture,Bookcases,South,Consumer,2,517.49,60.07
ORD-6931,2025-10-17,Office Supplies,Binders,Central,Consumer,4,145.71,25.03
ORD-1523,2025-10-17,Office Supplies,Pens,East,Home Office,7,310.9,57.68
ORD-2236,2025-10-17,Office Supplies,Storage,South,Corporate,3,111.04,27.2
ORD-1252,2025-10-17,Office Supplies,Storage,Central,Home Office,1,45.2,6.81
ORD-3149,2025-10-17,Technology,Laptops,South,Corporate,5,1954.65,299.31
ORD-2613,2025-10-17,Technology,Monitors,West,Consumer,4,1856.51,286.06
ORD-3160,2025-10-17,Technology,Printers,South,Home Office,3,1463.31,282.89
ORD-1127,2025-10-17,Technology,Laptops,East,Consumer,5,2224.86,398.63
ORD-3725,2025-10-17,Office Supplies,Paper,West,Consumer,3,105.27,-23.21
ORD-5911,2025-10-17,Furniture,Chairs,Central,Corporate,4,1344.22,169.06
ORD-1895,2025-10-17,Office Supplies,Storage,West,Home Office,4,180.08,38.8
ORD-6264,2025-10-18,Furniture,Tables,South,Consumer,4,1196.39,87.76
ORD-4012,2025-10-18,Office Supplies,Pens,West,Corporate,1,35.87,6.5
ORD-2387,2025-10-18,Office Supplies,Storage,Central,Corporate,4,144.39,21.25
ORD-6562,2025-10-18,Technology,Monitors,South,Home Office,5,2448.51,288.62
ORD-5417,2025-10-18,Technology,Laptops,West,Home Office,5,2147.91,311.26
ORD-3381,2025-10-18,Office Supplies,Pens,West,Corporate,1,33.04,4.71
ORD-3955,2025-10-19,Furniture,Tables,South,Corporate,1,324.11,35.08
ORD-4040,2025-10-19,Office Supplies,Storage,Central,Consumer,1,35.76,7.65
ORD-6764,2025-10-19,Furniture,Bookcases,East,Corporate,6,2086.68,303.04
ORD-6232,2025-10-19,Technology,Accessories,West,Corporate,5,2272.31,279.72
ORD-5192,2025-10-19,Technology,Printers,East,Consumer,5,1952.29,299.5
ORD-5474,2025-10-19,Furniture,Bookcases,West,Corporate,4,1062.6,159.42
ORD-5165,2025-10-19,Office Supplies,Pens,West,Corporate,7,299.28,83.51
ORD-6367,2025-10-19,Furniture,Chairs,Central,Corporate,1,340.32,49.08
ORD-5759,2025-10-19,Office Supplies,Paper,West,Corporate,6,205.62,33.58
ORD-4726,2025-10-19,Technology,Accessories,East,Corporate,2,1026.04,123.15
ORD-5385,2025-10-19,Office Supplies,Pens,South,Consumer,3,113.61,28.75
ORD-1139,2025-10-19,Office Supplies,Paper,Central,Corporate,2,80.95,16.89
ORD-3667,2025-10-19,Technology,Monitors,West,Home Office,5,2467.6,555.91
ORD-1141,2025-10-19,Office Supplies,Storage,West,Consumer,1,39.91,10.42
ORD-6731,2025-10-20,Furniture,Tables,Central,Consumer,7,2183.33,238.83
ORD-3576,2025-10-20,Office Supplies,Storage,East,Corporate,6,219.91,38.36
ORD-2123,2025-10-20,Furniture,Desks,East,Home Office,3,941.1,94.17
ORD-2085,2025-10-20,Office Supplies,Paper,South,Corporate,6,267.04,39.67
ORD-6287,2025-10-20,Furniture,Desks,West,Corporate,7,1937.7,225.37
ORD-6288,2025-10-20,Technology,Monitors,South,Home Office,1,498.57,57.91
ORD-5527,2025-10-20,Technology,Accessories,West,Corporate,4,1631.41,313.38
ORD-5498,2025-10-20,Furniture,Desks,Central,Home Office,2,678.54,72.68
ORD-4999,2025-10-20,Technology,Laptops,Central,Home Office,7,3448.5,689.13
ORD-1083,2025-10-21,Office Supplies,Binders,West,Corporate,2,84.37,12.32
ORD-1150,2025-10-21,Office Supplies,Pens,West,Consumer,5,213.59,-35.81
ORD-5237,2025-10-21,Technology,Monitors,Central,Consumer,5,2585.61,602.77
ORD-5845,2025-10-21,Technology,Laptops,East,Consumer,1,407.05,83.01
ORD-3421,2025-10-21,Furniture,Tables,West,Home Office,6,2081.42,322.6
ORD-3054,2025-10-21,Furniture,Chairs,Central,Corporate,3,940.63,122.11
ORD-3886,2025-10-21,Office Supplies,Paper,South,Corporate,3,134.99,21.77
ORD-5817,2025-10-21,Furniture,Bookcases,West,Corporate,6,1477.85,137.78
ORD-1899,2025-10-21,Office Supplies,Paper,West,Corporate,1,40.05,8.28
ORD-4854,2025-10-21,Technology,Accessories,East,Consumer,4,1758.16,332.11
ORD-2296,2025-10-21,Furniture,Desks,South,Corporate,3,904.13,114.01
ORD-1327,2025-10-21,Technology,Laptops,Central,Consumer,7,2847.96,633.12
ORD-3671,2025-10-21,Office Supplies,Binders,South,Consumer,4,151.66,26.88
ORD-3902,2025-10-21,Office Supplies,Pens,East,Consumer,6,269.04,74.93
ORD-2400,2025-10-22,Office Supplies,Pens,South,Home Office,1,47.16,8.04
ORD-4101,2025-10-22,Office Supplies,Paper,South,Consumer,1,36.7,7.32
ORD-3521,2025-10-22,Office Supplies,Pens,West,Home Office,1,40.39,6.02
ORD-5213,2025-10-22,Office Supplies,Storage,East,Home Office,4,150.59,43.04
ORD-6746,2025-10-22,Technology,Monitors,South,Corporate,4,1765.44,251.04
ORD-2306,2025-10-22,Office Supplies,Pens,Central,Home Office,1,37.39,6.75
ORD-6588,2025-10-22,Office Supplies,Paper,East,Consumer,1,36.28,8.64
ORD-5863,2025-10-22,Technology,Accessories,West,Corporate,1,401.17,71.7
ORD-3293,2025-10-22,Technology,Accessories,Central,Home Office,3,1363.55,242.35
ORD-6039,2025-10-22,Technology,Printers,East,Home Office,3,1600.46,332.9
ORD-4714,2025-10-22,Office Supplies,Storage,East,Corporate,7,226.83,32.3
ORD-5067,2025-10-22,Office Supplies,Pens,South,Home Office,5,165.94,23.53
ORD-4678,2025-10-22,Furniture,Desks,East,Consumer,3,914.6,107.55
ORD-6688,2025-10-22,Furniture,Desks,South,Corporate,4,1395.63,200.64
ORD-4122,2025-10-23,Technology,Monitors,South,Home Office,6,2544.42,288.23
ORD-4805,2025-10-23,Office Supplies,Pens,West,Home Office,3,131.56,20.94
ORD-5063,2025-10-23,Office Supplies,Pens,West,Consumer,1,39.73,9.34
ORD-3834,2025-10-23,Technology,Monitors,South,Home Office,2,809.87,183.54
ORD-1402,2025-10-23,Technology,Laptops,Central,Consumer,4,1469.99,232.41
ORD-6839,2025-10-23,Office Supplies,Pens,South,Consumer,7,322.88,66.16
ORD-2503,2025-10-23,Office Supplies,Binders,South,Consumer,2,77.93,18.53
ORD-1449,2025-10-23,Technology,Accessories,South,Consumer,1,363.56,57.16
ORD-3231,2025-10-23,Technology,Monitors,Central,Consumer,4,2027.76,421.94
ORD-4091,2025-10-23,Office Supplies,Binders,East,Corporate,7,229.03,44.67
ORD-4209,2025-10-23,Furniture,Tables,South,Corporate,5,1745.85,127.69
ORD-5333,2025-10-24,Furniture,Chairs,West,Corporate,6,1687.67,223.42
ORD-4028,2025-10-24,Technology,Laptops,Central,Consumer,7,3396.09,397.01
ORD-5684,2025-10-24,Furniture,Tables,Central,Corporate,3,947.41,138.17
ORD-6930,2025-10-24,Furniture,Tables,Central,Consumer,7,2144.27,257.51
ORD-3681,2025-10-24,Office Supplies,Binders,East,Home Office,5,186.49,-26.1
ORD-2550,2025-10-24,Technology,Printers,East,Corporate,4,2143.02,307.39
ORD-1579,2025-10-24,Technology,Monitors,South,Consumer,2,920.53,126.25
ORD-4897,2025-10-25,Technology,Accessories,South,Corporate,7,2640.77,409.36
ORD-2385,2025-10-25,Office Supplies,Paper,South,Home Office,3,97.13,20.85
ORD-3469,2025-10-25,Furniture,Tables,West,Corporate,4,964.74,96.86
ORD-5201,2025-10-25,Office Supplies,Paper,East,Consumer,7,237.91,35.81
ORD-6600,2025-10-25,Technology,Accessories,East,Corporate,4,2093.92,327.7
ORD-2516,2025-10-25,Technology,Accessories,Central,Home Office,7,2560.4,474.06
ORD-2606,2025-10-25,Technology,Laptops,East,Home Office,3,1484.22,242.04
ORD-5670,2025-10-25,Furniture,Chairs,East,Consumer,2,535.05,61.95
ORD-4154,2025-10-25,Furniture,Tables,Central,Corporate,4,1005.52,146.46
ORD-3438,2025-10-25,Office Supplies,Storage,West,Home Office,5,163.66,37.43
ORD-3437,2025-10-25,Furniture,Desks,South,Consumer,4,1288.21,126.54
ORD-4558,2025-10-26,Office Supplies,Binders,Central,Home Office,5,181.49,44.91
ORD-2786,2025-10-26,Technology,Monitors,South,Consumer,1,502.07,62.46
ORD-1160,2025-10-26,Technology,Printers,East,Consumer,4,1597.14,363.66
ORD-2386,2025-10-26,Office Supplies,Paper,South,Corporate,2,82.86,14.34
ORD-5579,2025-10-26,Office Supplies,Pens,South,Home Office,2,67.78,13.7
ORD-5895,2025-10-26,Technology,Accessories,West,Corporate,7,3689.5,715.7
ORD-1825,2025-10-26,Office Supplies,Paper,East,Consumer,5,205.52,41.62
ORD-3375,2025-10-26,Technology,Printers,West,Home Office,6,3178.07,548.37
ORD-5105,2025-10-26,Office Supplies,Storage,South,Corporate,5,161.95,24.73
ORD-5739,2025-10-26,Office Supplies,Binders,South,Consumer,6,232.24,65.71
ORD-5786,2025-10-26,Technology,Laptops,South,Consumer,6,2345.97,331.12
ORD-1075,2025-10-26,Office Supplies,Binders,Central,Consumer,7,326.95,87.3
ORD-5593,2025-10-26,Furniture,Chairs,South,Corporate,3,791.83,86.84
ORD-5532,2025-10-26,Furniture,Tables,Central,Corporate,3,831.37,117.32
ORD-1466,2025-10-27,Furniture,Desks,Central,Corporate,2,623.3,76.02
ORD-5662,2025-10-27,Technology,Monitors,Central,Home Office,2,761.86,167.89
ORD-2459,2025-10-27,Furniture,Tables,West,Consumer,6,1693.75,200.9
ORD-6423,2025-10-27,Furniture,Bookcases,West,Corporate,7,1811.52,209.9
ORD-1401,2025-10-27,Office Supplies,Paper,South,Corporate,2,65.01,11.89
ORD-4520,2025-10-27,Furniture,Bookcases,Central,Home Office,5,1619.89,251.85
ORD-2574,2025-10-27,Technology,Printers,South,Home Office,1,378.59,43.37
ORD-6293,2025-10-27,Furniture,Desks,South,Consumer,1,276.73,29.51
ORD-6996,2025-10-27,Office Supplies,Storage,East,Consumer,6,255.72,64.73
ORD-4303,2025-10-28,Office Supplies,Storage,East,Consumer,6,199.22,33.63
ORD-5469,2025-10-28,Office Supplies,Storage,East,Consumer,5,212.77,34.4
ORD-4544,2025-10-29,Technology,Monitors,East,Consumer,1,468.98,101.5
ORD-1549,2025-10-29,Technology,Printers,West,Consumer,3,1512.78,238.12
ORD-4997,2025-10-29,Technology,Monitors,West,Consumer,2,985.13,125.73
ORD-6976,2025-10-29,Technology,Accessories,West,Corporate,7,2652.85,382.36
ORD-6379,2025-10-30,Office Supplies,Storage,East,Home Office,2,66.98,17.21
ORD-2798,2025-10-30,Technology,Printers,East,Consumer,5,2476.23,382.89
ORD-1957,2025-10-30,Office Supplies,Pens,South,Corporate,3,121.24,26.86
ORD-2687,2025-10-30,Office Supplies,Paper,East,Home Office,4,152.56,36.83
ORD-3856,2025-10-30,Furniture,Desks,West,Home Office,4,1128.05,111.65
ORD-3776,2025-10-30,Technology,Printers,Central,Home Office,5,2085.12,460.73
ORD-5967,2025-10-30,Furniture,Tables,West,Corporate,3,869.43,107.51
ORD-4625,2025-10-30,Furniture,Desks,West,Consumer,5,1228.9,169.17
ORD-1915,2025-10-31,Furniture,Chairs,West,Consumer,6,1931.99,168.89
ORD-5212,2025-10-31,Technology,Printers,East,Corporate,2,849.05,143.1
ORD-2883,2025-10-31,Technology,Laptops,East,Corporate,4,1808.5,358.92
ORD-2489,2025-10-31,Furniture,Desks,East,Corporate,4,1040.89,77.6
ORD-3520,2025-10-31,Furniture,Chairs,West,Home Office,7,2131.6,246.02
ORD-1657,2025-10-31,Office Supplies,Binders,East,Corporate,1,42.33,-10.13
ORD-2907,2025-10-31,Furniture,Chairs,Central,Consumer,1,353.03,50.62
ORD-4904,2025-10-31,Technology,Monitors,Central,Home Office,2,1049.04,190.58
ORD-5997,2025-10-31,Furniture,Bookcases,Central,Corporate,5,1241.81,120.67
ORD-2744,2025-10-31,Office Supplies,Binders,Central,Corporate,6,194.24,47.77
ORD-1388,2025-10-31,Office Supplies,Storage,Central,Home Office,6,276.67,67.27
ORD-4382,2025-10-31,Office Supplies,Paper,West,Corporate,4,155.16,41.21
ORD-4289,2025-11-01,Technology,Laptops,South,Consumer,1,707.07,129.56
ORD-1123,2025-11-01,Furniture,Bookcases,South,Home Office,3,809.36,97.54
ORD-2272,2025-11-01,Office Supplies,Pens,East,Corporate,3,136.48,33.63
ORD-1118,2025-11-01,Office Supplies,Paper,South,Home Office,2,88.68,12.65
ORD-6481,2025-11-01,Furniture,Tables,East,Consumer,3,1026.57,92.13
ORD-5988,2025-11-01,Technology,Monitors,East,Corporate,6,4581.51,1020.36
ORD-2782,2025-11-02,Furniture,Desks,Central,Home Office,5,1667.04,133.1
ORD-5732,2025-11-02,Furniture,Tables,West,Consumer,4,655.88,71.57
ORD-3167,2025-11-02,Technology,Printers,West,Home Office,4,1836.18,218.54
ORD-3048,2025-11-02,Office Supplies,Paper,South,Corporate,6,245.28,34.35
ORD-3318,2025-11-02,Furniture,Desks,West,Consumer,5,746.36,67.31
ORD-4604,2025-11-02,Office Supplies,Storage,West,Corporate,3,53.12,14.29
ORD-6386,2025-11-02,Office Supplies,Pens,West,Home Office,2,44.36,-7.96
ORD-3174,2025-11-02,Furniture,Tables,Central,Home Office,3,955.88,96.15
ORD-3221,2025-11-02,Office Supplies,Pens,Central,Home Office,1,35.18,7.55
ORD-5844,2025-11-02,Furniture,Chairs,Central,Corporate,1,266.57,38.14
ORD-5580,2025-11-03,Furniture,Tables,Central,Home Office,6,1732.08,135.72
ORD-1854,2025-11-03,Office Supplies,Storage,South,Home Office,1,36.05,7.94
ORD-1931,2025-11-03,Technology,Printers,South,Home Office,7,6563.61,1140.33
ORD-5842,2025-11-03,Furniture,Desks,South,Consumer,6,1766.54,215.79
ORD-2226,2025-11-03,Technology,Laptops,Central,Home Office,2,1829.82,221.4
ORD-2065,2025-11-03,Office Supplies,Binders,East,Home Office,7,252.87,51.29
ORD-2712,2025-11-03,Office Supplies,Binders,West,Corporate,5,97.32,19.59
ORD-4502,2025-11-03,Furniture,Bookcases,West,Corporate,6,811.16,77.39
ORD-4545,2025-11-03,Technology,Accessories,South,Corporate,5,4160.21,781.04
ORD-6788,2025-11-03,Technology,Monitors,West,Home Office,6,2704.21,600.04
ORD-4835,2025-11-03,Office Supplies,Binders,South,Corporate,7,296.13,59.42
ORD-3633,2025-11-03,Technology,Printers,Central,Corporate,7,5624.47,1035.99
ORD-6910,2025-11-03,Technology,Laptops,South,Consumer,2,1892.66,416.28
ORD-2544,2025-11-03,Technology,Accessories,West,Corporate,4,1692.3,348.89
ORD-3952,2025-11-03,Furniture,Tables,Central,Corporate,1,359.77,39.69
ORD-2161,2025-11-04,Furniture,Chairs,Central,Corporate,4,1406.8,101.92
ORD-3245,2025-11-04,Technology,Accessories,Central,Consumer,5,4325.03,643.51
ORD-5268,2025-11-04,Office Supplies,Binders,West,Consumer,6,97.5,17.9
ORD-6575,2025-11-04,Furniture,Bookcases,East,Corporate,6,1609.93,125.08
ORD-6138,2025-11-04,Office Supplies,Binders,West,Home Office,2,36.63,6.27
ORD-6747,2025-11-04,Furniture,Chairs,South,Corporate,2,636.67,62.22
ORD-2081,2025-11-04,Furniture,Chairs,East,Consumer,6,1875.65,223.26
ORD-1758,2025-11-04,Office Supplies,Binders,West,Consumer,3,59.69,-5.95
ORD-6179,2025-11-04,Office Supplies,Pens,Central,Corporate,2,90.0,20.94
ORD-5526,2025-11-05,Office Supplies,Paper,West,Home Office,7,119.0,26.64
ORD-5528,2025-11-05,Office Supplies,Pens,East,Corporate,7,297.67,47.88
ORD-4991,2025-11-05,Technology,Accessories,East,Consumer,5,4511.99,884.86
ORD-4622,2025-11-05,Office Supplies,Storage,Central,Consumer,4,163.83,30.35
ORD-2596,2025-11-05,Furniture,Bookcases,West,Corporate,7,968.66,123.95
ORD-5450,2025-11-05,Furniture,Chairs,Central,Corporate,6,1880.93,160.67
ORD-2334,2025-11-05,Technology,Printers,Central,Corporate,7,5383.25,726.75
ORD-2662,2025-11-05,Office Supplies,Binders,Central,Consumer,1,32.64,6.35
ORD-1781,2025-11-05,Office Supplies,Pens,East,Home Office,6,221.79,37.55
ORD-6885,2025-11-05,Office Supplies,Pens,South,Consumer,7,289.13,44.36
ORD-6873,2025-11-05,Furniture,Chairs,Central,Home Office,2,499.47,67.71
ORD-6190,2025-11-05,Office Supplies,Paper,West,Corporate,1,22.41,3.7
ORD-6705,2025-11-05,Office Supplies,Storage,East,Home Office,6,248.83,65.46
ORD-1457,2025-11-06,Technology,Laptops,West,Home Office,4,1355.68,240.94
ORD-6354,2025-11-06,Technology,Laptops,Central,Corporate,4,3317.08,632.39
ORD-4454,2025-11-06,Technology,Accessories,East,Consumer,5,3950.0,545.26
ORD-5183,2025-11-06,Office Supplies,Paper,East,Home Office,7,283.17,64.77
ORD-2719,2025-11-06,Furniture,Desks,South,Consumer,3,973.47,91.36
ORD-5179,2025-11-06,Office Supplies,Binders,Central,Consumer,2,71.57,12.91
ORD-3517,2025-11-07,Furniture,Tables,West,Home Office,1,161.52,23.11
ORD-3060,2025-11-07,Office Supplies,Binders,West,Corporate,2,41.96,-9.53
ORD-1887,2025-11-07,Office Supplies,Binders,Central,Corporate,3,100.04,23.47
ORD-6149,2025-11-07,Office Supplies,Paper,East,Home Office,3,119.43,16.15
ORD-6834,2025-11-07,Office Supplies,Storage,Central,Corporate,1,46.19,10.54
ORD-4459,2025-11-07,Furniture,Chairs,Central,Consumer,1,303.2,29.17
ORD-3645,2025-11-07,Office Supplies,Paper,East,Home Office,3,99.77,14.67
ORD-1551,2025-11-07,Furniture,Desks,East,Consumer,3,908.9,124.63
ORD-1557,2025-11-08,Technology,Laptops,Central,Home Office,7,6731.6,1105.91
ORD-3037,2025-11-08,Technology,Accessories,South,Home Office,3,2913.49,660.62
ORD-6606,2025-11-08,Furniture,Chairs,South,Corporate,2,613.8,46.59
ORD-5488,2025-11-08,Technology,Printers,East,Consumer,1,686.15,89.98
ORD-1660,2025-11-08,Technology,Accessories,West,Home Office,4,1406.08,161.67
ORD-6601,2025-11-08,Technology,Laptops,South,Corporate,1,805.92,171.91
ORD-6964,2025-11-09,Technology,Printers,East,Corporate,5,3334.32,461.82
ORD-5949,2025-11-09,Office Supplies,Storage,West,Consumer,2,37.09,10.48
ORD-1106,2025-11-09,Office Supplies,Storage,West,Corporate,5,109.23,17.47
ORD-1346,2025-11-09,Technology,Accessories,South,Home Office,4,3735.41,719.21
ORD-3878,2025-11-09,Furniture,Bookcases,West,Corporate,3,403.26,50.65
ORD-6669,2025-11-09,Technology,Accessories,Central,Corporate,7,4578.87,632.89
ORD-5094,2025-11-09,Furniture,Bookcases,West,Home Office,7,894.65,128.73
ORD-6095,2025-11-09,Office Supplies,Binders,West,Home Office,4,82.45,14.36
ORD-2061,2025-11-09,Furniture,Desks,West,Corporate,1,147.31,17.49
ORD-2817,2025-11-10,Furniture,Tables,Central,Corporate,6,1898.61,291.79
ORD-6490,2025-11-10,Technology,Laptops,South,Home Office,4,3606.97,417.32
ORD-6848,2025-11-10,Technology,Accessories,West,Home Office,1,403.65,46.75
ORD-6463,2025-11-10,Technology,Laptops,South,Consumer,6,5357.23,1106.07
ORD-6883,2025-11-10,Office Supplies,Paper,Central,Corporate,2,70.51,18.8
ORD-5604,2025-11-10,Office Supplies,Pens,South,Corporate,6,259.34,54.41
ORD-5203,2025-11-10,Furniture,Tables,Central,Corporate,1,358.78,41.08
ORD-6065,2025-11-11,Technology,Accessories,South,Home Office,3,2041.31,347.49
ORD-2384,2025-11-11,Technology,Monitors,Central,Corporate,6,5427.47,984.87
ORD-2697,2025-11-11,Technology,Printers,East,Corporate,4,3453.0,479.88
ORD-5420,2025-11-11,Technology,Monitors,Central,Consumer,3,2727.43,328.6
ORD-1686,2025-11-11,Office Supplies,Storage,Central,Consumer,7,267.23,71.75
ORD-3637,2025-11-11,Furniture,Tables,West,Corporate,2,289.2,41.19
ORD-3395,2025-11-12,Technology,Laptops,South,Consumer,2,1900.59,386.24
ORD-5146,2025-11-12,Technology,Laptops,South,Home Office,5,4440.28,992.92
ORD-6422,2025-11-12,Technology,Monitors,West,Corporate,6,2218.73,499.27
ORD-4975,2025-11-12,Technology,Accessories,East,Home Office,7,5964.42,808.49
ORD-6757,2025-11-12,Office Supplies,Storage,South,Home Office,1,34.13,9.55
ORD-2127,2025-11-12,Office Supplies,Paper,East,Home Office,6,218.08,49.06
ORD-6339,2025-11-12,Furniture,Bookcases,South,Corporate,2,637.92,73.12
ORD-2012,2025-11-12,Technology,Accessories,East,Consumer,1,705.63,155.21
ORD-4565,2025-11-12,Office Supplies,Pens,Central,Corporate,3,110.54,25.56
ORD-2223,2025-11-12,Office Supplies,Pens,West,Consumer,4,83.47,15.82
ORD-1574,2025-11-12,Office Supplies,Paper,West,Corporate,7,138.63,21.74
ORD-1651,2025-11-13,Furniture,Bookcases,East,Consumer,7,1887.82,273.3
ORD-6970,2025-11-13,Furniture,Desks,West,Corporate,1,131.28,18.62
ORD-6742,2025-11-13,Office Supplies,Storage,West,Consumer,1,22.24,4.75
ORD-2041,2025-11-13,Technology,Laptops,South,Home Office,5,4303.01,671.97
ORD-4430,2025-11-13,Office Supplies,Pens,East,Consumer,5,171.48,46.58
ORD-4233,2025-11-14,Office Supplies,Paper,South,Consumer,3,101.28,25.52
ORD-3983,2025-11-14,Technology,Accessories,East,Home Office,6,5548.61,1103.35
ORD-5615,2025-11-14,Office Supplies,Binders,East,Home Office,3,101.06,15.64
ORD-4064,2025-11-14,Furniture,Tables,West,Home Office,7,886.86,94.86
ORD-2232,2025-11-14,Furniture,Desks,Central,Corporate,1,323.42,26.55
ORD-3199,2025-11-14,Office Supplies,Paper,South,Corporate,3,110.51,14.88
ORD-2781,2025-11-14,Technology,Printers,Central,Corporate,6,5445.55,1117.59
ORD-3247,2025-11-14,Furniture,Desks,South,Home Office,6,1859.01,275.79
ORD-5913,2025-11-14,Furniture,Chairs,West,Home Office,7,1222.57,124.44
ORD-4806,2025-11-14,Office Supplies,Binders,Central,Consumer,3,102.88,14.6
ORD-5271,2025-11-14,Office Supplies,Storage,South,Corporate,2,65.34,16.76
ORD-2603,2025-11-14,Office Supplies,Pens,East,Home Office,4,152.47,30.27
ORD-2509,2025-11-14,Office Supplies,Pens,Central,Consumer,1,44.32,9.39
ORD-5587,2025-11-14,Office Supplies,Pens,West,Home Office,6,117.22,28.77
ORD-2173,2025-11-14,Technology,Accessories,Central,Corporate,1,660.25,81.54
ORD-5698,2025-11-15,Furniture,Tables,East,Corporate,7,1918.89,251.22
ORD-4119,2025-11-15,Technology,Accessories,South,Corporate,1,817.3,118.29
ORD-6905,2025-11-15,Office Supplies,Storage,East,Home Office,3,132.06,36.61
ORD-5990,2025-11-15,Office Supplies,Binders,East,Consumer,5,207.25,27.75
ORD-3703,2025-11-15,Technology,Printers,West,Consumer,7,2278.31,370.59
ORD-2995,2025-11-15,Furniture,Desks,West,Corporate,1,143.92,14.46
ORD-6140,2025-11-15,Technology,Laptops,Central,Home Office,7,6070.81,890.23
ORD-3126,2025-11-15,Technology,Laptops,West,Corporate,5,1998.51,260.01
ORD-2471,2025-11-15,Furniture,Tables,East,Consumer,3,731.9,52.77
ORD-2374,2025-11-16,Furniture,Desks,East,Corporate,2,520.86,65.19
ORD-6368,2025-11-16,Technology,Printers,Central,Home Office,3,2649.58,474.18
ORD-2948,2025-11-16,Furniture,Tables,West,Home Office,4,510.07,50.65
ORD-6316,2025-11-16,Technology,Printers,East,Corporate,4,3642.52,737.74
ORD-2505,2025-11-16,Furniture,Tables,South,Consumer,3,973.26,118.96
ORD-3071,2025-11-16,Office Supplies,Binders,South,Consumer,4,141.63,-14.93
ORD-3049,2025-11-16,Technology,Accessories,South,Consumer,6,4843.7,534.37
ORD-1540,2025-11-16,Office Supplies,Storage,East,Home Office,7,288.2,81.92
ORD-6782,2025-11-17,Office Supplies,Pens,West,Home Office,2,40.03,-3.67
ORD-1218,2025-11-17,Office Supplies,Storage,East,Consumer,2,75.15,16.92
ORD-2903,2025-11-17,Technology,Monitors,South,Corporate,7,5349.67,1194.3
ORD-1645,2025-11-17,Technology,Monitors,West,Home Office,2,705.4,140.36
ORD-6327,2025-11-17,Office Supplies,Paper,South,Corporate,4,154.88,34.79
ORD-6353,2025-11-17,Office Supplies,Paper,South,Consumer,1,38.93,7.83
ORD-4982,2025-11-17,Technology,Laptops,West,Consumer,1,420.41,60.0
ORD-1966,2025-11-18,Office Supplies,Storage,East,Corporate,3,127.96,35.7
ORD-2720,2025-11-18,Furniture,Desks,East,Home Office,1,310.73,40.23
ORD-4441,2025-11-18,Furniture,Tables,Central,Consumer,2,506.27,74.01
ORD-3346,2025-11-18,Furniture,Chairs,West,Consumer,5,633.22,60.96
ORD-1005,2025-11-18,Furniture,Desks,East,Corporate,5,1338.54,123.48
ORD-6794,2025-11-18,Office Supplies,Storage,Central,Home Office,1,40.21,9.56
ORD-5419,2025-11-18,Furniture,Bookcases,East,Consumer,1,325.87,38.2
ORD-1477,2025-11-18,Office Supplies,Paper,East,Consumer,6,245.12,39.67
ORD-1804,2025-11-18,Office Supplies,Pens,Central,Corporate,7,301.09,49.63
ORD-4985,2025-11-18,Furniture,Bookcases,South,Consumer,1,285.87,28.55
ORD-4685,2025-11-18,Office Supplies,Pens,West,Consumer,5,116.92,27.73
ORD-3366,2025-11-19,Technology,Monitors,South,Consumer,1,893.53,137.22
ORD-1020,2025-11-19,Technology,Accessories,South,Consumer,4,3063.26,705.91
ORD-2682,2025-11-19,Office Supplies,Binders,West,Consumer,7,127.68,20.29
ORD-2227,2025-11-19,Office Supplies,Storage,Central,Corporate,2,76.32,19.28
ORD-3688,2025-11-19,Technology,Printers,Central,Consumer,4,3618.71,419.11
ORD-6217,2025-11-19,Furniture,Desks,East,Corporate,2,509.84,78.09
ORD-3730,2025-11-19,Office Supplies,Pens,West,Corporate,6,130.88,18.34
ORD-4924,2025-11-19,Furniture,Desks,Central,Corporate,3,1027.0,116.9
ORD-6509,2025-11-20,Furniture,Desks,South,Corporate,4,1021.86,101.27
ORD-2171,2025-11-20,Furniture,Bookcases,West,Corporate,5,607.32,73.39
ORD-6154,2025-11-20,Office Supplies,Pens,South,Corporate,5,234.25,36.09
ORD-3134,2025-11-20,Technology,Laptops,South,Consumer,7,6385.39,1428.5
ORD-4298,2025-11-20,Office Supplies,Pens,West,Corporate,6,104.62,17.25
ORD-4185,2025-11-20,Furniture,Chairs,South,Consumer,6,2111.05,205.48
ORD-2178,2025-11-20,Technology,Laptops,South,Consumer,4,3127.85,419.07
ORD-5361,2025-11-20,Office Supplies,Paper,Central,Home Office,6,193.33,52.0
ORD-1460,2025-11-20,Office Supplies,Storage,East,Home Office,6,252.02,35.23
ORD-1799,2025-11-21,Technology,Monitors,Central,Corporate,6,5619.02,792.86
ORD-6864,2025-11-21,Office Supplies,Storage,East,Home Office,3,132.45,37.85
ORD-5809,2025-11-21,Technology,Printers,South,Consumer,3,2042.62,246.81
ORD-4483,2025-11-21,Office Supplies,Paper,Central,Home Office,2,76.79,13.74
ORD-5882,2025-11-22,Technology,Laptops,South,Consumer,2,1856.75,268.71
ORD-6333,2025-11-22,Office Supplies,Binders,Central,Home Office,1,40.75,8.43
ORD-5813,2025-11-22,Furniture,Desks,West,Home Office,2,313.57,31.87
ORD-2960,2025-11-22,Furniture,Desks,West,Corporate,6,1072.99,164.29
ORD-4849,2025-11-22,Technology,Laptops,East,Consumer,4,3857.51,777.8
ORD-4206,2025-11-22,Office Supplies,Storage,West,Home Office,2,39.79,9.58
ORD-3507,2025-11-22,Furniture,Chairs,East,Consumer,7,2470.46,296.08
ORD-6917,2025-11-22,Furniture,Tables,East,Consumer,1,318.31,48.6
ORD-5692,2025-11-22,Office Supplies,Paper,South,Home Office,4,134.69,21.29
ORD-1958,2025-11-22,Technology,Monitors,East,Consumer,4,3486.46,660.14
ORD-5287,2025-11-22,Office Supplies,Pens,West,Home Office,7,126.8,27.15
ORD-6134,2025-11-22,Furniture,Desks,Central,Consumer,2,531.98,42.78
ORD-6676,2025-11-22,Office Supplies,Binders,East,Consumer,3,123.91,33.26
ORD-2760,2025-11-22,Furniture,Desks,South,Consumer,1,279.46,35.46
ORD-6597,2025-11-22,Technology,Monitors,West,Consumer,6,2294.74,478.56
ORD-2417,2025-11-23,Office Supplies,Pens,East,Corporate,4,181.03,29.16
ORD-4056,2025-11-23,Furniture,Tables,West,Corporate,1,161.96,13.41
ORD-3986,2025-11-23,Furniture,Chairs,West,Corporate,7,862.92,68.25
ORD-3845,2025-11-23,Technology,Printers,West,Corporate,5,1968.93,375.13
ORD-1911,2025-11-23,Technology,Monitors,East,Consumer,6,4484.98,504.25
ORD-3533,2025-11-24,Furniture,Tables,South,Corporate,4,992.52,147.15
ORD-1852,2025-11-24,Technology,Laptops,East,Home Office,1,658.7,150.31
ORD-5633,2025-11-24,Furniture,Bookcases,East,Home Office,3,861.59,88.99
ORD-2971,2025-11-24,Office Supplies,Binders,West,Corporate,3,68.14,11.86
ORD-4539,2025-11-24,Furniture,Bookcases,East,Home Office,3,963.34,84.22
ORD-1340,2025-11-24,Office Supplies,Pens,East,Consumer,7,269.58,35.71
ORD-3206,2025-11-24,Office Supplies,Pens,West,Consumer,6,122.22,26.34
ORD-2614,2025-11-24,Technology,Monitors,East,Corporate,2,1745.56,275.32
ORD-4646,2025-11-24,Technology,Monitors,Central,Home Office,7,5919.9,1317.27
ORD-2566,2025-11-24,Technology,Accessories,South,Consumer,2,1544.05,197.36
ORD-3778,2025-11-24,Office Supplies,Paper,Central,Corporate,2,86.21,16.43
ORD-6417,2025-11-24,Technology,Laptops,West,Consumer,2,821.81,172.37
ORD-6851,2025-11-24,Office Supplies,Pens,Central,Corporate,6,202.66,35.78
ORD-6897,2025-11-24,Technology,Accessories,West,Consumer,4,1657.48,213.03
ORD-6484,2025-11-24,Technology,Accessories,Central,Corporate,7,6476.72,1311.57
ORD-1182,2025-11-25,Technology,Accessories,East,Consumer,7,5487.94,1034.23
ORD-4475,2025-11-25,Technology,Accessories,East,Corporate,4,3513.01,664.4
ORD-4293,2025-11-25,Technology,Printers,Central,Consumer,4,3580.3,447.9
ORD-4315,2025-11-25,Technology,Printers,East,Consumer,2,1669.11,385.75
ORD-4084,2025-11-25,Technology,Monitors,Central,Consumer,2,1714.39,225.16
ORD-4757,2025-11-25,Technology,Accessories,East,Home Office,3,2883.07,493.99
ORD-2139,2025-11-25,Office Supplies,Paper,West,Corporate,4,82.59,22.56
ORD-6942,2025-11-25,Office Supplies,Pens,East,Corporate,1,32.72,9.24
ORD-3724,2025-11-25,Technology,Laptops,East,Home Office,3,2635.21,462.68
ORD-1726,2025-11-25,Technology,Printers,South,Home Office,2,1772.09,347.59
ORD-6055,2025-11-25,Office Supplies,Binders,East,Corporate,2,70.7,14.18
ORD-1194,2025-11-25,Technology,Printers,West,Consumer,6,2543.34,471.11
ORD-4002,2025-11-26,Office Supplies,Paper,West,Consumer,3,71.92,19.21
ORD-6097,2025-11-26,Office Supplies,Storage,East,Consumer,6,215.09,32.43
ORD-4116,2025-11-26,Technology,Monitors,Central,Home Office,5,4074.81,440.78
ORD-3690,2025-11-26,Technology,Monitors,Central,Home Office,6,4349.65,613.45
ORD-2695,2025-11-26,Technology,Accessories,Central,Consumer,5,3295.15,696.78
ORD-5374,2025-11-26,Furniture,Bookcases,West,Corporate,1,168.75,15.21
ORD-2289,2025-11-26,Furniture,Desks,South,Home Office,2,547.37,85.36
ORD-6518,2025-11-26,Office Supplies,Storage,East,Consumer,2,88.18,11.72
ORD-1447,2025-11-26,Technology,Printers,West,Consumer,4,1734.79,323.98
ORD-4763,2025-11-26,Furniture,Bookcases,Central,Consumer,7,2253.17,222.57
ORD-4136,2025-11-27,Office Supplies,Storage,East,Home Office,2,81.04,13.94
ORD-4340,2025-11-27,Furniture,Bookcases,East,Consumer,5,1393.6,150.68
ORD-1080,2025-11-27,Office Supplies,Binders,East,Consumer,2,75.46,17.76
ORD-1639,2025-11-27,Technology,Monitors,East,Home Office,5,3420.16,743.51
ORD-3835,2025-11-27,Office Supplies,Paper,Central,Consumer,1,45.91,10.51
ORD-2551,2025-11-27,Technology,Accessories,South,Home Office,2,1655.44,195.54
ORD-3300,2025-11-27,Office Supplies,Binders,East,Corporate,1,38.51,7.2
ORD-6122,2025-11-27,Technology,Laptops,Central,Home Office,5,4513.64,607.73
ORD-2423,2025-11-27,Office Supplies,Storage,East,Consumer,5,188.81,44.98
ORD-2436,2025-11-27,Technology,Printers,Central,Corporate,2,1709.1,323.54
ORD-5439,2025-11-27,Furniture,Bookcases,Central,Home Office,5,1371.72,196.96
ORD-5120,2025-11-28,Furniture,Chairs,South,Consumer,3,974.21,139.57
ORD-2120,2025-11-28,Office Supplies,Pens,East,Consumer,7,242.84,39.35
ORD-6814,2025-11-28,Technology,Laptops,East,Home Office,4,3879.82,699.2
ORD-6825,2025-11-28,Furniture,Desks,South,Consumer,1,312.95,43.99
ORD-6385,2025-11-28,Technology,Accessories,Central,Home Office,1,669.01,114.48
ORD-1048,2025-11-28,Office Supplies,Pens,East,Corporate,5,193.57,36.16
ORD-6968,2025-11-28,Furniture,Bookcases,South,Consumer,4,979.96,92.16
ORD-2428,2025-11-28,Technology,Laptops,Central,Corporate,6,4970.51,1118.65
ORD-1955,2025-11-28,Office Supplies,Paper,Central,Home Office,4,182.3,39.27
ORD-2988,2025-11-28,Office Supplies,Pens,Central,Consumer,6,198.98,43.38
ORD-3768,2025-11-29,Technology,Accessories,South,Corporate,3,2195.97,322.7
ORD-1061,2025-11-29,Office Supplies,Storage,Central,Corporate,7,233.33,52.45
ORD-5356,2025-11-29,Technology,Laptops,West,Home Office,6,2075.07,360.15
ORD-4613,2025-11-29,Office Supplies,Binders,East,Corporate,2,91.46,26.12
ORD-4612,2025-11-29,Technology,Laptops,East,Corporate,2,1463.04,187.96
ORD-5477,2025-11-29,Furniture,Bookcases,Central,Corporate,4,1169.54,135.02
ORD-2830,2025-11-29,Office Supplies,Paper,South,Corporate,1,38.77,5.55
ORD-4782,2025-11-29,Office Supplies,Paper,West,Home Office,4,69.91,9.6
ORD-3472,2025-11-29,Office Supplies,Storage,East,Home Office,7,330.37,64.49
ORD-5396,2025-11-29,Furniture,Chairs,East,Consumer,4,1149.98,129.1
ORD-1269,2025-11-29,Office Supplies,Binders,Central,Corporate,4,150.38,35.17
ORD-1149,2025-11-30,Office Supplies,Pens,East,Consumer,7,305.1,86.35
ORD-2812,2025-11-30,Technology,Monitors,South,Home Office,4,3611.02,732.34
ORD-2033,2025-11-30,Furniture,Chairs,Central,Consumer,6,1676.6,160.84
ORD-5253,2025-11-30,Office Supplies,Pens,East,Home Office,3,143.37,30.59
ORD-4749,2025-11-30,Technology,Laptops,Central,Home Office,7,6686.56,891.32
ORD-6194,2025-11-30,Furniture,Tables,West,Home Office,4,598.75,83.62
ORD-4983,2025-11-30,Furniture,Desks,West,Consumer,6,908.73,94.6
ORD-2962,2025-12-01,Office Supplies,Pens,Central,Corporate,7,251.61,64.66
ORD-6301,2025-12-01,Technology,Laptops,West,Consumer,1,235.55,30.68
ORD-2723,2025-12-01,Office Supplies,Storage,South,Home Office,5,193.4,37.24
ORD-1905,2025-12-02,Office Supplies,Pens,South,Consumer,7,254.71,63.56
ORD-3380,2025-12-02,Technology,Monitors,Central,Consumer,2,843.97,161.79
ORD-6076,2025-12-02,Furniture,Bookcases,West,Corporate,2,270.89,25.95
ORD-4221,2025-12-02,Office Supplies,Paper,West,Consumer,3,53.83,13.76
ORD-4601,2025-12-02,Furniture,Desks,East,Corporate,4,1165.33,145.17
ORD-3661,2025-12-02,Furniture,Chairs,East,Corporate,7,2176.6,333.9
ORD-2746,2025-12-02,Technology,Printers,East,Consumer,4,1986.42,281.06
ORD-1701,2025-12-02,Office Supplies,Storage,Central,Home Office,3,126.22,19.23
ORD-5350,2025-12-02,Furniture,Desks,West,Home Office,1,169.37,15.27
ORD-1133,2025-12-03,Office Supplies,Binders,East,Corporate,7,260.29,59.74
ORD-6443,2025-12-03,Technology,Accessories,South,Home Office,1,369.98,55.4
ORD-1176,2025-12-03,Technology,Accessories,Central,Corporate,5,1892.26,427.82
ORD-1021,2025-12-03,Technology,Monitors,Central,Consumer,5,2056.36,231.64
ORD-6644,2025-12-03,Office Supplies,Pens,West,Consumer,7,119.26,25.11
ORD-2942,2025-12-03,Technology,Printers,West,Consumer,7,1733.18,217.94
ORD-2228,2025-12-03,Technology,Printers,East,Consumer,1,427.74,65.77
ORD-6457,2025-12-03,Technology,Laptops,West,Consumer,5,982.73,195.01
ORD-6861,2025-12-03,Technology,Laptops,West,Home Office,7,1794.66,299.94
ORD-4869,2025-12-03,Technology,Printers,Central,Corporate,2,1001.81,211.25
ORD-1369,2025-12-04,Office Supplies,Pens,West,Consumer,7,160.72,40.78
ORD-6845,2025-12-04,Furniture,Bookcases,South,Corporate,1,247.52,26.93
ORD-3301,2025-12-04,Office Supplies,Pens,East,Home Office,3,117.56,28.95
ORD-3104,2025-12-04,Office Supplies,Pens,East,Consumer,2,70.54,17.63
ORD-2433,2025-12-04,Technology,Laptops,Central,Home Office,1,439.35,82.56
ORD-6781,2025-12-04,Office Supplies,Pens,East,Home Office,4,135.94,-14.88
ORD-2920,2025-12-04,Office Supplies,Pens,West,Home Office,5,116.93,27.44
ORD-1260,2025-12-04,Technology,Monitors,Central,Consumer,6,3013.56,546.51
ORD-5107,2025-12-04,Office Supplies,Binders,Central,Corporate,4,135.27,20.01
ORD-2322,2025-12-05,Furniture,Desks,South,Corporate,4,1203.25,99.42
ORD-4090,2025-12-05,Technology,Printers,South,Corporate,2,1003.64,112.73
ORD-1585,2025-12-05,Furniture,Chairs,Central,Consumer,6,2030.71,221.36
ORD-5276,2025-12-05,Technology,Monitors,South,Corporate,5,2340.19,492.16
ORD-4464,2025-12-05,Technology,Printers,East,Consumer,7,3200.2,475.99
ORD-4914,2025-12-05,Office Supplies,Paper,West,Home Office,5,110.28,28.56
ORD-1897,2025-12-05,Technology,Monitors,East,Home Office,4,1826.26,312.9
ORD-1313,2025-12-05,Technology,Monitors,South,Consumer,4,1639.04,241.52
ORD-2773,2025-12-05,Technology,Printers,South,Home Office,2,790.3,89.58
ORD-4231,2025-12-05,Furniture,Desks,East,Home Office,4,1083.21,79.9
ORD-4552,2025-12-05,Furniture,Tables,South,Consumer,5,1290.37,142.9
ORD-6073,2025-12-05,Technology,Monitors,South,Corporate,7,2576.88,305.37
ORD-3779,2025-12-05,Technology,Accessories,Central,Consumer,2,1069.08,153.88
ORD-3614,2025-12-06,Office Supplies,Paper,South,Corporate,5,177.4,32.28
ORD-2087,2025-12-07,Technology,Laptops,East,Corporate,4,1850.02,279.8
ORD-2259,2025-12-07,Office Supplies,Pens,West,Home Office,1,19.81,4.47
ORD-1896,2025-12-07,Technology,Laptops,Central,Consumer,3,1386.42,215.59
ORD-4370,2025-12-07,Technology,Laptops,East,Corporate,2,1044.97,188.72
ORD-3046,2025-12-08,Office Supplies,Storage,East,Home Office,6,211.61,37.56
ORD-3226,2025-12-08,Office Supplies,Paper,South,Home Office,2,88.8,19.08
ORD-2070,2025-12-08,Office Supplies,Paper,Central,Home Office,2,86.03,21.79
ORD-5585,2025-12-08,Furniture,Desks,South,Consumer,3,933.6,103.74
ORD-2283,2025-12-08,Technology,Printers,East,Home Office,1,463.85,58.99
ORD-4269,2025-12-08,Furniture,Tables,Central,Consumer,7,2232.35,203.82
ORD-3000,2025-12-08,Technology,Printers,West,Home Office,7,1847.35,339.46
ORD-1569,2025-12-08,Furniture,Bookcases,West,Home Office,7,862.16,112.19
ORD-5938,2025-12-08,Office Supplies,Pens,Central,Home Office,6,192.01,26.93
ORD-5776,2025-12-08,Technology,Monitors,South,Consumer,6,3039.26,332.23
ORD-2286,2025-12-08,Office Supplies,Pens,West,Consumer,5,86.68,18.96
ORD-1968,2025-12-08,Furniture,Bookcases,Central,Corporate,4,1363.73,212.38
ORD-4715,2025-12-08,Office Supplies,Binders,East,Home Office,2,80.38,13.37
ORD-6452,2025-12-08,Technology,Printers,East,Consumer,4,1713.19,303.25
ORD-6174,2025-12-09,Office Supplies,Storage,South,Home Office,4,133.09,23.8
ORD-1070,2025-12-09,Technology,Laptops,South,Corporate,5,2693.67,315.96
ORD-2856,2025-12-09,Furniture,Bookcases,East,Corporate,6,1862.9,165.58
ORD-1929,2025-12-09,Technology,Laptops,South,Corporate,6,2480.99,310.34
ORD-4238,2025-12-10,Technology,Accessories,South,Corporate,3,1417.25,250.69
ORD-2519,2025-12-10,Office Supplies,Paper,Central,Consumer,6,259.49,44.69
ORD-3584,2025-12-10,Office Supplies,Pens,Central,Home Office,2,71.63,-6.28
ORD-4562,2025-12-10,Technology,Laptops,West,Consumer,6,1154.63,257.9
ORD-4825,2025-12-10,Technology,Printers,South,Home Office,3,1616.32,328.62
ORD-5921,2025-12-10,Office Supplies,Paper,West,Home Office,7,116.3,24.09
ORD-6397,2025-12-11,Office Supplies,Paper,East,Corporate,1,33.53,5.9
ORD-5313,2025-12-11,Technology,Accessories,South,Corporate,7,3371.12,519.79
ORD-1088,2025-12-11,Office Supplies,Pens,Central,Consumer,5,187.61,25.68
ORD-1031,2025-12-11,Technology,Monitors,West,Corporate,6,1322.15,308.46
ORD-5258,2025-12-11,Furniture,Desks,Central,Consumer,6,1889.14,286.21
ORD-2553,2025-12-11,Technology,Laptops,South,Consumer,7,3213.94,464.58
ORD-2859,2025-12-11,Technology,Printers,Central,Consumer,1,515.65,60.05
ORD-3781,2025-12-11,Furniture,Bookcases,West,Consumer,4,575.24,89.29
ORD-2481,2025-12-11,Technology,Printers,West,Home Office,7,1563.27,184.3
ORD-4316,2025-12-12,Technology,Accessories,South,Corporate,4,1557.24,342.98
ORD-3410,2025-12-12,Technology,Monitors,Central,Home Office,3,1361.91,212.29
ORD-4171,2025-12-12,Technology,Monitors,Central,Corporate,5,2645.31,487.02
ORD-6831,2025-12-13,Furniture,Chairs,South,Corporate,1,338.15,29.15
ORD-1750,2025-12-13,Furniture,Desks,South,Consumer,6,1489.28,219.49
ORD-6185,2025-12-13,Technology,Laptops,South,Corporate,2,1076.2,204.68
ORD-2218,2025-12-13,Furniture,Chairs,Central,Corporate,5,1648.94,134.44
ORD-4399,2025-12-13,Office Supplies,Paper,West,Corporate,4,72.25,18.08
ORD-4383,2025-12-13,Office Supplies,Binders,South,Corporate,7,236.27,63.3
ORD-4900,2025-12-13,Office Supplies,Pens,South,Consumer,6,260.32,-61.42
ORD-2353,2025-12-14,Technology,Monitors,South,Consumer,2,909.13,181.22
ORD-1702,2025-12-14,Furniture,Tables,West,Consumer,5,892.73,91.96
ORD-3944,2025-12-14,Office Supplies,Storage,West,Corporate,3,61.5,-7.36
ORD-4560,2025-12-14,Office Supplies,Paper,East,Corporate,5,220.87,46.36
ORD-4920,2025-12-14,Technology,Laptops,Central,Consumer,2,856.64,172.34
ORD-2278,2025-12-14,Office Supplies,Paper,East,Home Office,1,37.06,6.66
ORD-1902,2025-12-15,Furniture,Tables,South,Corporate,1,255.9,30.18
ORD-4495,2025-12-15,Office Supplies,Paper,West,Corporate,5,88.45,18.51
ORD-1788,2025-12-15,Furniture,Desks,Central,Consumer,4,1132.67,132.56
ORD-3526,2025-12-15,Technology,Printers,West,Corporate,4,864.11,132.93
ORD-5445,2025-12-15,Furniture,Tables,Central,Consumer,2,651.29,92.16
ORD-3351,2025-12-16,Furniture,Bookcases,East,Home Office,2,582.8,67.98
ORD-6082,2025-12-16,Technology,Laptops,West,Corporate,6,1157.82,196.99
ORD-4033,2025-12-16,Furniture,Bookcases,West,Corporate,2,349.4,51.13
ORD-3619,2025-12-16,Office Supplies,Pens,West,Home Office,2,44.21,10.41
ORD-1723,2025-12-16,Office Supplies,Storage,Central,Corporate,6,283.44,56.86
ORD-1868,2025-12-16,Office Supplies,Binders,South,Corporate,5,206.37,32.88
ORD-4311,2025-12-16,Office Supplies,Paper,South,Home Office,1,43.04,-9.05
ORD-5916,2025-12-16,Technology,Accessories,West,Home Office,4,901.48,179.73
ORD-5555,2025-12-16,Technology,Accessories,South,Home Office,5,2435.09,265.93
ORD-4220,2025-12-16,Technology,Printers,South,Consumer,5,2656.27,475.1
ORD-1765,2025-12-17,Furniture,Bookcases,West,Consumer,4,581.99,60.62
ORD-4060,2025-12-17,Technology,Monitors,East,Home Office,7,3620.41,650.37
ORD-3817,2025-12-17,Office Supplies,Pens,West,Consumer,6,97.47,16.15
ORD-6797,2025-12-17,Furniture,Desks,South,Corporate,6,1692.03,169.56
ORD-6410,2025-12-17,Office Supplies,Pens,East,Home Office,6,203.32,57.46
ORD-3866,2025-12-17,Office Supplies,Paper,West,Consumer,6,96.37,16.76
ORD-1371,2025-12-17,Furniture,Tables,West,Home Office,7,997.64,95.78
ORD-1417,2025-12-17,Furniture,Bookcases,East,Consumer,2,622.45,48.64
ORD-3971,2025-12-18,Furniture,Desks,South,Corporate,5,1790.1,191.68
ORD-3992,2025-12-18,Office Supplies,Pens,West,Home Office,3,51.72,-9.73
ORD-6903,2025-12-18,Furniture,Chairs,South,Home Office,6,1506.91,209.79
ORD-2168,2025-12-18,Furniture,Desks,Central,Home Office,1,317.76,31.92
ORD-3836,2025-12-18,Office Supplies,Storage,South,Home Office,7,239.56,45.82
ORD-6728,2025-12-19,Technology,Printers,West,Corporate,3,809.33,152.18
ORD-3512,2025-12-19,Office Supplies,Storage,East,Consumer,7,281.93,68.88
ORD-3734,2025-12-19,Furniture,Tables,Central,Consumer,1,291.93,37.94
ORD-4745,2025-12-19,Furniture,Tables,West,Corporate,7,849.58,100.41
ORD-2541,2025-12-19,Technology,Monitors,East,Consumer,5,2513.71,563.64
ORD-3208,2025-12-19,Office Supplies,Paper,Central,Consumer,7,239.36,36.97
ORD-2122,2025-12-19,Office Supplies,Binders,Central,Corporate,1,45.53,6.29
ORD-4271,2025-12-19,Technology,Monitors,West,Home Office,7,1424.19,162.49
ORD-4057,2025-12-19,Office Supplies,Storage,South,Corporate,2,92.76,16.33
ORD-4088,2025-12-20,Office Supplies,Binders,West,Consumer,3,61.97,10.15
ORD-2851,2025-12-20,Technology,Accessories,West,Corporate,1,210.51,32.81
ORD-6102,2025-12-20,Office Supplies,Binders,Central,Home Office,1,33.12,7.83
ORD-2268,2025-12-20,Technology,Laptops,East,Home Office,6,2794.72,324.38
ORD-1074,2025-12-20,Office Supplies,Paper,East,Consumer,5,225.1,35.35
ORD-6013,2025-12-20,Office Supplies,Storage,East,Corporate,6,245.06,58.3
ORD-2769,2025-12-20,Office Supplies,Paper,East,Corporate,7,228.79,34.23
ORD-2677,2025-12-20,Office Supplies,Pens,South,Consumer,6,266.06,-49.0
ORD-3087,2025-12-20,Technology,Printers,East,Consumer,4,1492.04,325.8
ORD-1211,2025-12-21,Technology,Laptops,South,Corporate,5,2376.0,323.88
ORD-5456,2025-12-21,Office Supplies,Pens,Central,Corporate,3,139.02,34.9
ORD-1696,2025-12-21,Furniture,Tables,South,Corporate,4,1259.99,158.28
ORD-2174,2025-12-21,Technology,Accessories,East,Consumer,7,3426.52,739.02
ORD-3412,2025-12-21,Office Supplies,Paper,East,Home Office,6,239.0,35.61
ORD-3855,2025-12-22,Office Supplies,Storage,Central,Home Office,3,109.0,18.69
ORD-4438,2025-12-22,Office Supplies,Binders,West,Home Office,3,61.72,14.06
ORD-4504,2025-12-22,Technology,Monitors,Central,Consumer,3,1110.01,220.16
ORD-6474,2025-12-22,Office Supplies,Storage,Central,Home Office,2,83.01,13.18
ORD-1162,2025-12-23,Office Supplies,Storage,Central,Consumer,7,249.82,37.61
ORD-2392,2025-12-23,Technology,Accessories,Central,Consumer,7,3067.67,459.17
ORD-3686,2025-12-23,Technology,Accessories,South,Consumer,1,511.61,103.37
ORD-3827,2025-12-23,Furniture,Desks,South,Home Office,1,305.15,24.25
ORD-3304,2025-12-23,Furniture,Chairs,East,Consumer,5,1592.3,124.82
ORD-3784,2025-12-23,Technology,Monitors,South,Home Office,7,2989.57,599.1
ORD-2019,2025-12-23,Technology,Monitors,East,Home Office,5,2252.82,332.98
ORD-2422,2025-12-23,Technology,Monitors,East,Consumer,4,1790.65,376.86
ORD-5757,2025-12-24,Furniture,Bookcases,South,Home Office,1,284.88,24.5
ORD-2547,2025-12-24,Office Supplies,Binders,Central,Corporate,6,205.79,27.39
ORD-5034,2025-12-24,Furniture,Desks,Central,Consumer,3,861.35,73.73
ORD-6197,2025-12-24,Office Supplies,Pens,East,Home Office,7,260.86,64.49
ORD-3985,2025-12-24,Furniture,Chairs,East,Home Office,5,1553.54,168.76
ORD-6803,2025-12-24,Office Supplies,Storage,Central,Corporate,7,226.75,52.6
ORD-2204,2025-12-24,Technology,Printers,South,Consumer,2,969.66,109.58
ORD-3028,2025-12-24,Technology,Printers,Central,Consumer,6,2549.98,517.29
ORD-6209,2025-12-25,Office Supplies,Binders,West,Home Office,7,126.32,17.85
ORD-6589,2025-12-25,Office Supplies,Storage,South,Corporate,7,283.58,63.74
ORD-6524,2025-12-25,Technology,Accessories,East,Corporate,5,2257.43,288.62
ORD-2609,2025-12-25,Technology,Monitors,West,Home Office,6,1518.0,331.98
ORD-1715,2025-12-25,Office Supplies,Pens,East,Consumer,2,75.06,-9.81
ORD-6030,2025-12-25,Office Supplies,Binders,Central,Corporate,6,242.08,61.62
ORD-2190,2025-12-25,Technology,Laptops,Central,Home Office,4,1794.4,392.91
ORD-3587,2025-12-25,Technology,Printers,South,Consumer,1,423.45,70.13
ORD-3687,2025-12-25,Office Supplies,Binders,East,Corporate,6,259.25,56.09
ORD-5878,2025-12-25,Office Supplies,Paper,East,Home Office,4,169.75,29.91
ORD-4151,2025-12-25,Technology,Laptops,West,Consumer,3,803.34,186.8
ORD-5405,2025-12-25,Technology,Laptops,West,Corporate,3,589.7,66.4
ORD-3641,2025-12-26,Furniture,Desks,South,Consumer,5,1496.46,215.47
ORD-3716,2025-12-26,Office Supplies,Pens,West,Home Office,4,64.98,10.06
ORD-6924,2025-12-26,Technology,Monitors,East,Home Office,1,411.3,62.26
ORD-3439,2025-12-26,Furniture,Chairs,East,Home Office,1,281.84,34.11
ORD-6231,2025-12-26,Technology,Laptops,South,Home Office,5,2590.07,406.27
ORD-6027,2025-12-26,Furniture,Desks,West,Consumer,6,785.06,118.04
ORD-2510,2025-12-26,Technology,Monitors,West,Home Office,3,707.22,97.07
ORD-3290,2025-12-27,Technology,Laptops,East,Consumer,3,1369.17,295.85
ORD-2067,2025-12-27,Furniture,Tables,South,Consumer,1,245.18,24.03
ORD-3063,2025-12-27,Furniture,Desks,Central,Home Office,6,2022.61,203.51
ORD-2470,2025-12-27,Furniture,Bookcases,South,Consumer,5,1435.67,187.26
ORD-1883,2025-12-27,Furniture,Chairs,East,Corporate,2,700.02,97.49
ORD-6453,2025-12-27,Technology,Accessories,Central,Corporate,7,2963.23,560.85
ORD-5982,2025-12-27,Technology,Printers,West,Consumer,2,467.49,55.74
ORD-6087,2025-12-27,Technology,Monitors,Central,Consumer,7,3621.69,644.51
ORD-1464,2025-12-28,Technology,Printers,East,Consumer,2,972.31,130.0
ORD-2777,2025-12-28,Office Supplies,Storage,West,Home Office,6,143.67,21.5
ORD-6218,2025-12-28,Office Supplies,Pens,East,Consumer,5,161.6,36.94
ORD-2069,2025-12-28,Technology,Printers,Central,Home Office,2,959.08,167.39
ORD-3495,2025-12-28,Technology,Accessories,South,Corporate,1,521.26,105.19
ORD-6826,2025-12-28,Technology,Monitors,East,Home Office,2,913.76,181.09
ORD-4389,2025-12-28,Office Supplies,Binders,Central,Corporate,7,277.85,76.83
ORD-1374,2025-12-28,Technology,Laptops,East,Consumer,1,413.72,57.21
ORD-2395,2025-12-28,Office Supplies,Storage,West,Consumer,6,100.23,24.53
ORD-5043,2025-12-28,Office Supplies,Binders,South,Corporate,6,276.77,73.48
ORD-1100,2025-12-28,Office Supplies,Storage,South,Home Office,4,128.34,26.64
ORD-4397,2025-12-28,Furniture,Bookcases,Central,Home Office,1,348.57,49.06
ORD-4578,2025-12-29,Office Supplies,Storage,South,Corporate,4,149.29,33.04
ORD-1509,2025-12-29,Technology,Printers,South,Consumer,5,1917.07,212.46
ORD-4484,2025-12-29,Office Supplies,Binders,Central,Consumer,2,78.82,15.45
ORD-1157,2025-12-29,Furniture,Desks,East,Consumer,6,1785.51,222.67
ORD-3809,2025-12-29,Office Supplies,Pens,West,Consumer,1,23.93,6.3
ORD-2555,2025-12-29,Office Supplies,Pens,West,Corporate,6,131.5,26.58
ORD-3931,2025-12-29,Technology,Accessories,West,Consumer,4,932.06,116.55
ORD-2195,2025-12-29,Office Supplies,Storage,Central,Corporate,6,278.52,53.12
ORD-6559,2025-12-29,Office Supplies,Binders,West,Consumer,7,118.13,28.64
ORD-4532,2025-12-30,Technology,Laptops,South,Consumer,6,2732.15,479.83
ORD-1151,2025-12-30,Furniture,Desks,West,Home Office,6,763.39,101.84
ORD-6077,2025-12-30,Technology,Monitors,West,Corporate,4,832.16,143.75
ORD-4546,2025-12-30,Furniture,Desks,East,Corporate,6,1658.39,153.81
ORD-5705,2025-12-30,Technology,Accessories,Central,Consumer,5,2562.59,327.99
ORD-2016,2025-12-30,Technology,Laptops,East,Home Office,4,1558.13,224.27
ORD-3501,2025-12-30,Technology,Printers,South,Corporate,1,434.49,78.57
ORD-4323,2025-12-30,Technology,Monitors,East,Corporate,7,3041.05,664.83
